scenario_id,bucket,timestamp_utc,phase,metric,value,status,synthetic,generator_seed
normal_control,0,2026-01-05T00:00:00Z,baseline,auth_failures,103.0,complete,True,20260903
normal_control,1,2026-01-05T01:00:00Z,baseline,auth_failures,78.0,complete,True,20260903
normal_control,2,2026-01-05T02:00:00Z,baseline,auth_failures,70.0,complete,True,20260903
normal_control,3,2026-01-05T03:00:00Z,baseline,auth_failures,90.0,complete,True,20260903
normal_control,4,2026-01-05T04:00:00Z,baseline,auth_failures,80.0,complete,True,20260903
normal_control,5,2026-01-05T05:00:00Z,baseline,auth_failures,98.0,complete,True,20260903
normal_control,6,2026-01-05T06:00:00Z,baseline,auth_failures,105.0,complete,True,20260903
normal_control,7,2026-01-05T07:00:00Z,baseline,auth_failures,101.0,complete,True,20260903
normal_control,8,2026-01-05T08:00:00Z,baseline,auth_failures,117.0,complete,True,20260903
normal_control,9,2026-01-05T09:00:00Z,baseline,auth_failures,138.0,complete,True,20260903
normal_control,10,2026-01-05T10:00:00Z,baseline,auth_failures,144.0,complete,True,20260903
normal_control,11,2026-01-05T11:00:00Z,baseline,auth_failures,135.0,complete,True,20260903
normal_control,12,2026-01-05T12:00:00Z,baseline,auth_failures,164.0,complete,True,20260903
normal_control,13,2026-01-05T13:00:00Z,baseline,auth_failures,164.0,complete,True,20260903
normal_control,14,2026-01-05T14:00:00Z,baseline,auth_failures,138.0,complete,True,20260903
normal_control,15,2026-01-05T15:00:00Z,baseline,auth_failures,139.0,complete,True,20260903
normal_control,16,2026-01-05T16:00:00Z,baseline,auth_failures,152.0,complete,True,20260903
normal_control,17,2026-01-05T17:00:00Z,baseline,auth_failures,157.0,complete,True,20260903
normal_control,18,2026-01-05T18:00:00Z,baseline,auth_failures,122.0,complete,True,20260903
normal_control,19,2026-01-05T19:00:00Z,baseline,auth_failures,115.0,complete,True,20260903
normal_control,20,2026-01-05T20:00:00Z,baseline,auth_failures,145.0,complete,True,20260903
normal_control,21,2026-01-05T21:00:00Z,baseline,auth_failures,109.0,complete,True,20260903
normal_control,22,2026-01-05T22:00:00Z,baseline,auth_failures,110.0,complete,True,20260903
normal_control,23,2026-01-05T23:00:00Z,baseline,auth_failures,103.0,complete,True,20260903
normal_control,24,2026-01-06T00:00:00Z,baseline,auth_failures,92.0,complete,True,20260903
normal_control,25,2026-01-06T01:00:00Z,baseline,auth_failures,93.0,complete,True,20260903
normal_control,26,2026-01-06T02:00:00Z,baseline,auth_failures,80.0,complete,True,20260903
normal_control,27,2026-01-06T03:00:00Z,baseline,auth_failures,93.0,complete,True,20260903
normal_control,28,2026-01-06T04:00:00Z,baseline,auth_failures,93.0,complete,True,20260903
normal_control,29,2026-01-06T05:00:00Z,baseline,auth_failures,99.0,complete,True,20260903
normal_control,30,2026-01-06T06:00:00Z,baseline,auth_failures,104.0,complete,True,20260903
normal_control,31,2026-01-06T07:00:00Z,baseline,auth_failures,118.0,complete,True,20260903
normal_control,32,2026-01-06T08:00:00Z,baseline,auth_failures,137.0,complete,True,20260903
normal_control,33,2026-01-06T09:00:00Z,baseline,auth_failures,119.0,complete,True,20260903
normal_control,34,2026-01-06T10:00:00Z,baseline,auth_failures,123.0,complete,True,20260903
normal_control,35,2026-01-06T11:00:00Z,baseline,auth_failures,151.0,complete,True,20260903
normal_control,36,2026-01-06T12:00:00Z,baseline,auth_failures,153.0,complete,True,20260903
normal_control,37,2026-01-06T13:00:00Z,baseline,auth_failures,174.0,complete,True,20260903
normal_control,38,2026-01-06T14:00:00Z,baseline,auth_failures,159.0,complete,True,20260903
normal_control,39,2026-01-06T15:00:00Z,baseline,auth_failures,135.0,complete,True,20260903
normal_control,40,2026-01-06T16:00:00Z,baseline,auth_failures,144.0,complete,True,20260903
normal_control,41,2026-01-06T17:00:00Z,baseline,auth_failures,155.0,complete,True,20260903
normal_control,42,2026-01-06T18:00:00Z,baseline,auth_failures,136.0,complete,True,20260903
normal_control,43,2026-01-06T19:00:00Z,baseline,auth_failures,129.0,complete,True,20260903
normal_control,44,2026-01-06T20:00:00Z,baseline,auth_failures,100.0,complete,True,20260903
normal_control,45,2026-01-06T21:00:00Z,baseline,auth_failures,100.0,complete,True,20260903
normal_control,46,2026-01-06T22:00:00Z,baseline,auth_failures,89.0,complete,True,20260903
normal_control,47,2026-01-06T23:00:00Z,baseline,auth_failures,101.0,complete,True,20260903
normal_control,48,2026-01-07T00:00:00Z,target,auth_failures,84,complete,True,20260903
normal_control,0,2026-01-05T00:00:00Z,baseline,unique_failed_accounts,28.0,complete,True,20260903
normal_control,1,2026-01-05T01:00:00Z,baseline,unique_failed_accounts,29.0,complete,True,20260903
normal_control,2,2026-01-05T02:00:00Z,baseline,unique_failed_accounts,25.0,complete,True,20260903
normal_control,3,2026-01-05T03:00:00Z,baseline,unique_failed_accounts,27.0,complete,True,20260903
normal_control,4,2026-01-05T04:00:00Z,baseline,unique_failed_accounts,32.0,complete,True,20260903
normal_control,5,2026-01-05T05:00:00Z,baseline,unique_failed_accounts,27.0,complete,True,20260903
normal_control,6,2026-01-05T06:00:00Z,baseline,unique_failed_accounts,32.0,complete,True,20260903
normal_control,7,2026-01-05T07:00:00Z,baseline,unique_failed_accounts,26.0,complete,True,20260903
normal_control,8,2026-01-05T08:00:00Z,baseline,unique_failed_accounts,34.0,complete,True,20260903
normal_control,9,2026-01-05T09:00:00Z,baseline,unique_failed_accounts,33.0,complete,True,20260903
normal_control,10,2026-01-05T10:00:00Z,baseline,unique_failed_accounts,40.0,complete,True,20260903
normal_control,11,2026-01-05T11:00:00Z,baseline,unique_failed_accounts,38.0,complete,True,20260903
normal_control,12,2026-01-05T12:00:00Z,baseline,unique_failed_accounts,39.0,complete,True,20260903
normal_control,13,2026-01-05T13:00:00Z,baseline,unique_failed_accounts,36.0,complete,True,20260903
normal_control,14,2026-01-05T14:00:00Z,baseline,unique_failed_accounts,50.0,complete,True,20260903
normal_control,15,2026-01-05T15:00:00Z,baseline,unique_failed_accounts,40.0,complete,True,20260903
normal_control,16,2026-01-05T16:00:00Z,baseline,unique_failed_accounts,43.0,complete,True,20260903
normal_control,17,2026-01-05T17:00:00Z,baseline,unique_failed_accounts,39.0,complete,True,20260903
normal_control,18,2026-01-05T18:00:00Z,baseline,unique_failed_accounts,40.0,complete,True,20260903
normal_control,19,2026-01-05T19:00:00Z,baseline,unique_failed_accounts,40.0,complete,True,20260903
normal_control,20,2026-01-05T20:00:00Z,baseline,unique_failed_accounts,36.0,complete,True,20260903
normal_control,21,2026-01-05T21:00:00Z,baseline,unique_failed_accounts,32.0,complete,True,20260903
normal_control,22,2026-01-05T22:00:00Z,baseline,unique_failed_accounts,28.0,complete,True,20260903
normal_control,23,2026-01-05T23:00:00Z,baseline,unique_failed_accounts,30.0,complete,True,20260903
normal_control,24,2026-01-06T00:00:00Z,baseline,unique_failed_accounts,24.0,complete,True,20260903
normal_control,25,2026-01-06T01:00:00Z,baseline,unique_failed_accounts,27.0,complete,True,20260903
normal_control,26,2026-01-06T02:00:00Z,baseline,unique_failed_accounts,25.0,complete,True,20260903
normal_control,27,2026-01-06T03:00:00Z,baseline,unique_failed_accounts,26.0,complete,True,20260903
normal_control,28,2026-01-06T04:00:00Z,baseline,unique_failed_accounts,25.0,complete,True,20260903
normal_control,29,2026-01-06T05:00:00Z,baseline,unique_failed_accounts,29.0,complete,True,20260903
normal_control,30,2026-01-06T06:00:00Z,baseline,unique_failed_accounts,30.0,complete,True,20260903
normal_control,31,2026-01-06T07:00:00Z,baseline,unique_failed_accounts,31.0,complete,True,20260903
normal_control,32,2026-01-06T08:00:00Z,baseline,unique_failed_accounts,33.0,complete,True,20260903
normal_control,33,2026-01-06T09:00:00Z,baseline,unique_failed_accounts,28.0,complete,True,20260903
normal_control,34,2026-01-06T10:00:00Z,baseline,unique_failed_accounts,36.0,complete,True,20260903
normal_control,35,2026-01-06T11:00:00Z,baseline,unique_failed_accounts,40.0,complete,True,20260903
normal_control,36,2026-01-06T12:00:00Z,baseline,unique_failed_accounts,41.0,complete,True,20260903
normal_control,37,2026-01-06T13:00:00Z,baseline,unique_failed_accounts,47.0,complete,True,20260903
normal_control,38,2026-01-06T14:00:00Z,baseline,unique_failed_accounts,44.0,complete,True,20260903
normal_control,39,2026-01-06T15:00:00Z,baseline,unique_failed_accounts,45.0,complete,True,20260903
normal_control,40,2026-01-06T16:00:00Z,baseline,unique_failed_accounts,43.0,complete,True,20260903
normal_control,41,2026-01-06T17:00:00Z,baseline,unique_failed_accounts,38.0,complete,True,20260903
normal_control,42,2026-01-06T18:00:00Z,baseline,unique_failed_accounts,36.0,complete,True,20260903
normal_control,43,2026-01-06T19:00:00Z,baseline,unique_failed_accounts,35.0,complete,True,20260903
normal_control,44,2026-01-06T20:00:00Z,baseline,unique_failed_accounts,34.0,complete,True,20260903
normal_control,45,2026-01-06T21:00:00Z,baseline,unique_failed_accounts,34.0,complete,True,20260903
normal_control,46,2026-01-06T22:00:00Z,baseline,unique_failed_accounts,34.0,complete,True,20260903
normal_control,47,2026-01-06T23:00:00Z,baseline,unique_failed_accounts,32.0,complete,True,20260903
normal_control,48,2026-01-07T00:00:00Z,target,unique_failed_accounts,29,complete,True,20260903
normal_control,0,2026-01-05T00:00:00Z,baseline,unique_source_ips,220.0,complete,True,20260903
normal_control,1,2026-01-05T01:00:00Z,baseline,unique_source_ips,248.0,complete,True,20260903
normal_control,2,2026-01-05T02:00:00Z,baseline,unique_source_ips,216.0,complete,True,20260903
normal_control,3,2026-01-05T03:00:00Z,baseline,unique_source_ips,196.0,complete,True,20260903
normal_control,4,2026-01-05T04:00:00Z,baseline,unique_source_ips,221.0,complete,True,20260903
normal_control,5,2026-01-05T05:00:00Z,baseline,unique_source_ips,192.0,complete,True,20260903
normal_control,6,2026-01-05T06:00:00Z,baseline,unique_source_ips,217.0,complete,True,20260903
normal_control,7,2026-01-05T07:00:00Z,baseline,unique_source_ips,230.0,complete,True,20260903
normal_control,8,2026-01-05T08:00:00Z,baseline,unique_source_ips,253.0,complete,True,20260903
normal_control,9,2026-01-05T09:00:00Z,baseline,unique_source_ips,222.0,complete,True,20260903
normal_control,10,2026-01-05T10:00:00Z,baseline,unique_source_ips,330.0,complete,True,20260903
normal_control,11,2026-01-05T11:00:00Z,baseline,unique_source_ips,272.0,complete,True,20260903
normal_control,12,2026-01-05T12:00:00Z,baseline,unique_source_ips,298.0,complete,True,20260903
normal_control,13,2026-01-05T13:00:00Z,baseline,unique_source_ips,276.0,complete,True,20260903
normal_control,14,2026-01-05T14:00:00Z,baseline,unique_source_ips,305.0,complete,True,20260903
normal_control,15,2026-01-05T15:00:00Z,baseline,unique_source_ips,270.0,complete,True,20260903
normal_control,16,2026-01-05T16:00:00Z,baseline,unique_source_ips,306.0,complete,True,20260903
normal_control,17,2026-01-05T17:00:00Z,baseline,unique_source_ips,267.0,complete,True,20260903
normal_control,18,2026-01-05T18:00:00Z,baseline,unique_source_ips,298.0,complete,True,20260903
normal_control,19,2026-01-05T19:00:00Z,baseline,unique_source_ips,290.0,complete,True,20260903
normal_control,20,2026-01-05T20:00:00Z,baseline,unique_source_ips,270.0,complete,True,20260903
normal_control,21,2026-01-05T21:00:00Z,baseline,unique_source_ips,229.0,complete,True,20260903
normal_control,22,2026-01-05T22:00:00Z,baseline,unique_source_ips,232.0,complete,True,20260903
normal_control,23,2026-01-05T23:00:00Z,baseline,unique_source_ips,216.0,complete,True,20260903
normal_control,24,2026-01-06T00:00:00Z,baseline,unique_source_ips,225.0,complete,True,20260903
normal_control,25,2026-01-06T01:00:00Z,baseline,unique_source_ips,191.0,complete,True,20260903
normal_control,26,2026-01-06T02:00:00Z,baseline,unique_source_ips,207.0,complete,True,20260903
normal_control,27,2026-01-06T03:00:00Z,baseline,unique_source_ips,175.0,complete,True,20260903
normal_control,28,2026-01-06T04:00:00Z,baseline,unique_source_ips,216.0,complete,True,20260903
normal_control,29,2026-01-06T05:00:00Z,baseline,unique_source_ips,192.0,complete,True,20260903
normal_control,30,2026-01-06T06:00:00Z,baseline,unique_source_ips,239.0,complete,True,20260903
normal_control,31,2026-01-06T07:00:00Z,baseline,unique_source_ips,268.0,complete,True,20260903
normal_control,32,2026-01-06T08:00:00Z,baseline,unique_source_ips,270.0,complete,True,20260903
normal_control,33,2026-01-06T09:00:00Z,baseline,unique_source_ips,249.0,complete,True,20260903
normal_control,34,2026-01-06T10:00:00Z,baseline,unique_source_ips,281.0,complete,True,20260903
normal_control,35,2026-01-06T11:00:00Z,baseline,unique_source_ips,326.0,complete,True,20260903
normal_control,36,2026-01-06T12:00:00Z,baseline,unique_source_ips,291.0,complete,True,20260903
normal_control,37,2026-01-06T13:00:00Z,baseline,unique_source_ips,332.0,complete,True,20260903
normal_control,38,2026-01-06T14:00:00Z,baseline,unique_source_ips,324.0,complete,True,20260903
normal_control,39,2026-01-06T15:00:00Z,baseline,unique_source_ips,327.0,complete,True,20260903
normal_control,40,2026-01-06T16:00:00Z,baseline,unique_source_ips,285.0,complete,True,20260903
normal_control,41,2026-01-06T17:00:00Z,baseline,unique_source_ips,256.0,complete,True,20260903
normal_control,42,2026-01-06T18:00:00Z,baseline,unique_source_ips,280.0,complete,True,20260903
normal_control,43,2026-01-06T19:00:00Z,baseline,unique_source_ips,254.0,complete,True,20260903
normal_control,44,2026-01-06T20:00:00Z,baseline,unique_source_ips,266.0,complete,True,20260903
normal_control,45,2026-01-06T21:00:00Z,baseline,unique_source_ips,264.0,complete,True,20260903
normal_control,46,2026-01-06T22:00:00Z,baseline,unique_source_ips,198.0,complete,True,20260903
normal_control,47,2026-01-06T23:00:00Z,baseline,unique_source_ips,201.0,complete,True,20260903
normal_control,48,2026-01-07T00:00:00Z,target,unique_source_ips,207,complete,True,20260903
normal_control,0,2026-01-05T00:00:00Z,baseline,successful_logins,1064.0,complete,True,20260903
normal_control,1,2026-01-05T01:00:00Z,baseline,successful_logins,890.0,complete,True,20260903
normal_control,2,2026-01-05T02:00:00Z,baseline,successful_logins,855.0,complete,True,20260903
normal_control,3,2026-01-05T03:00:00Z,baseline,successful_logins,896.0,complete,True,20260903
normal_control,4,2026-01-05T04:00:00Z,baseline,successful_logins,1067.0,complete,True,20260903
normal_control,5,2026-01-05T05:00:00Z,baseline,successful_logins,1107.0,complete,True,20260903
normal_control,6,2026-01-05T06:00:00Z,baseline,successful_logins,1288.0,complete,True,20260903
normal_control,7,2026-01-05T07:00:00Z,baseline,successful_logins,1505.0,complete,True,20260903
normal_control,8,2026-01-05T08:00:00Z,baseline,successful_logins,1568.0,complete,True,20260903
normal_control,9,2026-01-05T09:00:00Z,baseline,successful_logins,1759.0,complete,True,20260903
normal_control,10,2026-01-05T10:00:00Z,baseline,successful_logins,1871.0,complete,True,20260903
normal_control,11,2026-01-05T11:00:00Z,baseline,successful_logins,1691.0,complete,True,20260903
normal_control,12,2026-01-05T12:00:00Z,baseline,successful_logins,2108.0,complete,True,20260903
normal_control,13,2026-01-05T13:00:00Z,baseline,successful_logins,2165.0,complete,True,20260903
normal_control,14,2026-01-05T14:00:00Z,baseline,successful_logins,2160.0,complete,True,20260903
normal_control,15,2026-01-05T15:00:00Z,baseline,successful_logins,2362.0,complete,True,20260903
normal_control,16,2026-01-05T16:00:00Z,baseline,successful_logins,2063.0,complete,True,20260903
normal_control,17,2026-01-05T17:00:00Z,baseline,successful_logins,1956.0,complete,True,20260903
normal_control,18,2026-01-05T18:00:00Z,baseline,successful_logins,1749.0,complete,True,20260903
normal_control,19,2026-01-05T19:00:00Z,baseline,successful_logins,1639.0,complete,True,20260903
normal_control,20,2026-01-05T20:00:00Z,baseline,successful_logins,1568.0,complete,True,20260903
normal_control,21,2026-01-05T21:00:00Z,baseline,successful_logins,1441.0,complete,True,20260903
normal_control,22,2026-01-05T22:00:00Z,baseline,successful_logins,1254.0,complete,True,20260903
normal_control,23,2026-01-05T23:00:00Z,baseline,successful_logins,1164.0,complete,True,20260903
normal_control,24,2026-01-06T00:00:00Z,baseline,successful_logins,959.0,complete,True,20260903
normal_control,25,2026-01-06T01:00:00Z,baseline,successful_logins,940.0,complete,True,20260903
normal_control,26,2026-01-06T02:00:00Z,baseline,successful_logins,843.0,complete,True,20260903
normal_control,27,2026-01-06T03:00:00Z,baseline,successful_logins,872.0,complete,True,20260903
normal_control,28,2026-01-06T04:00:00Z,baseline,successful_logins,966.0,complete,True,20260903
normal_control,29,2026-01-06T05:00:00Z,baseline,successful_logins,950.0,complete,True,20260903
normal_control,30,2026-01-06T06:00:00Z,baseline,successful_logins,1256.0,complete,True,20260903
normal_control,31,2026-01-06T07:00:00Z,baseline,successful_logins,1285.0,complete,True,20260903
normal_control,32,2026-01-06T08:00:00Z,baseline,successful_logins,1519.0,complete,True,20260903
normal_control,33,2026-01-06T09:00:00Z,baseline,successful_logins,1800.0,complete,True,20260903
normal_control,34,2026-01-06T10:00:00Z,baseline,successful_logins,1798.0,complete,True,20260903
normal_control,35,2026-01-06T11:00:00Z,baseline,successful_logins,1913.0,complete,True,20260903
normal_control,36,2026-01-06T12:00:00Z,baseline,successful_logins,2068.0,complete,True,20260903
normal_control,37,2026-01-06T13:00:00Z,baseline,successful_logins,2298.0,complete,True,20260903
normal_control,38,2026-01-06T14:00:00Z,baseline,successful_logins,2212.0,complete,True,20260903
normal_control,39,2026-01-06T15:00:00Z,baseline,successful_logins,2168.0,complete,True,20260903
normal_control,40,2026-01-06T16:00:00Z,baseline,successful_logins,1884.0,complete,True,20260903
normal_control,41,2026-01-06T17:00:00Z,baseline,successful_logins,2064.0,complete,True,20260903
normal_control,42,2026-01-06T18:00:00Z,baseline,successful_logins,1775.0,complete,True,20260903
normal_control,43,2026-01-06T19:00:00Z,baseline,successful_logins,1704.0,complete,True,20260903
normal_control,44,2026-01-06T20:00:00Z,baseline,successful_logins,1510.0,complete,True,20260903
normal_control,45,2026-01-06T21:00:00Z,baseline,successful_logins,1446.0,complete,True,20260903
normal_control,46,2026-01-06T22:00:00Z,baseline,successful_logins,1253.0,complete,True,20260903
normal_control,47,2026-01-06T23:00:00Z,baseline,successful_logins,1197.0,complete,True,20260903
normal_control,48,2026-01-07T00:00:00Z,target,successful_logins,1006,complete,True,20260903
normal_control,0,2026-01-05T00:00:00Z,baseline,privileged_changes,2.0,complete,True,20260903
normal_control,1,2026-01-05T01:00:00Z,baseline,privileged_changes,1.0,complete,True,20260903
normal_control,2,2026-01-05T02:00:00Z,baseline,privileged_changes,2.0,complete,True,20260903
normal_control,3,2026-01-05T03:00:00Z,baseline,privileged_changes,2.0,complete,True,20260903
normal_control,4,2026-01-05T04:00:00Z,baseline,privileged_changes,2.0,complete,True,20260903
normal_control,5,2026-01-05T05:00:00Z,baseline,privileged_changes,1.0,complete,True,20260903
normal_control,6,2026-01-05T06:00:00Z,baseline,privileged_changes,2.0,complete,True,20260903
normal_control,7,2026-01-05T07:00:00Z,baseline,privileged_changes,2.0,complete,True,20260903
normal_control,8,2026-01-05T08:00:00Z,baseline,privileged_changes,2.0,complete,True,20260903
normal_control,9,2026-01-05T09:00:00Z,baseline,privileged_changes,2.0,complete,True,20260903
normal_control,10,2026-01-05T10:00:00Z,baseline,privileged_changes,2.0,complete,True,20260903
normal_control,11,2026-01-05T11:00:00Z,baseline,privileged_changes,3.0,complete,True,20260903
normal_control,12,2026-01-05T12:00:00Z,baseline,privileged_changes,3.0,complete,True,20260903
normal_control,13,2026-01-05T13:00:00Z,baseline,privileged_changes,2.0,complete,True,20260903
normal_control,14,2026-01-05T14:00:00Z,baseline,privileged_changes,2.0,complete,True,20260903
normal_control,15,2026-01-05T15:00:00Z,baseline,privileged_changes,2.0,complete,True,20260903
normal_control,16,2026-01-05T16:00:00Z,baseline,privileged_changes,2.0,complete,True,20260903
normal_control,17,2026-01-05T17:00:00Z,baseline,privileged_changes,2.0,complete,True,20260903
normal_control,18,2026-01-05T18:00:00Z,baseline,privileged_changes,2.0,complete,True,20260903
normal_control,19,2026-01-05T19:00:00Z,baseline,privileged_changes,2.0,complete,True,20260903
normal_control,20,2026-01-05T20:00:00Z,baseline,privileged_changes,2.0,complete,True,20260903
normal_control,21,2026-01-05T21:00:00Z,baseline,privileged_changes,2.0,complete,True,20260903
normal_control,22,2026-01-05T22:00:00Z,baseline,privileged_changes,2.0,complete,True,20260903
normal_control,23,2026-01-05T23:00:00Z,baseline,privileged_changes,1.0,complete,True,20260903
normal_control,24,2026-01-06T00:00:00Z,baseline,privileged_changes,1.0,complete,True,20260903
normal_control,25,2026-01-06T01:00:00Z,baseline,privileged_changes,2.0,complete,True,20260903
normal_control,26,2026-01-06T02:00:00Z,baseline,privileged_changes,2.0,complete,True,20260903
normal_control,27,2026-01-06T03:00:00Z,baseline,privileged_changes,1.0,complete,True,20260903
normal_control,28,2026-01-06T04:00:00Z,baseline,privileged_changes,1.0,complete,True,20260903
normal_control,29,2026-01-06T05:00:00Z,baseline,privileged_changes,2.0,complete,True,20260903
normal_control,30,2026-01-06T06:00:00Z,baseline,privileged_changes,2.0,complete,True,20260903
normal_control,31,2026-01-06T07:00:00Z,baseline,privileged_changes,2.0,complete,True,20260903
normal_control,32,2026-01-06T08:00:00Z,baseline,privileged_changes,2.0,complete,True,20260903
normal_control,33,2026-01-06T09:00:00Z,baseline,privileged_changes,2.0,complete,True,20260903
normal_control,34,2026-01-06T10:00:00Z,baseline,privileged_changes,2.0,complete,True,20260903
normal_control,35,2026-01-06T11:00:00Z,baseline,privileged_changes,2.0,complete,True,20260903
normal_control,36,2026-01-06T12:00:00Z,baseline,privileged_changes,2.0,complete,True,20260903
normal_control,37,2026-01-06T13:00:00Z,baseline,privileged_changes,1.0,complete,True,20260903
normal_control,38,2026-01-06T14:00:00Z,baseline,privileged_changes,2.0,complete,True,20260903
normal_control,39,2026-01-06T15:00:00Z,baseline,privileged_changes,3.0,complete,True,20260903
normal_control,40,2026-01-06T16:00:00Z,baseline,privileged_changes,2.0,complete,True,20260903
normal_control,41,2026-01-06T17:00:00Z,baseline,privileged_changes,3.0,complete,True,20260903
normal_control,42,2026-01-06T18:00:00Z,baseline,privileged_changes,2.0,complete,True,20260903
normal_control,43,2026-01-06T19:00:00Z,baseline,privileged_changes,2.0,complete,True,20260903
normal_control,44,2026-01-06T20:00:00Z,baseline,privileged_changes,2.0,complete,True,20260903
normal_control,45,2026-01-06T21:00:00Z,baseline,privileged_changes,1.0,complete,True,20260903
normal_control,46,2026-01-06T22:00:00Z,baseline,privileged_changes,2.0,complete,True,20260903
normal_control,47,2026-01-06T23:00:00Z,baseline,privileged_changes,1.0,complete,True,20260903
normal_control,48,2026-01-07T00:00:00Z,target,privileged_changes,2,complete,True,20260903
normal_control,0,2026-01-05T00:00:00Z,baseline,outbound_mb,644.384,complete,True,20260903
normal_control,1,2026-01-05T01:00:00Z,baseline,outbound_mb,551.209,complete,True,20260903
normal_control,2,2026-01-05T02:00:00Z,baseline,outbound_mb,566.881,complete,True,20260903
normal_control,3,2026-01-05T03:00:00Z,baseline,outbound_mb,536.495,complete,True,20260903
normal_control,4,2026-01-05T04:00:00Z,baseline,outbound_mb,642.454,complete,True,20260903
normal_control,5,2026-01-05T05:00:00Z,baseline,outbound_mb,656.669,complete,True,20260903
normal_control,6,2026-01-05T06:00:00Z,baseline,outbound_mb,646.631,complete,True,20260903
normal_control,7,2026-01-05T07:00:00Z,baseline,outbound_mb,772.679,complete,True,20260903
normal_control,8,2026-01-05T08:00:00Z,baseline,outbound_mb,934.56,complete,True,20260903
normal_control,9,2026-01-05T09:00:00Z,baseline,outbound_mb,954.771,complete,True,20260903
normal_control,10,2026-01-05T10:00:00Z,baseline,outbound_mb,965.963,complete,True,20260903
normal_control,11,2026-01-05T11:00:00Z,baseline,outbound_mb,1165.753,complete,True,20260903
normal_control,12,2026-01-05T12:00:00Z,baseline,outbound_mb,1134.849,complete,True,20260903
normal_control,13,2026-01-05T13:00:00Z,baseline,outbound_mb,1085.371,complete,True,20260903
normal_control,14,2026-01-05T14:00:00Z,baseline,outbound_mb,1353.386,complete,True,20260903
normal_control,15,2026-01-05T15:00:00Z,baseline,outbound_mb,1028.998,complete,True,20260903
normal_control,16,2026-01-05T16:00:00Z,baseline,outbound_mb,1204.261,complete,True,20260903
normal_control,17,2026-01-05T17:00:00Z,baseline,outbound_mb,1234.913,complete,True,20260903
normal_control,18,2026-01-05T18:00:00Z,baseline,outbound_mb,993.616,complete,True,20260903
normal_control,19,2026-01-05T19:00:00Z,baseline,outbound_mb,867.034,complete,True,20260903
normal_control,20,2026-01-05T20:00:00Z,baseline,outbound_mb,859.743,complete,True,20260903
normal_control,21,2026-01-05T21:00:00Z,baseline,outbound_mb,810.462,complete,True,20260903
normal_control,22,2026-01-05T22:00:00Z,baseline,outbound_mb,728.131,complete,True,20260903
normal_control,23,2026-01-05T23:00:00Z,baseline,outbound_mb,668.594,complete,True,20260903
normal_control,24,2026-01-06T00:00:00Z,baseline,outbound_mb,657.717,complete,True,20260903
normal_control,25,2026-01-06T01:00:00Z,baseline,outbound_mb,578.096,complete,True,20260903
normal_control,26,2026-01-06T02:00:00Z,baseline,outbound_mb,573.917,complete,True,20260903
normal_control,27,2026-01-06T03:00:00Z,baseline,outbound_mb,605.323,complete,True,20260903
normal_control,28,2026-01-06T04:00:00Z,baseline,outbound_mb,565.072,complete,True,20260903
normal_control,29,2026-01-06T05:00:00Z,baseline,outbound_mb,611.973,complete,True,20260903
normal_control,30,2026-01-06T06:00:00Z,baseline,outbound_mb,655.591,complete,True,20260903
normal_control,31,2026-01-06T07:00:00Z,baseline,outbound_mb,797.355,complete,True,20260903
normal_control,32,2026-01-06T08:00:00Z,baseline,outbound_mb,781.798,complete,True,20260903
normal_control,33,2026-01-06T09:00:00Z,baseline,outbound_mb,1020.959,complete,True,20260903
normal_control,34,2026-01-06T10:00:00Z,baseline,outbound_mb,1071.699,complete,True,20260903
normal_control,35,2026-01-06T11:00:00Z,baseline,outbound_mb,1111.662,complete,True,20260903
normal_control,36,2026-01-06T12:00:00Z,baseline,outbound_mb,1137.211,complete,True,20260903
normal_control,37,2026-01-06T13:00:00Z,baseline,outbound_mb,1124.135,complete,True,20260903
normal_control,38,2026-01-06T14:00:00Z,baseline,outbound_mb,1152.448,complete,True,20260903
normal_control,39,2026-01-06T15:00:00Z,baseline,outbound_mb,1150.004,complete,True,20260903
normal_control,40,2026-01-06T16:00:00Z,baseline,outbound_mb,1088.07,complete,True,20260903
normal_control,41,2026-01-06T17:00:00Z,baseline,outbound_mb,1089.2,complete,True,20260903
normal_control,42,2026-01-06T18:00:00Z,baseline,outbound_mb,1101.927,complete,True,20260903
normal_control,43,2026-01-06T19:00:00Z,baseline,outbound_mb,946.713,complete,True,20260903
normal_control,44,2026-01-06T20:00:00Z,baseline,outbound_mb,831.166,complete,True,20260903
normal_control,45,2026-01-06T21:00:00Z,baseline,outbound_mb,773.37,complete,True,20260903
normal_control,46,2026-01-06T22:00:00Z,baseline,outbound_mb,654.225,complete,True,20260903
normal_control,47,2026-01-06T23:00:00Z,baseline,outbound_mb,668.659,complete,True,20260903
normal_control,48,2026-01-07T00:00:00Z,target,outbound_mb,669.259,complete,True,20260903
normal_control,0,2026-01-05T00:00:00Z,baseline,api_5xx,11.0,complete,True,20260903
normal_control,1,2026-01-05T01:00:00Z,baseline,api_5xx,13.0,complete,True,20260903
normal_control,2,2026-01-05T02:00:00Z,baseline,api_5xx,10.0,complete,True,20260903
normal_control,3,2026-01-05T03:00:00Z,baseline,api_5xx,13.0,complete,True,20260903
normal_control,4,2026-01-05T04:00:00Z,baseline,api_5xx,18.0,complete,True,20260903
normal_control,5,2026-01-05T05:00:00Z,baseline,api_5xx,14.0,complete,True,20260903
normal_control,6,2026-01-05T06:00:00Z,baseline,api_5xx,16.0,complete,True,20260903
normal_control,7,2026-01-05T07:00:00Z,baseline,api_5xx,17.0,complete,True,20260903
normal_control,8,2026-01-05T08:00:00Z,baseline,api_5xx,14.0,complete,True,20260903
normal_control,9,2026-01-05T09:00:00Z,baseline,api_5xx,16.0,complete,True,20260903
normal_control,10,2026-01-05T10:00:00Z,baseline,api_5xx,24.0,complete,True,20260903
normal_control,11,2026-01-05T11:00:00Z,baseline,api_5xx,30.0,complete,True,20260903
normal_control,12,2026-01-05T12:00:00Z,baseline,api_5xx,23.0,complete,True,20260903
normal_control,13,2026-01-05T13:00:00Z,baseline,api_5xx,35.0,complete,True,20260903
normal_control,14,2026-01-05T14:00:00Z,baseline,api_5xx,26.0,complete,True,20260903
normal_control,15,2026-01-05T15:00:00Z,baseline,api_5xx,23.0,complete,True,20260903
normal_control,16,2026-01-05T16:00:00Z,baseline,api_5xx,22.0,complete,True,20260903
normal_control,17,2026-01-05T17:00:00Z,baseline,api_5xx,20.0,complete,True,20260903
normal_control,18,2026-01-05T18:00:00Z,baseline,api_5xx,25.0,complete,True,20260903
normal_control,19,2026-01-05T19:00:00Z,baseline,api_5xx,16.0,complete,True,20260903
normal_control,20,2026-01-05T20:00:00Z,baseline,api_5xx,11.0,complete,True,20260903
normal_control,21,2026-01-05T21:00:00Z,baseline,api_5xx,16.0,complete,True,20260903
normal_control,22,2026-01-05T22:00:00Z,baseline,api_5xx,17.0,complete,True,20260903
normal_control,23,2026-01-05T23:00:00Z,baseline,api_5xx,12.0,complete,True,20260903
normal_control,24,2026-01-06T00:00:00Z,baseline,api_5xx,16.0,complete,True,20260903
normal_control,25,2026-01-06T01:00:00Z,baseline,api_5xx,12.0,complete,True,20260903
normal_control,26,2026-01-06T02:00:00Z,baseline,api_5xx,13.0,complete,True,20260903
normal_control,27,2026-01-06T03:00:00Z,baseline,api_5xx,13.0,complete,True,20260903
normal_control,28,2026-01-06T04:00:00Z,baseline,api_5xx,15.0,complete,True,20260903
normal_control,29,2026-01-06T05:00:00Z,baseline,api_5xx,16.0,complete,True,20260903
normal_control,30,2026-01-06T06:00:00Z,baseline,api_5xx,18.0,complete,True,20260903
normal_control,31,2026-01-06T07:00:00Z,baseline,api_5xx,19.0,complete,True,20260903
normal_control,32,2026-01-06T08:00:00Z,baseline,api_5xx,20.0,complete,True,20260903
normal_control,33,2026-01-06T09:00:00Z,baseline,api_5xx,18.0,complete,True,20260903
normal_control,34,2026-01-06T10:00:00Z,baseline,api_5xx,20.0,complete,True,20260903
normal_control,35,2026-01-06T11:00:00Z,baseline,api_5xx,24.0,complete,True,20260903
normal_control,36,2026-01-06T12:00:00Z,baseline,api_5xx,28.0,complete,True,20260903
normal_control,37,2026-01-06T13:00:00Z,baseline,api_5xx,19.0,complete,True,20260903
normal_control,38,2026-01-06T14:00:00Z,baseline,api_5xx,34.0,complete,True,20260903
normal_control,39,2026-01-06T15:00:00Z,baseline,api_5xx,27.0,complete,True,20260903
normal_control,40,2026-01-06T16:00:00Z,baseline,api_5xx,24.0,complete,True,20260903
normal_control,41,2026-01-06T17:00:00Z,baseline,api_5xx,19.0,complete,True,20260903
normal_control,42,2026-01-06T18:00:00Z,baseline,api_5xx,23.0,complete,True,20260903
normal_control,43,2026-01-06T19:00:00Z,baseline,api_5xx,21.0,complete,True,20260903
normal_control,44,2026-01-06T20:00:00Z,baseline,api_5xx,14.0,complete,True,20260903
normal_control,45,2026-01-06T21:00:00Z,baseline,api_5xx,18.0,complete,True,20260903
normal_control,46,2026-01-06T22:00:00Z,baseline,api_5xx,15.0,complete,True,20260903
normal_control,47,2026-01-06T23:00:00Z,baseline,api_5xx,17.0,complete,True,20260903
normal_control,48,2026-01-07T00:00:00Z,target,api_5xx,12,complete,True,20260903
normal_control,0,2026-01-05T00:00:00Z,baseline,endpoint_alerts,4.0,complete,True,20260903
normal_control,1,2026-01-05T01:00:00Z,baseline,endpoint_alerts,4.0,complete,True,20260903
normal_control,2,2026-01-05T02:00:00Z,baseline,endpoint_alerts,5.0,complete,True,20260903
normal_control,3,2026-01-05T03:00:00Z,baseline,endpoint_alerts,4.0,complete,True,20260903
normal_control,4,2026-01-05T04:00:00Z,baseline,endpoint_alerts,4.0,complete,True,20260903
normal_control,5,2026-01-05T05:00:00Z,baseline,endpoint_alerts,4.0,complete,True,20260903
normal_control,6,2026-01-05T06:00:00Z,baseline,endpoint_alerts,3.0,complete,True,20260903
normal_control,7,2026-01-05T07:00:00Z,baseline,endpoint_alerts,2.0,complete,True,20260903
normal_control,8,2026-01-05T08:00:00Z,baseline,endpoint_alerts,5.0,complete,True,20260903
normal_control,9,2026-01-05T09:00:00Z,baseline,endpoint_alerts,7.0,complete,True,20260903
normal_control,10,2026-01-05T10:00:00Z,baseline,endpoint_alerts,4.0,complete,True,20260903
normal_control,11,2026-01-05T11:00:00Z,baseline,endpoint_alerts,4.0,complete,True,20260903
normal_control,12,2026-01-05T12:00:00Z,baseline,endpoint_alerts,6.0,complete,True,20260903
normal_control,13,2026-01-05T13:00:00Z,baseline,endpoint_alerts,5.0,complete,True,20260903
normal_control,14,2026-01-05T14:00:00Z,baseline,endpoint_alerts,7.0,complete,True,20260903
normal_control,15,2026-01-05T15:00:00Z,baseline,endpoint_alerts,7.0,complete,True,20260903
normal_control,16,2026-01-05T16:00:00Z,baseline,endpoint_alerts,5.0,complete,True,20260903
normal_control,17,2026-01-05T17:00:00Z,baseline,endpoint_alerts,8.0,complete,True,20260903
normal_control,18,2026-01-05T18:00:00Z,baseline,endpoint_alerts,4.0,complete,True,20260903
normal_control,19,2026-01-05T19:00:00Z,baseline,endpoint_alerts,5.0,complete,True,20260903
normal_control,20,2026-01-05T20:00:00Z,baseline,endpoint_alerts,5.0,complete,True,20260903
normal_control,21,2026-01-05T21:00:00Z,baseline,endpoint_alerts,7.0,complete,True,20260903
normal_control,22,2026-01-05T22:00:00Z,baseline,endpoint_alerts,5.0,complete,True,20260903
normal_control,23,2026-01-05T23:00:00Z,baseline,endpoint_alerts,6.0,complete,True,20260903
normal_control,24,2026-01-06T00:00:00Z,baseline,endpoint_alerts,5.0,complete,True,20260903
normal_control,25,2026-01-06T01:00:00Z,baseline,endpoint_alerts,6.0,complete,True,20260903
normal_control,26,2026-01-06T02:00:00Z,baseline,endpoint_alerts,3.0,complete,True,20260903
normal_control,27,2026-01-06T03:00:00Z,baseline,endpoint_alerts,4.0,complete,True,20260903
normal_control,28,2026-01-06T04:00:00Z,baseline,endpoint_alerts,4.0,complete,True,20260903
normal_control,29,2026-01-06T05:00:00Z,baseline,endpoint_alerts,5.0,complete,True,20260903
normal_control,30,2026-01-06T06:00:00Z,baseline,endpoint_alerts,3.0,complete,True,20260903
normal_control,31,2026-01-06T07:00:00Z,baseline,endpoint_alerts,4.0,complete,True,20260903
normal_control,32,2026-01-06T08:00:00Z,baseline,endpoint_alerts,4.0,complete,True,20260903
normal_control,33,2026-01-06T09:00:00Z,baseline,endpoint_alerts,5.0,complete,True,20260903
normal_control,34,2026-01-06T10:00:00Z,baseline,endpoint_alerts,6.0,complete,True,20260903
normal_control,35,2026-01-06T11:00:00Z,baseline,endpoint_alerts,6.0,complete,True,20260903
normal_control,36,2026-01-06T12:00:00Z,baseline,endpoint_alerts,4.0,complete,True,20260903
normal_control,37,2026-01-06T13:00:00Z,baseline,endpoint_alerts,4.0,complete,True,20260903
normal_control,38,2026-01-06T14:00:00Z,baseline,endpoint_alerts,4.0,complete,True,20260903
normal_control,39,2026-01-06T15:00:00Z,baseline,endpoint_alerts,2.0,complete,True,20260903
normal_control,40,2026-01-06T16:00:00Z,baseline,endpoint_alerts,6.0,complete,True,20260903
normal_control,41,2026-01-06T17:00:00Z,baseline,endpoint_alerts,6.0,complete,True,20260903
normal_control,42,2026-01-06T18:00:00Z,baseline,endpoint_alerts,4.0,complete,True,20260903
normal_control,43,2026-01-06T19:00:00Z,baseline,endpoint_alerts,4.0,complete,True,20260903
normal_control,44,2026-01-06T20:00:00Z,baseline,endpoint_alerts,4.0,complete,True,20260903
normal_control,45,2026-01-06T21:00:00Z,baseline,endpoint_alerts,4.0,complete,True,20260903
normal_control,46,2026-01-06T22:00:00Z,baseline,endpoint_alerts,6.0,complete,True,20260903
normal_control,47,2026-01-06T23:00:00Z,baseline,endpoint_alerts,6.0,complete,True,20260903
normal_control,48,2026-01-07T00:00:00Z,target,endpoint_alerts,5,complete,True,20260903
normal_control,0,2026-01-05T00:00:00Z,baseline,file_rename_events,36.0,complete,True,20260903
normal_control,1,2026-01-05T01:00:00Z,baseline,file_rename_events,27.0,complete,True,20260903
normal_control,2,2026-01-05T02:00:00Z,baseline,file_rename_events,38.0,complete,True,20260903
normal_control,3,2026-01-05T03:00:00Z,baseline,file_rename_events,36.0,complete,True,20260903
normal_control,4,2026-01-05T04:00:00Z,baseline,file_rename_events,33.0,complete,True,20260903
normal_control,5,2026-01-05T05:00:00Z,baseline,file_rename_events,38.0,complete,True,20260903
normal_control,6,2026-01-05T06:00:00Z,baseline,file_rename_events,37.0,complete,True,20260903
normal_control,7,2026-01-05T07:00:00Z,baseline,file_rename_events,50.0,complete,True,20260903
normal_control,8,2026-01-05T08:00:00Z,baseline,file_rename_events,42.0,complete,True,20260903
normal_control,9,2026-01-05T09:00:00Z,baseline,file_rename_events,51.0,complete,True,20260903
normal_control,10,2026-01-05T10:00:00Z,baseline,file_rename_events,47.0,complete,True,20260903
normal_control,11,2026-01-05T11:00:00Z,baseline,file_rename_events,44.0,complete,True,20260903
normal_control,12,2026-01-05T12:00:00Z,baseline,file_rename_events,60.0,complete,True,20260903
normal_control,13,2026-01-05T13:00:00Z,baseline,file_rename_events,40.0,complete,True,20260903
normal_control,14,2026-01-05T14:00:00Z,baseline,file_rename_events,50.0,complete,True,20260903
normal_control,15,2026-01-05T15:00:00Z,baseline,file_rename_events,62.0,complete,True,20260903
normal_control,16,2026-01-05T16:00:00Z,baseline,file_rename_events,40.0,complete,True,20260903
normal_control,17,2026-01-05T17:00:00Z,baseline,file_rename_events,57.0,complete,True,20260903
normal_control,18,2026-01-05T18:00:00Z,baseline,file_rename_events,52.0,complete,True,20260903
normal_control,19,2026-01-05T19:00:00Z,baseline,file_rename_events,51.0,complete,True,20260903
normal_control,20,2026-01-05T20:00:00Z,baseline,file_rename_events,43.0,complete,True,20260903
normal_control,21,2026-01-05T21:00:00Z,baseline,file_rename_events,43.0,complete,True,20260903
normal_control,22,2026-01-05T22:00:00Z,baseline,file_rename_events,41.0,complete,True,20260903
normal_control,23,2026-01-05T23:00:00Z,baseline,file_rename_events,41.0,complete,True,20260903
normal_control,24,2026-01-06T00:00:00Z,baseline,file_rename_events,32.0,complete,True,20260903
normal_control,25,2026-01-06T01:00:00Z,baseline,file_rename_events,35.0,complete,True,20260903
normal_control,26,2026-01-06T02:00:00Z,baseline,file_rename_events,34.0,complete,True,20260903
normal_control,27,2026-01-06T03:00:00Z,baseline,file_rename_events,25.0,complete,True,20260903
normal_control,28,2026-01-06T04:00:00Z,baseline,file_rename_events,34.0,complete,True,20260903
normal_control,29,2026-01-06T05:00:00Z,baseline,file_rename_events,37.0,complete,True,20260903
normal_control,30,2026-01-06T06:00:00Z,baseline,file_rename_events,36.0,complete,True,20260903
normal_control,31,2026-01-06T07:00:00Z,baseline,file_rename_events,37.0,complete,True,20260903
normal_control,32,2026-01-06T08:00:00Z,baseline,file_rename_events,36.0,complete,True,20260903
normal_control,33,2026-01-06T09:00:00Z,baseline,file_rename_events,44.0,complete,True,20260903
normal_control,34,2026-01-06T10:00:00Z,baseline,file_rename_events,58.0,complete,True,20260903
normal_control,35,2026-01-06T11:00:00Z,baseline,file_rename_events,65.0,complete,True,20260903
normal_control,36,2026-01-06T12:00:00Z,baseline,file_rename_events,41.0,complete,True,20260903
normal_control,37,2026-01-06T13:00:00Z,baseline,file_rename_events,55.0,complete,True,20260903
normal_control,38,2026-01-06T14:00:00Z,baseline,file_rename_events,47.0,complete,True,20260903
normal_control,39,2026-01-06T15:00:00Z,baseline,file_rename_events,43.0,complete,True,20260903
normal_control,40,2026-01-06T16:00:00Z,baseline,file_rename_events,59.0,complete,True,20260903
normal_control,41,2026-01-06T17:00:00Z,baseline,file_rename_events,47.0,complete,True,20260903
normal_control,42,2026-01-06T18:00:00Z,baseline,file_rename_events,45.0,complete,True,20260903
normal_control,43,2026-01-06T19:00:00Z,baseline,file_rename_events,45.0,complete,True,20260903
normal_control,44,2026-01-06T20:00:00Z,baseline,file_rename_events,45.0,complete,True,20260903
normal_control,45,2026-01-06T21:00:00Z,baseline,file_rename_events,41.0,complete,True,20260903
normal_control,46,2026-01-06T22:00:00Z,baseline,file_rename_events,37.0,complete,True,20260903
normal_control,47,2026-01-06T23:00:00Z,baseline,file_rename_events,33.0,complete,True,20260903
normal_control,48,2026-01-07T00:00:00Z,target,file_rename_events,42,complete,True,20260903
normal_control,0,2026-01-05T00:00:00Z,baseline,inbound_requests,31375.0,complete,True,20260903
normal_control,1,2026-01-05T01:00:00Z,baseline,inbound_requests,28408.0,complete,True,20260903
normal_control,2,2026-01-05T02:00:00Z,baseline,inbound_requests,28989.0,complete,True,20260903
normal_control,3,2026-01-05T03:00:00Z,baseline,inbound_requests,28947.0,complete,True,20260903
normal_control,4,2026-01-05T04:00:00Z,baseline,inbound_requests,32062.0,complete,True,20260903
normal_control,5,2026-01-05T05:00:00Z,baseline,inbound_requests,34167.0,complete,True,20260903
normal_control,6,2026-01-05T06:00:00Z,baseline,inbound_requests,38864.0,complete,True,20260903
normal_control,7,2026-01-05T07:00:00Z,baseline,inbound_requests,45240.0,complete,True,20260903
normal_control,8,2026-01-05T08:00:00Z,baseline,inbound_requests,50682.0,complete,True,20260903
normal_control,9,2026-01-05T09:00:00Z,baseline,inbound_requests,62581.0,complete,True,20260903
normal_control,10,2026-01-05T10:00:00Z,baseline,inbound_requests,62905.0,complete,True,20260903
normal_control,11,2026-01-05T11:00:00Z,baseline,inbound_requests,70676.0,complete,True,20260903
normal_control,12,2026-01-05T12:00:00Z,baseline,inbound_requests,74794.0,complete,True,20260903
normal_control,13,2026-01-05T13:00:00Z,baseline,inbound_requests,74200.0,complete,True,20260903
normal_control,14,2026-01-05T14:00:00Z,baseline,inbound_requests,72251.0,complete,True,20260903
normal_control,15,2026-01-05T15:00:00Z,baseline,inbound_requests,70344.0,complete,True,20260903
normal_control,16,2026-01-05T16:00:00Z,baseline,inbound_requests,68245.0,complete,True,20260903
normal_control,17,2026-01-05T17:00:00Z,baseline,inbound_requests,68440.0,complete,True,20260903
normal_control,18,2026-01-05T18:00:00Z,baseline,inbound_requests,62084.0,complete,True,20260903
normal_control,19,2026-01-05T19:00:00Z,baseline,inbound_requests,60114.0,complete,True,20260903
normal_control,20,2026-01-05T20:00:00Z,baseline,inbound_requests,49584.0,complete,True,20260903
normal_control,21,2026-01-05T21:00:00Z,baseline,inbound_requests,48520.0,complete,True,20260903
normal_control,22,2026-01-05T22:00:00Z,baseline,inbound_requests,39813.0,complete,True,20260903
normal_control,23,2026-01-05T23:00:00Z,baseline,inbound_requests,33690.0,complete,True,20260903
normal_control,24,2026-01-06T00:00:00Z,baseline,inbound_requests,32565.0,complete,True,20260903
normal_control,25,2026-01-06T01:00:00Z,baseline,inbound_requests,29671.0,complete,True,20260903
normal_control,26,2026-01-06T02:00:00Z,baseline,inbound_requests,27298.0,complete,True,20260903
normal_control,27,2026-01-06T03:00:00Z,baseline,inbound_requests,30069.0,complete,True,20260903
normal_control,28,2026-01-06T04:00:00Z,baseline,inbound_requests,31686.0,complete,True,20260903
normal_control,29,2026-01-06T05:00:00Z,baseline,inbound_requests,33096.0,complete,True,20260903
normal_control,30,2026-01-06T06:00:00Z,baseline,inbound_requests,41162.0,complete,True,20260903
normal_control,31,2026-01-06T07:00:00Z,baseline,inbound_requests,43984.0,complete,True,20260903
normal_control,32,2026-01-06T08:00:00Z,baseline,inbound_requests,52599.0,complete,True,20260903
normal_control,33,2026-01-06T09:00:00Z,baseline,inbound_requests,53100.0,complete,True,20260903
normal_control,34,2026-01-06T10:00:00Z,baseline,inbound_requests,63015.0,complete,True,20260903
normal_control,35,2026-01-06T11:00:00Z,baseline,inbound_requests,64086.0,complete,True,20260903
normal_control,36,2026-01-06T12:00:00Z,baseline,inbound_requests,75234.0,complete,True,20260903
normal_control,37,2026-01-06T13:00:00Z,baseline,inbound_requests,68603.0,complete,True,20260903
normal_control,38,2026-01-06T14:00:00Z,baseline,inbound_requests,72027.0,complete,True,20260903
normal_control,39,2026-01-06T15:00:00Z,baseline,inbound_requests,77450.0,complete,True,20260903
normal_control,40,2026-01-06T16:00:00Z,baseline,inbound_requests,73991.0,complete,True,20260903
normal_control,41,2026-01-06T17:00:00Z,baseline,inbound_requests,60800.0,complete,True,20260903
normal_control,42,2026-01-06T18:00:00Z,baseline,inbound_requests,57905.0,complete,True,20260903
normal_control,43,2026-01-06T19:00:00Z,baseline,inbound_requests,60600.0,complete,True,20260903
normal_control,44,2026-01-06T20:00:00Z,baseline,inbound_requests,51914.0,complete,True,20260903
normal_control,45,2026-01-06T21:00:00Z,baseline,inbound_requests,50322.0,complete,True,20260903
normal_control,46,2026-01-06T22:00:00Z,baseline,inbound_requests,43633.0,complete,True,20260903
normal_control,47,2026-01-06T23:00:00Z,baseline,inbound_requests,35635.0,complete,True,20260903
normal_control,48,2026-01-07T00:00:00Z,target,inbound_requests,32103,complete,True,20260903
planned_cloud_drift,0,2026-01-05T00:00:00Z,baseline,auth_failures,85.0,complete,True,20260904
planned_cloud_drift,1,2026-01-05T01:00:00Z,baseline,auth_failures,85.0,complete,True,20260904
planned_cloud_drift,2,2026-01-05T02:00:00Z,baseline,auth_failures,77.0,complete,True,20260904
planned_cloud_drift,3,2026-01-05T03:00:00Z,baseline,auth_failures,86.0,complete,True,20260904
planned_cloud_drift,4,2026-01-05T04:00:00Z,baseline,auth_failures,90.0,complete,True,20260904
planned_cloud_drift,5,2026-01-05T05:00:00Z,baseline,auth_failures,105.0,complete,True,20260904
planned_cloud_drift,6,2026-01-05T06:00:00Z,baseline,auth_failures,106.0,complete,True,20260904
planned_cloud_drift,7,2026-01-05T07:00:00Z,baseline,auth_failures,97.0,complete,True,20260904
planned_cloud_drift,8,2026-01-05T08:00:00Z,baseline,auth_failures,126.0,complete,True,20260904
planned_cloud_drift,9,2026-01-05T09:00:00Z,baseline,auth_failures,138.0,complete,True,20260904
planned_cloud_drift,10,2026-01-05T10:00:00Z,baseline,auth_failures,160.0,complete,True,20260904
planned_cloud_drift,11,2026-01-05T11:00:00Z,baseline,auth_failures,140.0,complete,True,20260904
planned_cloud_drift,12,2026-01-05T12:00:00Z,baseline,auth_failures,165.0,complete,True,20260904
planned_cloud_drift,13,2026-01-05T13:00:00Z,baseline,auth_failures,120.0,complete,True,20260904
planned_cloud_drift,14,2026-01-05T14:00:00Z,baseline,auth_failures,166.0,complete,True,20260904
planned_cloud_drift,15,2026-01-05T15:00:00Z,baseline,auth_failures,137.0,complete,True,20260904
planned_cloud_drift,16,2026-01-05T16:00:00Z,baseline,auth_failures,156.0,complete,True,20260904
planned_cloud_drift,17,2026-01-05T17:00:00Z,baseline,auth_failures,168.0,complete,True,20260904
planned_cloud_drift,18,2026-01-05T18:00:00Z,baseline,auth_failures,147.0,complete,True,20260904
planned_cloud_drift,19,2026-01-05T19:00:00Z,baseline,auth_failures,130.0,complete,True,20260904
planned_cloud_drift,20,2026-01-05T20:00:00Z,baseline,auth_failures,120.0,complete,True,20260904
planned_cloud_drift,21,2026-01-05T21:00:00Z,baseline,auth_failures,85.0,complete,True,20260904
planned_cloud_drift,22,2026-01-05T22:00:00Z,baseline,auth_failures,94.0,complete,True,20260904
planned_cloud_drift,23,2026-01-05T23:00:00Z,baseline,auth_failures,79.0,complete,True,20260904
planned_cloud_drift,24,2026-01-06T00:00:00Z,baseline,auth_failures,96.0,complete,True,20260904
planned_cloud_drift,25,2026-01-06T01:00:00Z,baseline,auth_failures,84.0,complete,True,20260904
planned_cloud_drift,26,2026-01-06T02:00:00Z,baseline,auth_failures,77.0,complete,True,20260904
planned_cloud_drift,27,2026-01-06T03:00:00Z,baseline,auth_failures,93.0,complete,True,20260904
planned_cloud_drift,28,2026-01-06T04:00:00Z,baseline,auth_failures,82.0,complete,True,20260904
planned_cloud_drift,29,2026-01-06T05:00:00Z,baseline,auth_failures,109.0,complete,True,20260904
planned_cloud_drift,30,2026-01-06T06:00:00Z,baseline,auth_failures,114.0,complete,True,20260904
planned_cloud_drift,31,2026-01-06T07:00:00Z,baseline,auth_failures,134.0,complete,True,20260904
planned_cloud_drift,32,2026-01-06T08:00:00Z,baseline,auth_failures,113.0,complete,True,20260904
planned_cloud_drift,33,2026-01-06T09:00:00Z,baseline,auth_failures,124.0,complete,True,20260904
planned_cloud_drift,34,2026-01-06T10:00:00Z,baseline,auth_failures,140.0,complete,True,20260904
planned_cloud_drift,35,2026-01-06T11:00:00Z,baseline,auth_failures,121.0,complete,True,20260904
planned_cloud_drift,36,2026-01-06T12:00:00Z,baseline,auth_failures,145.0,complete,True,20260904
planned_cloud_drift,37,2026-01-06T13:00:00Z,baseline,auth_failures,170.0,complete,True,20260904
planned_cloud_drift,38,2026-01-06T14:00:00Z,baseline,auth_failures,149.0,complete,True,20260904
planned_cloud_drift,39,2026-01-06T15:00:00Z,baseline,auth_failures,155.0,complete,True,20260904
planned_cloud_drift,40,2026-01-06T16:00:00Z,baseline,auth_failures,151.0,complete,True,20260904
planned_cloud_drift,41,2026-01-06T17:00:00Z,baseline,auth_failures,114.0,complete,True,20260904
planned_cloud_drift,42,2026-01-06T18:00:00Z,baseline,auth_failures,110.0,complete,True,20260904
planned_cloud_drift,43,2026-01-06T19:00:00Z,baseline,auth_failures,121.0,complete,True,20260904
planned_cloud_drift,44,2026-01-06T20:00:00Z,baseline,auth_failures,121.0,complete,True,20260904
planned_cloud_drift,45,2026-01-06T21:00:00Z,baseline,auth_failures,121.0,complete,True,20260904
planned_cloud_drift,46,2026-01-06T22:00:00Z,baseline,auth_failures,118.0,complete,True,20260904
planned_cloud_drift,47,2026-01-06T23:00:00Z,baseline,auth_failures,97.0,complete,True,20260904
planned_cloud_drift,48,2026-01-07T00:00:00Z,target,auth_failures,76,complete,True,20260904
planned_cloud_drift,0,2026-01-05T00:00:00Z,baseline,unique_failed_accounts,28.0,complete,True,20260904
planned_cloud_drift,1,2026-01-05T01:00:00Z,baseline,unique_failed_accounts,26.0,complete,True,20260904
planned_cloud_drift,2,2026-01-05T02:00:00Z,baseline,unique_failed_accounts,29.0,complete,True,20260904
planned_cloud_drift,3,2026-01-05T03:00:00Z,baseline,unique_failed_accounts,23.0,complete,True,20260904
planned_cloud_drift,4,2026-01-05T04:00:00Z,baseline,unique_failed_accounts,25.0,complete,True,20260904
planned_cloud_drift,5,2026-01-05T05:00:00Z,baseline,unique_failed_accounts,27.0,complete,True,20260904
planned_cloud_drift,6,2026-01-05T06:00:00Z,baseline,unique_failed_accounts,30.0,complete,True,20260904
planned_cloud_drift,7,2026-01-05T07:00:00Z,baseline,unique_failed_accounts,27.0,complete,True,20260904
planned_cloud_drift,8,2026-01-05T08:00:00Z,baseline,unique_failed_accounts,36.0,complete,True,20260904
planned_cloud_drift,9,2026-01-05T09:00:00Z,baseline,unique_failed_accounts,40.0,complete,True,20260904
planned_cloud_drift,10,2026-01-05T10:00:00Z,baseline,unique_failed_accounts,50.0,complete,True,20260904
planned_cloud_drift,11,2026-01-05T11:00:00Z,baseline,unique_failed_accounts,40.0,complete,True,20260904
planned_cloud_drift,12,2026-01-05T12:00:00Z,baseline,unique_failed_accounts,41.0,complete,True,20260904
planned_cloud_drift,13,2026-01-05T13:00:00Z,baseline,unique_failed_accounts,36.0,complete,True,20260904
planned_cloud_drift,14,2026-01-05T14:00:00Z,baseline,unique_failed_accounts,48.0,complete,True,20260904
planned_cloud_drift,15,2026-01-05T15:00:00Z,baseline,unique_failed_accounts,50.0,complete,True,20260904
planned_cloud_drift,16,2026-01-05T16:00:00Z,baseline,unique_failed_accounts,36.0,complete,True,20260904
planned_cloud_drift,17,2026-01-05T17:00:00Z,baseline,unique_failed_accounts,43.0,complete,True,20260904
planned_cloud_drift,18,2026-01-05T18:00:00Z,baseline,unique_failed_accounts,39.0,complete,True,20260904
planned_cloud_drift,19,2026-01-05T19:00:00Z,baseline,unique_failed_accounts,32.0,complete,True,20260904
planned_cloud_drift,20,2026-01-05T20:00:00Z,baseline,unique_failed_accounts,34.0,complete,True,20260904
planned_cloud_drift,21,2026-01-05T21:00:00Z,baseline,unique_failed_accounts,31.0,complete,True,20260904
planned_cloud_drift,22,2026-01-05T22:00:00Z,baseline,unique_failed_accounts,29.0,complete,True,20260904
planned_cloud_drift,23,2026-01-05T23:00:00Z,baseline,unique_failed_accounts,30.0,complete,True,20260904
planned_cloud_drift,24,2026-01-06T00:00:00Z,baseline,unique_failed_accounts,28.0,complete,True,20260904
planned_cloud_drift,25,2026-01-06T01:00:00Z,baseline,unique_failed_accounts,26.0,complete,True,20260904
planned_cloud_drift,26,2026-01-06T02:00:00Z,baseline,unique_failed_accounts,26.0,complete,True,20260904
planned_cloud_drift,27,2026-01-06T03:00:00Z,baseline,unique_failed_accounts,29.0,complete,True,20260904
planned_cloud_drift,28,2026-01-06T04:00:00Z,baseline,unique_failed_accounts,29.0,complete,True,20260904
planned_cloud_drift,29,2026-01-06T05:00:00Z,baseline,unique_failed_accounts,27.0,complete,True,20260904
planned_cloud_drift,30,2026-01-06T06:00:00Z,baseline,unique_failed_accounts,30.0,complete,True,20260904
planned_cloud_drift,31,2026-01-06T07:00:00Z,baseline,unique_failed_accounts,30.0,complete,True,20260904
planned_cloud_drift,32,2026-01-06T08:00:00Z,baseline,unique_failed_accounts,33.0,complete,True,20260904
planned_cloud_drift,33,2026-01-06T09:00:00Z,baseline,unique_failed_accounts,35.0,complete,True,20260904
planned_cloud_drift,34,2026-01-06T10:00:00Z,baseline,unique_failed_accounts,40.0,complete,True,20260904
planned_cloud_drift,35,2026-01-06T11:00:00Z,baseline,unique_failed_accounts,43.0,complete,True,20260904
planned_cloud_drift,36,2026-01-06T12:00:00Z,baseline,unique_failed_accounts,36.0,complete,True,20260904
planned_cloud_drift,37,2026-01-06T13:00:00Z,baseline,unique_failed_accounts,38.0,complete,True,20260904
planned_cloud_drift,38,2026-01-06T14:00:00Z,baseline,unique_failed_accounts,41.0,complete,True,20260904
planned_cloud_drift,39,2026-01-06T15:00:00Z,baseline,unique_failed_accounts,45.0,complete,True,20260904
planned_cloud_drift,40,2026-01-06T16:00:00Z,baseline,unique_failed_accounts,44.0,complete,True,20260904
planned_cloud_drift,41,2026-01-06T17:00:00Z,baseline,unique_failed_accounts,36.0,complete,True,20260904
planned_cloud_drift,42,2026-01-06T18:00:00Z,baseline,unique_failed_accounts,41.0,complete,True,20260904
planned_cloud_drift,43,2026-01-06T19:00:00Z,baseline,unique_failed_accounts,40.0,complete,True,20260904
planned_cloud_drift,44,2026-01-06T20:00:00Z,baseline,unique_failed_accounts,35.0,complete,True,20260904
planned_cloud_drift,45,2026-01-06T21:00:00Z,baseline,unique_failed_accounts,42.0,complete,True,20260904
planned_cloud_drift,46,2026-01-06T22:00:00Z,baseline,unique_failed_accounts,32.0,complete,True,20260904
planned_cloud_drift,47,2026-01-06T23:00:00Z,baseline,unique_failed_accounts,25.0,complete,True,20260904
planned_cloud_drift,48,2026-01-07T00:00:00Z,target,unique_failed_accounts,27,complete,True,20260904
planned_cloud_drift,0,2026-01-05T00:00:00Z,baseline,unique_source_ips,209.0,complete,True,20260904
planned_cloud_drift,1,2026-01-05T01:00:00Z,baseline,unique_source_ips,208.0,complete,True,20260904
planned_cloud_drift,2,2026-01-05T02:00:00Z,baseline,unique_source_ips,196.0,complete,True,20260904
planned_cloud_drift,3,2026-01-05T03:00:00Z,baseline,unique_source_ips,196.0,complete,True,20260904
planned_cloud_drift,4,2026-01-05T04:00:00Z,baseline,unique_source_ips,193.0,complete,True,20260904
planned_cloud_drift,5,2026-01-05T05:00:00Z,baseline,unique_source_ips,205.0,complete,True,20260904
planned_cloud_drift,6,2026-01-05T06:00:00Z,baseline,unique_source_ips,226.0,complete,True,20260904
planned_cloud_drift,7,2026-01-05T07:00:00Z,baseline,unique_source_ips,237.0,complete,True,20260904
planned_cloud_drift,8,2026-01-05T08:00:00Z,baseline,unique_source_ips,220.0,complete,True,20260904
planned_cloud_drift,9,2026-01-05T09:00:00Z,baseline,unique_source_ips,235.0,complete,True,20260904
planned_cloud_drift,10,2026-01-05T10:00:00Z,baseline,unique_source_ips,244.0,complete,True,20260904
planned_cloud_drift,11,2026-01-05T11:00:00Z,baseline,unique_source_ips,256.0,complete,True,20260904
planned_cloud_drift,12,2026-01-05T12:00:00Z,baseline,unique_source_ips,310.0,complete,True,20260904
planned_cloud_drift,13,2026-01-05T13:00:00Z,baseline,unique_source_ips,346.0,complete,True,20260904
planned_cloud_drift,14,2026-01-05T14:00:00Z,baseline,unique_source_ips,253.0,complete,True,20260904
planned_cloud_drift,15,2026-01-05T15:00:00Z,baseline,unique_source_ips,305.0,complete,True,20260904
planned_cloud_drift,16,2026-01-05T16:00:00Z,baseline,unique_source_ips,287.0,complete,True,20260904
planned_cloud_drift,17,2026-01-05T17:00:00Z,baseline,unique_source_ips,282.0,complete,True,20260904
planned_cloud_drift,18,2026-01-05T18:00:00Z,baseline,unique_source_ips,300.0,complete,True,20260904
planned_cloud_drift,19,2026-01-05T19:00:00Z,baseline,unique_source_ips,283.0,complete,True,20260904
planned_cloud_drift,20,2026-01-05T20:00:00Z,baseline,unique_source_ips,252.0,complete,True,20260904
planned_cloud_drift,21,2026-01-05T21:00:00Z,baseline,unique_source_ips,262.0,complete,True,20260904
planned_cloud_drift,22,2026-01-05T22:00:00Z,baseline,unique_source_ips,198.0,complete,True,20260904
planned_cloud_drift,23,2026-01-05T23:00:00Z,baseline,unique_source_ips,205.0,complete,True,20260904
planned_cloud_drift,24,2026-01-06T00:00:00Z,baseline,unique_source_ips,221.0,complete,True,20260904
planned_cloud_drift,25,2026-01-06T01:00:00Z,baseline,unique_source_ips,170.0,complete,True,20260904
planned_cloud_drift,26,2026-01-06T02:00:00Z,baseline,unique_source_ips,176.0,complete,True,20260904
planned_cloud_drift,27,2026-01-06T03:00:00Z,baseline,unique_source_ips,182.0,complete,True,20260904
planned_cloud_drift,28,2026-01-06T04:00:00Z,baseline,unique_source_ips,200.0,complete,True,20260904
planned_cloud_drift,29,2026-01-06T05:00:00Z,baseline,unique_source_ips,212.0,complete,True,20260904
planned_cloud_drift,30,2026-01-06T06:00:00Z,baseline,unique_source_ips,213.0,complete,True,20260904
planned_cloud_drift,31,2026-01-06T07:00:00Z,baseline,unique_source_ips,226.0,complete,True,20260904
planned_cloud_drift,32,2026-01-06T08:00:00Z,baseline,unique_source_ips,246.0,complete,True,20260904
planned_cloud_drift,33,2026-01-06T09:00:00Z,baseline,unique_source_ips,249.0,complete,True,20260904
planned_cloud_drift,34,2026-01-06T10:00:00Z,baseline,unique_source_ips,246.0,complete,True,20260904
planned_cloud_drift,35,2026-01-06T11:00:00Z,baseline,unique_source_ips,280.0,complete,True,20260904
planned_cloud_drift,36,2026-01-06T12:00:00Z,baseline,unique_source_ips,264.0,complete,True,20260904
planned_cloud_drift,37,2026-01-06T13:00:00Z,baseline,unique_source_ips,281.0,complete,True,20260904
planned_cloud_drift,38,2026-01-06T14:00:00Z,baseline,unique_source_ips,289.0,complete,True,20260904
planned_cloud_drift,39,2026-01-06T15:00:00Z,baseline,unique_source_ips,303.0,complete,True,20260904
planned_cloud_drift,40,2026-01-06T16:00:00Z,baseline,unique_source_ips,316.0,complete,True,20260904
planned_cloud_drift,41,2026-01-06T17:00:00Z,baseline,unique_source_ips,283.0,complete,True,20260904
planned_cloud_drift,42,2026-01-06T18:00:00Z,baseline,unique_source_ips,299.0,complete,True,20260904
planned_cloud_drift,43,2026-01-06T19:00:00Z,baseline,unique_source_ips,315.0,complete,True,20260904
planned_cloud_drift,44,2026-01-06T20:00:00Z,baseline,unique_source_ips,253.0,complete,True,20260904
planned_cloud_drift,45,2026-01-06T21:00:00Z,baseline,unique_source_ips,261.0,complete,True,20260904
planned_cloud_drift,46,2026-01-06T22:00:00Z,baseline,unique_source_ips,253.0,complete,True,20260904
planned_cloud_drift,47,2026-01-06T23:00:00Z,baseline,unique_source_ips,211.0,complete,True,20260904
planned_cloud_drift,48,2026-01-07T00:00:00Z,target,unique_source_ips,181,complete,True,20260904
planned_cloud_drift,0,2026-01-05T00:00:00Z,baseline,successful_logins,921.0,complete,True,20260904
planned_cloud_drift,1,2026-01-05T01:00:00Z,baseline,successful_logins,901.0,complete,True,20260904
planned_cloud_drift,2,2026-01-05T02:00:00Z,baseline,successful_logins,857.0,complete,True,20260904
planned_cloud_drift,3,2026-01-05T03:00:00Z,baseline,successful_logins,883.0,complete,True,20260904
planned_cloud_drift,4,2026-01-05T04:00:00Z,baseline,successful_logins,1070.0,complete,True,20260904
planned_cloud_drift,5,2026-01-05T05:00:00Z,baseline,successful_logins,1120.0,complete,True,20260904
planned_cloud_drift,6,2026-01-05T06:00:00Z,baseline,successful_logins,1296.0,complete,True,20260904
planned_cloud_drift,7,2026-01-05T07:00:00Z,baseline,successful_logins,1355.0,complete,True,20260904
planned_cloud_drift,8,2026-01-05T08:00:00Z,baseline,successful_logins,1560.0,complete,True,20260904
planned_cloud_drift,9,2026-01-05T09:00:00Z,baseline,successful_logins,1677.0,complete,True,20260904
planned_cloud_drift,10,2026-01-05T10:00:00Z,baseline,successful_logins,1726.0,complete,True,20260904
planned_cloud_drift,11,2026-01-05T11:00:00Z,baseline,successful_logins,1904.0,complete,True,20260904
planned_cloud_drift,12,2026-01-05T12:00:00Z,baseline,successful_logins,2137.0,complete,True,20260904
planned_cloud_drift,13,2026-01-05T13:00:00Z,baseline,successful_logins,2177.0,complete,True,20260904
planned_cloud_drift,14,2026-01-05T14:00:00Z,baseline,successful_logins,2019.0,complete,True,20260904
planned_cloud_drift,15,2026-01-05T15:00:00Z,baseline,successful_logins,2369.0,complete,True,20260904
planned_cloud_drift,16,2026-01-05T16:00:00Z,baseline,successful_logins,2139.0,complete,True,20260904
planned_cloud_drift,17,2026-01-05T17:00:00Z,baseline,successful_logins,1917.0,complete,True,20260904
planned_cloud_drift,18,2026-01-05T18:00:00Z,baseline,successful_logins,1843.0,complete,True,20260904
planned_cloud_drift,19,2026-01-05T19:00:00Z,baseline,successful_logins,1487.0,complete,True,20260904
planned_cloud_drift,20,2026-01-05T20:00:00Z,baseline,successful_logins,1581.0,complete,True,20260904
planned_cloud_drift,21,2026-01-05T21:00:00Z,baseline,successful_logins,1367.0,complete,True,20260904
planned_cloud_drift,22,2026-01-05T22:00:00Z,baseline,successful_logins,1296.0,complete,True,20260904
planned_cloud_drift,23,2026-01-05T23:00:00Z,baseline,successful_logins,997.0,complete,True,20260904
planned_cloud_drift,24,2026-01-06T00:00:00Z,baseline,successful_logins,1002.0,complete,True,20260904
planned_cloud_drift,25,2026-01-06T01:00:00Z,baseline,successful_logins,977.0,complete,True,20260904
planned_cloud_drift,26,2026-01-06T02:00:00Z,baseline,successful_logins,928.0,complete,True,20260904
planned_cloud_drift,27,2026-01-06T03:00:00Z,baseline,successful_logins,915.0,complete,True,20260904
planned_cloud_drift,28,2026-01-06T04:00:00Z,baseline,successful_logins,972.0,complete,True,20260904
planned_cloud_drift,29,2026-01-06T05:00:00Z,baseline,successful_logins,1202.0,complete,True,20260904
planned_cloud_drift,30,2026-01-06T06:00:00Z,baseline,successful_logins,1188.0,complete,True,20260904
planned_cloud_drift,31,2026-01-06T07:00:00Z,baseline,successful_logins,1423.0,complete,True,20260904
planned_cloud_drift,32,2026-01-06T08:00:00Z,baseline,successful_logins,1534.0,complete,True,20260904
planned_cloud_drift,33,2026-01-06T09:00:00Z,baseline,successful_logins,1714.0,complete,True,20260904
planned_cloud_drift,34,2026-01-06T10:00:00Z,baseline,successful_logins,1726.0,complete,True,20260904
planned_cloud_drift,35,2026-01-06T11:00:00Z,baseline,successful_logins,2037.0,complete,True,20260904
planned_cloud_drift,36,2026-01-06T12:00:00Z,baseline,successful_logins,2143.0,complete,True,20260904
planned_cloud_drift,37,2026-01-06T13:00:00Z,baseline,successful_logins,2064.0,complete,True,20260904
planned_cloud_drift,38,2026-01-06T14:00:00Z,baseline,successful_logins,1899.0,complete,True,20260904
planned_cloud_drift,39,2026-01-06T15:00:00Z,baseline,successful_logins,2026.0,complete,True,20260904
planned_cloud_drift,40,2026-01-06T16:00:00Z,baseline,successful_logins,2086.0,complete,True,20260904
planned_cloud_drift,41,2026-01-06T17:00:00Z,baseline,successful_logins,2032.0,complete,True,20260904
planned_cloud_drift,42,2026-01-06T18:00:00Z,baseline,successful_logins,1892.0,complete,True,20260904
planned_cloud_drift,43,2026-01-06T19:00:00Z,baseline,successful_logins,1590.0,complete,True,20260904
planned_cloud_drift,44,2026-01-06T20:00:00Z,baseline,successful_logins,1643.0,complete,True,20260904
planned_cloud_drift,45,2026-01-06T21:00:00Z,baseline,successful_logins,1359.0,complete,True,20260904
planned_cloud_drift,46,2026-01-06T22:00:00Z,baseline,successful_logins,1221.0,complete,True,20260904
planned_cloud_drift,47,2026-01-06T23:00:00Z,baseline,successful_logins,1142.0,complete,True,20260904
planned_cloud_drift,48,2026-01-07T00:00:00Z,target,successful_logins,956,complete,True,20260904
planned_cloud_drift,0,2026-01-05T00:00:00Z,baseline,privileged_changes,2.0,complete,True,20260904
planned_cloud_drift,1,2026-01-05T01:00:00Z,baseline,privileged_changes,2.0,complete,True,20260904
planned_cloud_drift,2,2026-01-05T02:00:00Z,baseline,privileged_changes,1.0,complete,True,20260904
planned_cloud_drift,3,2026-01-05T03:00:00Z,baseline,privileged_changes,1.0,complete,True,20260904
planned_cloud_drift,4,2026-01-05T04:00:00Z,baseline,privileged_changes,2.0,complete,True,20260904
planned_cloud_drift,5,2026-01-05T05:00:00Z,baseline,privileged_changes,2.0,complete,True,20260904
planned_cloud_drift,6,2026-01-05T06:00:00Z,baseline,privileged_changes,2.0,complete,True,20260904
planned_cloud_drift,7,2026-01-05T07:00:00Z,baseline,privileged_changes,2.0,complete,True,20260904
planned_cloud_drift,8,2026-01-05T08:00:00Z,baseline,privileged_changes,2.0,complete,True,20260904
planned_cloud_drift,9,2026-01-05T09:00:00Z,baseline,privileged_changes,2.0,complete,True,20260904
planned_cloud_drift,10,2026-01-05T10:00:00Z,baseline,privileged_changes,1.0,complete,True,20260904
planned_cloud_drift,11,2026-01-05T11:00:00Z,baseline,privileged_changes,2.0,complete,True,20260904
planned_cloud_drift,12,2026-01-05T12:00:00Z,baseline,privileged_changes,1.0,complete,True,20260904
planned_cloud_drift,13,2026-01-05T13:00:00Z,baseline,privileged_changes,2.0,complete,True,20260904
planned_cloud_drift,14,2026-01-05T14:00:00Z,baseline,privileged_changes,1.0,complete,True,20260904
planned_cloud_drift,15,2026-01-05T15:00:00Z,baseline,privileged_changes,2.0,complete,True,20260904
planned_cloud_drift,16,2026-01-05T16:00:00Z,baseline,privileged_changes,2.0,complete,True,20260904
planned_cloud_drift,17,2026-01-05T17:00:00Z,baseline,privileged_changes,2.0,complete,True,20260904
planned_cloud_drift,18,2026-01-05T18:00:00Z,baseline,privileged_changes,2.0,complete,True,20260904
planned_cloud_drift,19,2026-01-05T19:00:00Z,baseline,privileged_changes,2.0,complete,True,20260904
planned_cloud_drift,20,2026-01-05T20:00:00Z,baseline,privileged_changes,2.0,complete,True,20260904
planned_cloud_drift,21,2026-01-05T21:00:00Z,baseline,privileged_changes,2.0,complete,True,20260904
planned_cloud_drift,22,2026-01-05T22:00:00Z,baseline,privileged_changes,2.0,complete,True,20260904
planned_cloud_drift,23,2026-01-05T23:00:00Z,baseline,privileged_changes,1.0,complete,True,20260904
planned_cloud_drift,24,2026-01-06T00:00:00Z,baseline,privileged_changes,2.0,complete,True,20260904
planned_cloud_drift,25,2026-01-06T01:00:00Z,baseline,privileged_changes,1.0,complete,True,20260904
planned_cloud_drift,26,2026-01-06T02:00:00Z,baseline,privileged_changes,2.0,complete,True,20260904
planned_cloud_drift,27,2026-01-06T03:00:00Z,baseline,privileged_changes,1.0,complete,True,20260904
planned_cloud_drift,28,2026-01-06T04:00:00Z,baseline,privileged_changes,3.0,complete,True,20260904
planned_cloud_drift,29,2026-01-06T05:00:00Z,baseline,privileged_changes,2.0,complete,True,20260904
planned_cloud_drift,30,2026-01-06T06:00:00Z,baseline,privileged_changes,2.0,complete,True,20260904
planned_cloud_drift,31,2026-01-06T07:00:00Z,baseline,privileged_changes,1.0,complete,True,20260904
planned_cloud_drift,32,2026-01-06T08:00:00Z,baseline,privileged_changes,1.0,complete,True,20260904
planned_cloud_drift,33,2026-01-06T09:00:00Z,baseline,privileged_changes,1.0,complete,True,20260904
planned_cloud_drift,34,2026-01-06T10:00:00Z,baseline,privileged_changes,1.0,complete,True,20260904
planned_cloud_drift,35,2026-01-06T11:00:00Z,baseline,privileged_changes,3.0,complete,True,20260904
planned_cloud_drift,36,2026-01-06T12:00:00Z,baseline,privileged_changes,2.0,complete,True,20260904
planned_cloud_drift,37,2026-01-06T13:00:00Z,baseline,privileged_changes,1.0,complete,True,20260904
planned_cloud_drift,38,2026-01-06T14:00:00Z,baseline,privileged_changes,2.0,complete,True,20260904
planned_cloud_drift,39,2026-01-06T15:00:00Z,baseline,privileged_changes,2.0,complete,True,20260904
planned_cloud_drift,40,2026-01-06T16:00:00Z,baseline,privileged_changes,3.0,complete,True,20260904
planned_cloud_drift,41,2026-01-06T17:00:00Z,baseline,privileged_changes,2.0,complete,True,20260904
planned_cloud_drift,42,2026-01-06T18:00:00Z,baseline,privileged_changes,2.0,complete,True,20260904
planned_cloud_drift,43,2026-01-06T19:00:00Z,baseline,privileged_changes,2.0,complete,True,20260904
planned_cloud_drift,44,2026-01-06T20:00:00Z,baseline,privileged_changes,3.0,complete,True,20260904
planned_cloud_drift,45,2026-01-06T21:00:00Z,baseline,privileged_changes,1.0,complete,True,20260904
planned_cloud_drift,46,2026-01-06T22:00:00Z,baseline,privileged_changes,2.0,complete,True,20260904
planned_cloud_drift,47,2026-01-06T23:00:00Z,baseline,privileged_changes,2.0,complete,True,20260904
planned_cloud_drift,48,2026-01-07T00:00:00Z,target,privileged_changes,1,complete,True,20260904
planned_cloud_drift,0,2026-01-05T00:00:00Z,baseline,outbound_mb,675.269,complete,True,20260904
planned_cloud_drift,1,2026-01-05T01:00:00Z,baseline,outbound_mb,597.199,complete,True,20260904
planned_cloud_drift,2,2026-01-05T02:00:00Z,baseline,outbound_mb,549.901,complete,True,20260904
planned_cloud_drift,3,2026-01-05T03:00:00Z,baseline,outbound_mb,523.125,complete,True,20260904
planned_cloud_drift,4,2026-01-05T04:00:00Z,baseline,outbound_mb,605.926,complete,True,20260904
planned_cloud_drift,5,2026-01-05T05:00:00Z,baseline,outbound_mb,687.675,complete,True,20260904
planned_cloud_drift,6,2026-01-05T06:00:00Z,baseline,outbound_mb,614.23,complete,True,20260904
planned_cloud_drift,7,2026-01-05T07:00:00Z,baseline,outbound_mb,816.144,complete,True,20260904
planned_cloud_drift,8,2026-01-05T08:00:00Z,baseline,outbound_mb,810.286,complete,True,20260904
planned_cloud_drift,9,2026-01-05T09:00:00Z,baseline,outbound_mb,972.091,complete,True,20260904
planned_cloud_drift,10,2026-01-05T10:00:00Z,baseline,outbound_mb,995.423,complete,True,20260904
planned_cloud_drift,11,2026-01-05T11:00:00Z,baseline,outbound_mb,1105.686,complete,True,20260904
planned_cloud_drift,12,2026-01-05T12:00:00Z,baseline,outbound_mb,1038.43,complete,True,20260904
planned_cloud_drift,13,2026-01-05T13:00:00Z,baseline,outbound_mb,1064.828,complete,True,20260904
planned_cloud_drift,14,2026-01-05T14:00:00Z,baseline,outbound_mb,1185.413,complete,True,20260904
planned_cloud_drift,15,2026-01-05T15:00:00Z,baseline,outbound_mb,1203.024,complete,True,20260904
planned_cloud_drift,16,2026-01-05T16:00:00Z,baseline,outbound_mb,1087.879,complete,True,20260904
planned_cloud_drift,17,2026-01-05T17:00:00Z,baseline,outbound_mb,1043.816,complete,True,20260904
planned_cloud_drift,18,2026-01-05T18:00:00Z,baseline,outbound_mb,1078.516,complete,True,20260904
planned_cloud_drift,19,2026-01-05T19:00:00Z,baseline,outbound_mb,927.793,complete,True,20260904
planned_cloud_drift,20,2026-01-05T20:00:00Z,baseline,outbound_mb,948.033,complete,True,20260904
planned_cloud_drift,21,2026-01-05T21:00:00Z,baseline,outbound_mb,916.864,complete,True,20260904
planned_cloud_drift,22,2026-01-05T22:00:00Z,baseline,outbound_mb,603.137,complete,True,20260904
planned_cloud_drift,23,2026-01-05T23:00:00Z,baseline,outbound_mb,683.573,complete,True,20260904
planned_cloud_drift,24,2026-01-06T00:00:00Z,baseline,outbound_mb,573.935,complete,True,20260904
planned_cloud_drift,25,2026-01-06T01:00:00Z,baseline,outbound_mb,560.382,complete,True,20260904
planned_cloud_drift,26,2026-01-06T02:00:00Z,baseline,outbound_mb,589.758,complete,True,20260904
planned_cloud_drift,27,2026-01-06T03:00:00Z,baseline,outbound_mb,569.497,complete,True,20260904
planned_cloud_drift,28,2026-01-06T04:00:00Z,baseline,outbound_mb,630.372,complete,True,20260904
planned_cloud_drift,29,2026-01-06T05:00:00Z,baseline,outbound_mb,633.811,complete,True,20260904
planned_cloud_drift,30,2026-01-06T06:00:00Z,baseline,outbound_mb,786.26,complete,True,20260904
planned_cloud_drift,31,2026-01-06T07:00:00Z,baseline,outbound_mb,835.018,complete,True,20260904
planned_cloud_drift,32,2026-01-06T08:00:00Z,baseline,outbound_mb,893.767,complete,True,20260904
planned_cloud_drift,33,2026-01-06T09:00:00Z,baseline,outbound_mb,953.61,complete,True,20260904
planned_cloud_drift,34,2026-01-06T10:00:00Z,baseline,outbound_mb,933.034,complete,True,20260904
planned_cloud_drift,35,2026-01-06T11:00:00Z,baseline,outbound_mb,1277.439,complete,True,20260904
planned_cloud_drift,36,2026-01-06T12:00:00Z,baseline,outbound_mb,1207.574,complete,True,20260904
planned_cloud_drift,37,2026-01-06T13:00:00Z,baseline,outbound_mb,1162.619,complete,True,20260904
planned_cloud_drift,38,2026-01-06T14:00:00Z,baseline,outbound_mb,1112.91,complete,True,20260904
planned_cloud_drift,39,2026-01-06T15:00:00Z,baseline,outbound_mb,1221.104,complete,True,20260904
planned_cloud_drift,40,2026-01-06T16:00:00Z,baseline,outbound_mb,1136.154,complete,True,20260904
planned_cloud_drift,41,2026-01-06T17:00:00Z,baseline,outbound_mb,1077.533,complete,True,20260904
planned_cloud_drift,42,2026-01-06T18:00:00Z,baseline,outbound_mb,1077.116,complete,True,20260904
planned_cloud_drift,43,2026-01-06T19:00:00Z,baseline,outbound_mb,833.138,complete,True,20260904
planned_cloud_drift,44,2026-01-06T20:00:00Z,baseline,outbound_mb,834.813,complete,True,20260904
planned_cloud_drift,45,2026-01-06T21:00:00Z,baseline,outbound_mb,834.165,complete,True,20260904
planned_cloud_drift,46,2026-01-06T22:00:00Z,baseline,outbound_mb,716.299,complete,True,20260904
planned_cloud_drift,47,2026-01-06T23:00:00Z,baseline,outbound_mb,675.363,complete,True,20260904
planned_cloud_drift,48,2026-01-07T00:00:00Z,target,outbound_mb,745.052,complete,True,20260904
planned_cloud_drift,0,2026-01-05T00:00:00Z,baseline,api_5xx,14.0,complete,True,20260904
planned_cloud_drift,1,2026-01-05T01:00:00Z,baseline,api_5xx,13.0,complete,True,20260904
planned_cloud_drift,2,2026-01-05T02:00:00Z,baseline,api_5xx,11.0,complete,True,20260904
planned_cloud_drift,3,2026-01-05T03:00:00Z,baseline,api_5xx,13.0,complete,True,20260904
planned_cloud_drift,4,2026-01-05T04:00:00Z,baseline,api_5xx,10.0,complete,True,20260904
planned_cloud_drift,5,2026-01-05T05:00:00Z,baseline,api_5xx,14.0,complete,True,20260904
planned_cloud_drift,6,2026-01-05T06:00:00Z,baseline,api_5xx,15.0,complete,True,20260904
planned_cloud_drift,7,2026-01-05T07:00:00Z,baseline,api_5xx,19.0,complete,True,20260904
planned_cloud_drift,8,2026-01-05T08:00:00Z,baseline,api_5xx,15.0,complete,True,20260904
planned_cloud_drift,9,2026-01-05T09:00:00Z,baseline,api_5xx,23.0,complete,True,20260904
planned_cloud_drift,10,2026-01-05T10:00:00Z,baseline,api_5xx,16.0,complete,True,20260904
planned_cloud_drift,11,2026-01-05T11:00:00Z,baseline,api_5xx,24.0,complete,True,20260904
planned_cloud_drift,12,2026-01-05T12:00:00Z,baseline,api_5xx,15.0,complete,True,20260904
planned_cloud_drift,13,2026-01-05T13:00:00Z,baseline,api_5xx,24.0,complete,True,20260904
planned_cloud_drift,14,2026-01-05T14:00:00Z,baseline,api_5xx,22.0,complete,True,20260904
planned_cloud_drift,15,2026-01-05T15:00:00Z,baseline,api_5xx,27.0,complete,True,20260904
planned_cloud_drift,16,2026-01-05T16:00:00Z,baseline,api_5xx,24.0,complete,True,20260904
planned_cloud_drift,17,2026-01-05T17:00:00Z,baseline,api_5xx,25.0,complete,True,20260904
planned_cloud_drift,18,2026-01-05T18:00:00Z,baseline,api_5xx,16.0,complete,True,20260904
planned_cloud_drift,19,2026-01-05T19:00:00Z,baseline,api_5xx,18.0,complete,True,20260904
planned_cloud_drift,20,2026-01-05T20:00:00Z,baseline,api_5xx,19.0,complete,True,20260904
planned_cloud_drift,21,2026-01-05T21:00:00Z,baseline,api_5xx,19.0,complete,True,20260904
planned_cloud_drift,22,2026-01-05T22:00:00Z,baseline,api_5xx,16.0,complete,True,20260904
planned_cloud_drift,23,2026-01-05T23:00:00Z,baseline,api_5xx,10.0,complete,True,20260904
planned_cloud_drift,24,2026-01-06T00:00:00Z,baseline,api_5xx,12.0,complete,True,20260904
planned_cloud_drift,25,2026-01-06T01:00:00Z,baseline,api_5xx,12.0,complete,True,20260904
planned_cloud_drift,26,2026-01-06T02:00:00Z,baseline,api_5xx,14.0,complete,True,20260904
planned_cloud_drift,27,2026-01-06T03:00:00Z,baseline,api_5xx,8.0,complete,True,20260904
planned_cloud_drift,28,2026-01-06T04:00:00Z,baseline,api_5xx,12.0,complete,True,20260904
planned_cloud_drift,29,2026-01-06T05:00:00Z,baseline,api_5xx,15.0,complete,True,20260904
planned_cloud_drift,30,2026-01-06T06:00:00Z,baseline,api_5xx,14.0,complete,True,20260904
planned_cloud_drift,31,2026-01-06T07:00:00Z,baseline,api_5xx,21.0,complete,True,20260904
planned_cloud_drift,32,2026-01-06T08:00:00Z,baseline,api_5xx,18.0,complete,True,20260904
planned_cloud_drift,33,2026-01-06T09:00:00Z,baseline,api_5xx,23.0,complete,True,20260904
planned_cloud_drift,34,2026-01-06T10:00:00Z,baseline,api_5xx,27.0,complete,True,20260904
planned_cloud_drift,35,2026-01-06T11:00:00Z,baseline,api_5xx,20.0,complete,True,20260904
planned_cloud_drift,36,2026-01-06T12:00:00Z,baseline,api_5xx,26.0,complete,True,20260904
planned_cloud_drift,37,2026-01-06T13:00:00Z,baseline,api_5xx,18.0,complete,True,20260904
planned_cloud_drift,38,2026-01-06T14:00:00Z,baseline,api_5xx,22.0,complete,True,20260904
planned_cloud_drift,39,2026-01-06T15:00:00Z,baseline,api_5xx,17.0,complete,True,20260904
planned_cloud_drift,40,2026-01-06T16:00:00Z,baseline,api_5xx,19.0,complete,True,20260904
planned_cloud_drift,41,2026-01-06T17:00:00Z,baseline,api_5xx,22.0,complete,True,20260904
planned_cloud_drift,42,2026-01-06T18:00:00Z,baseline,api_5xx,16.0,complete,True,20260904
planned_cloud_drift,43,2026-01-06T19:00:00Z,baseline,api_5xx,19.0,complete,True,20260904
planned_cloud_drift,44,2026-01-06T20:00:00Z,baseline,api_5xx,15.0,complete,True,20260904
planned_cloud_drift,45,2026-01-06T21:00:00Z,baseline,api_5xx,18.0,complete,True,20260904
planned_cloud_drift,46,2026-01-06T22:00:00Z,baseline,api_5xx,16.0,complete,True,20260904
planned_cloud_drift,47,2026-01-06T23:00:00Z,baseline,api_5xx,17.0,complete,True,20260904
planned_cloud_drift,48,2026-01-07T00:00:00Z,target,api_5xx,16,complete,True,20260904
planned_cloud_drift,0,2026-01-05T00:00:00Z,baseline,endpoint_alerts,4.0,complete,True,20260904
planned_cloud_drift,1,2026-01-05T01:00:00Z,baseline,endpoint_alerts,7.0,complete,True,20260904
planned_cloud_drift,2,2026-01-05T02:00:00Z,baseline,endpoint_alerts,3.0,complete,True,20260904
planned_cloud_drift,3,2026-01-05T03:00:00Z,baseline,endpoint_alerts,4.0,complete,True,20260904
planned_cloud_drift,4,2026-01-05T04:00:00Z,baseline,endpoint_alerts,4.0,complete,True,20260904
planned_cloud_drift,5,2026-01-05T05:00:00Z,baseline,endpoint_alerts,4.0,complete,True,20260904
planned_cloud_drift,6,2026-01-05T06:00:00Z,baseline,endpoint_alerts,1.0,complete,True,20260904
planned_cloud_drift,7,2026-01-05T07:00:00Z,baseline,endpoint_alerts,4.0,complete,True,20260904
planned_cloud_drift,8,2026-01-05T08:00:00Z,baseline,endpoint_alerts,3.0,complete,True,20260904
planned_cloud_drift,9,2026-01-05T09:00:00Z,baseline,endpoint_alerts,6.0,complete,True,20260904
planned_cloud_drift,10,2026-01-05T10:00:00Z,baseline,endpoint_alerts,4.0,complete,True,20260904
planned_cloud_drift,11,2026-01-05T11:00:00Z,baseline,endpoint_alerts,5.0,complete,True,20260904
planned_cloud_drift,12,2026-01-05T12:00:00Z,baseline,endpoint_alerts,4.0,complete,True,20260904
planned_cloud_drift,13,2026-01-05T13:00:00Z,baseline,endpoint_alerts,7.0,complete,True,20260904
planned_cloud_drift,14,2026-01-05T14:00:00Z,baseline,endpoint_alerts,3.0,complete,True,20260904
planned_cloud_drift,15,2026-01-05T15:00:00Z,baseline,endpoint_alerts,5.0,complete,True,20260904
planned_cloud_drift,16,2026-01-05T16:00:00Z,baseline,endpoint_alerts,7.0,complete,True,20260904
planned_cloud_drift,17,2026-01-05T17:00:00Z,baseline,endpoint_alerts,5.0,complete,True,20260904
planned_cloud_drift,18,2026-01-05T18:00:00Z,baseline,endpoint_alerts,1.0,complete,True,20260904
planned_cloud_drift,19,2026-01-05T19:00:00Z,baseline,endpoint_alerts,6.0,complete,True,20260904
planned_cloud_drift,20,2026-01-05T20:00:00Z,baseline,endpoint_alerts,3.0,complete,True,20260904
planned_cloud_drift,21,2026-01-05T21:00:00Z,baseline,endpoint_alerts,1.0,complete,True,20260904
planned_cloud_drift,22,2026-01-05T22:00:00Z,baseline,endpoint_alerts,4.0,complete,True,20260904
planned_cloud_drift,23,2026-01-05T23:00:00Z,baseline,endpoint_alerts,5.0,complete,True,20260904
planned_cloud_drift,24,2026-01-06T00:00:00Z,baseline,endpoint_alerts,4.0,complete,True,20260904
planned_cloud_drift,25,2026-01-06T01:00:00Z,baseline,endpoint_alerts,3.0,complete,True,20260904
planned_cloud_drift,26,2026-01-06T02:00:00Z,baseline,endpoint_alerts,2.0,complete,True,20260904
planned_cloud_drift,27,2026-01-06T03:00:00Z,baseline,endpoint_alerts,6.0,complete,True,20260904
planned_cloud_drift,28,2026-01-06T04:00:00Z,baseline,endpoint_alerts,4.0,complete,True,20260904
planned_cloud_drift,29,2026-01-06T05:00:00Z,baseline,endpoint_alerts,4.0,complete,True,20260904
planned_cloud_drift,30,2026-01-06T06:00:00Z,baseline,endpoint_alerts,6.0,complete,True,20260904
planned_cloud_drift,31,2026-01-06T07:00:00Z,baseline,endpoint_alerts,3.0,complete,True,20260904
planned_cloud_drift,32,2026-01-06T08:00:00Z,baseline,endpoint_alerts,6.0,complete,True,20260904
planned_cloud_drift,33,2026-01-06T09:00:00Z,baseline,endpoint_alerts,6.0,complete,True,20260904
planned_cloud_drift,34,2026-01-06T10:00:00Z,baseline,endpoint_alerts,7.0,complete,True,20260904
planned_cloud_drift,35,2026-01-06T11:00:00Z,baseline,endpoint_alerts,3.0,complete,True,20260904
planned_cloud_drift,36,2026-01-06T12:00:00Z,baseline,endpoint_alerts,5.0,complete,True,20260904
planned_cloud_drift,37,2026-01-06T13:00:00Z,baseline,endpoint_alerts,5.0,complete,True,20260904
planned_cloud_drift,38,2026-01-06T14:00:00Z,baseline,endpoint_alerts,4.0,complete,True,20260904
planned_cloud_drift,39,2026-01-06T15:00:00Z,baseline,endpoint_alerts,1.0,complete,True,20260904
planned_cloud_drift,40,2026-01-06T16:00:00Z,baseline,endpoint_alerts,4.0,complete,True,20260904
planned_cloud_drift,41,2026-01-06T17:00:00Z,baseline,endpoint_alerts,7.0,complete,True,20260904
planned_cloud_drift,42,2026-01-06T18:00:00Z,baseline,endpoint_alerts,5.0,complete,True,20260904
planned_cloud_drift,43,2026-01-06T19:00:00Z,baseline,endpoint_alerts,5.0,complete,True,20260904
planned_cloud_drift,44,2026-01-06T20:00:00Z,baseline,endpoint_alerts,6.0,complete,True,20260904
planned_cloud_drift,45,2026-01-06T21:00:00Z,baseline,endpoint_alerts,3.0,complete,True,20260904
planned_cloud_drift,46,2026-01-06T22:00:00Z,baseline,endpoint_alerts,4.0,complete,True,20260904
planned_cloud_drift,47,2026-01-06T23:00:00Z,baseline,endpoint_alerts,3.0,complete,True,20260904
planned_cloud_drift,48,2026-01-07T00:00:00Z,target,endpoint_alerts,5,complete,True,20260904
planned_cloud_drift,0,2026-01-05T00:00:00Z,baseline,file_rename_events,31.0,complete,True,20260904
planned_cloud_drift,1,2026-01-05T01:00:00Z,baseline,file_rename_events,39.0,complete,True,20260904
planned_cloud_drift,2,2026-01-05T02:00:00Z,baseline,file_rename_events,35.0,complete,True,20260904
planned_cloud_drift,3,2026-01-05T03:00:00Z,baseline,file_rename_events,33.0,complete,True,20260904
planned_cloud_drift,4,2026-01-05T04:00:00Z,baseline,file_rename_events,36.0,complete,True,20260904
planned_cloud_drift,5,2026-01-05T05:00:00Z,baseline,file_rename_events,42.0,complete,True,20260904
planned_cloud_drift,6,2026-01-05T06:00:00Z,baseline,file_rename_events,39.0,complete,True,20260904
planned_cloud_drift,7,2026-01-05T07:00:00Z,baseline,file_rename_events,37.0,complete,True,20260904
planned_cloud_drift,8,2026-01-05T08:00:00Z,baseline,file_rename_events,45.0,complete,True,20260904
planned_cloud_drift,9,2026-01-05T09:00:00Z,baseline,file_rename_events,48.0,complete,True,20260904
planned_cloud_drift,10,2026-01-05T10:00:00Z,baseline,file_rename_events,43.0,complete,True,20260904
planned_cloud_drift,11,2026-01-05T11:00:00Z,baseline,file_rename_events,53.0,complete,True,20260904
planned_cloud_drift,12,2026-01-05T12:00:00Z,baseline,file_rename_events,48.0,complete,True,20260904
planned_cloud_drift,13,2026-01-05T13:00:00Z,baseline,file_rename_events,54.0,complete,True,20260904
planned_cloud_drift,14,2026-01-05T14:00:00Z,baseline,file_rename_events,53.0,complete,True,20260904
planned_cloud_drift,15,2026-01-05T15:00:00Z,baseline,file_rename_events,56.0,complete,True,20260904
planned_cloud_drift,16,2026-01-05T16:00:00Z,baseline,file_rename_events,43.0,complete,True,20260904
planned_cloud_drift,17,2026-01-05T17:00:00Z,baseline,file_rename_events,54.0,complete,True,20260904
planned_cloud_drift,18,2026-01-05T18:00:00Z,baseline,file_rename_events,47.0,complete,True,20260904
planned_cloud_drift,19,2026-01-05T19:00:00Z,baseline,file_rename_events,43.0,complete,True,20260904
planned_cloud_drift,20,2026-01-05T20:00:00Z,baseline,file_rename_events,47.0,complete,True,20260904
planned_cloud_drift,21,2026-01-05T21:00:00Z,baseline,file_rename_events,51.0,complete,True,20260904
planned_cloud_drift,22,2026-01-05T22:00:00Z,baseline,file_rename_events,43.0,complete,True,20260904
planned_cloud_drift,23,2026-01-05T23:00:00Z,baseline,file_rename_events,34.0,complete,True,20260904
planned_cloud_drift,24,2026-01-06T00:00:00Z,baseline,file_rename_events,34.0,complete,True,20260904
planned_cloud_drift,25,2026-01-06T01:00:00Z,baseline,file_rename_events,35.0,complete,True,20260904
planned_cloud_drift,26,2026-01-06T02:00:00Z,baseline,file_rename_events,36.0,complete,True,20260904
planned_cloud_drift,27,2026-01-06T03:00:00Z,baseline,file_rename_events,40.0,complete,True,20260904
planned_cloud_drift,28,2026-01-06T04:00:00Z,baseline,file_rename_events,30.0,complete,True,20260904
planned_cloud_drift,29,2026-01-06T05:00:00Z,baseline,file_rename_events,26.0,complete,True,20260904
planned_cloud_drift,30,2026-01-06T06:00:00Z,baseline,file_rename_events,45.0,complete,True,20260904
planned_cloud_drift,31,2026-01-06T07:00:00Z,baseline,file_rename_events,44.0,complete,True,20260904
planned_cloud_drift,32,2026-01-06T08:00:00Z,baseline,file_rename_events,43.0,complete,True,20260904
planned_cloud_drift,33,2026-01-06T09:00:00Z,baseline,file_rename_events,39.0,complete,True,20260904
planned_cloud_drift,34,2026-01-06T10:00:00Z,baseline,file_rename_events,53.0,complete,True,20260904
planned_cloud_drift,35,2026-01-06T11:00:00Z,baseline,file_rename_events,41.0,complete,True,20260904
planned_cloud_drift,36,2026-01-06T12:00:00Z,baseline,file_rename_events,52.0,complete,True,20260904
planned_cloud_drift,37,2026-01-06T13:00:00Z,baseline,file_rename_events,49.0,complete,True,20260904
planned_cloud_drift,38,2026-01-06T14:00:00Z,baseline,file_rename_events,57.0,complete,True,20260904
planned_cloud_drift,39,2026-01-06T15:00:00Z,baseline,file_rename_events,51.0,complete,True,20260904
planned_cloud_drift,40,2026-01-06T16:00:00Z,baseline,file_rename_events,59.0,complete,True,20260904
planned_cloud_drift,41,2026-01-06T17:00:00Z,baseline,file_rename_events,47.0,complete,True,20260904
planned_cloud_drift,42,2026-01-06T18:00:00Z,baseline,file_rename_events,58.0,complete,True,20260904
planned_cloud_drift,43,2026-01-06T19:00:00Z,baseline,file_rename_events,43.0,complete,True,20260904
planned_cloud_drift,44,2026-01-06T20:00:00Z,baseline,file_rename_events,45.0,complete,True,20260904
planned_cloud_drift,45,2026-01-06T21:00:00Z,baseline,file_rename_events,37.0,complete,True,20260904
planned_cloud_drift,46,2026-01-06T22:00:00Z,baseline,file_rename_events,39.0,complete,True,20260904
planned_cloud_drift,47,2026-01-06T23:00:00Z,baseline,file_rename_events,38.0,complete,True,20260904
planned_cloud_drift,48,2026-01-07T00:00:00Z,target,file_rename_events,42,complete,True,20260904
planned_cloud_drift,0,2026-01-05T00:00:00Z,baseline,inbound_requests,29215.0,complete,True,20260904
planned_cloud_drift,1,2026-01-05T01:00:00Z,baseline,inbound_requests,28603.0,complete,True,20260904
planned_cloud_drift,2,2026-01-05T02:00:00Z,baseline,inbound_requests,29699.0,complete,True,20260904
planned_cloud_drift,3,2026-01-05T03:00:00Z,baseline,inbound_requests,28035.0,complete,True,20260904
planned_cloud_drift,4,2026-01-05T04:00:00Z,baseline,inbound_requests,29861.0,complete,True,20260904
planned_cloud_drift,5,2026-01-05T05:00:00Z,baseline,inbound_requests,34774.0,complete,True,20260904
planned_cloud_drift,6,2026-01-05T06:00:00Z,baseline,inbound_requests,37742.0,complete,True,20260904
planned_cloud_drift,7,2026-01-05T07:00:00Z,baseline,inbound_requests,42216.0,complete,True,20260904
planned_cloud_drift,8,2026-01-05T08:00:00Z,baseline,inbound_requests,47988.0,complete,True,20260904
planned_cloud_drift,9,2026-01-05T09:00:00Z,baseline,inbound_requests,61204.0,complete,True,20260904
planned_cloud_drift,10,2026-01-05T10:00:00Z,baseline,inbound_requests,58617.0,complete,True,20260904
planned_cloud_drift,11,2026-01-05T11:00:00Z,baseline,inbound_requests,64974.0,complete,True,20260904
planned_cloud_drift,12,2026-01-05T12:00:00Z,baseline,inbound_requests,66600.0,complete,True,20260904
planned_cloud_drift,13,2026-01-05T13:00:00Z,baseline,inbound_requests,81325.0,complete,True,20260904
planned_cloud_drift,14,2026-01-05T14:00:00Z,baseline,inbound_requests,72098.0,complete,True,20260904
planned_cloud_drift,15,2026-01-05T15:00:00Z,baseline,inbound_requests,74136.0,complete,True,20260904
planned_cloud_drift,16,2026-01-05T16:00:00Z,baseline,inbound_requests,67704.0,complete,True,20260904
planned_cloud_drift,17,2026-01-05T17:00:00Z,baseline,inbound_requests,70379.0,complete,True,20260904
planned_cloud_drift,18,2026-01-05T18:00:00Z,baseline,inbound_requests,67071.0,complete,True,20260904
planned_cloud_drift,19,2026-01-05T19:00:00Z,baseline,inbound_requests,56385.0,complete,True,20260904
planned_cloud_drift,20,2026-01-05T20:00:00Z,baseline,inbound_requests,51204.0,complete,True,20260904
planned_cloud_drift,21,2026-01-05T21:00:00Z,baseline,inbound_requests,45079.0,complete,True,20260904
planned_cloud_drift,22,2026-01-05T22:00:00Z,baseline,inbound_requests,37384.0,complete,True,20260904
planned_cloud_drift,23,2026-01-05T23:00:00Z,baseline,inbound_requests,34456.0,complete,True,20260904
planned_cloud_drift,24,2026-01-06T00:00:00Z,baseline,inbound_requests,30081.0,complete,True,20260904
planned_cloud_drift,25,2026-01-06T01:00:00Z,baseline,inbound_requests,27819.0,complete,True,20260904
planned_cloud_drift,26,2026-01-06T02:00:00Z,baseline,inbound_requests,30479.0,complete,True,20260904
planned_cloud_drift,27,2026-01-06T03:00:00Z,baseline,inbound_requests,29538.0,complete,True,20260904
planned_cloud_drift,28,2026-01-06T04:00:00Z,baseline,inbound_requests,32921.0,complete,True,20260904
planned_cloud_drift,29,2026-01-06T05:00:00Z,baseline,inbound_requests,36139.0,complete,True,20260904
planned_cloud_drift,30,2026-01-06T06:00:00Z,baseline,inbound_requests,41759.0,complete,True,20260904
planned_cloud_drift,31,2026-01-06T07:00:00Z,baseline,inbound_requests,43798.0,complete,True,20260904
planned_cloud_drift,32,2026-01-06T08:00:00Z,baseline,inbound_requests,55443.0,complete,True,20260904
planned_cloud_drift,33,2026-01-06T09:00:00Z,baseline,inbound_requests,58823.0,complete,True,20260904
planned_cloud_drift,34,2026-01-06T10:00:00Z,baseline,inbound_requests,63630.0,complete,True,20260904
planned_cloud_drift,35,2026-01-06T11:00:00Z,baseline,inbound_requests,72011.0,complete,True,20260904
planned_cloud_drift,36,2026-01-06T12:00:00Z,baseline,inbound_requests,69082.0,complete,True,20260904
planned_cloud_drift,37,2026-01-06T13:00:00Z,baseline,inbound_requests,71773.0,complete,True,20260904
planned_cloud_drift,38,2026-01-06T14:00:00Z,baseline,inbound_requests,71515.0,complete,True,20260904
planned_cloud_drift,39,2026-01-06T15:00:00Z,baseline,inbound_requests,77318.0,complete,True,20260904
planned_cloud_drift,40,2026-01-06T16:00:00Z,baseline,inbound_requests,70001.0,complete,True,20260904
planned_cloud_drift,41,2026-01-06T17:00:00Z,baseline,inbound_requests,64589.0,complete,True,20260904
planned_cloud_drift,42,2026-01-06T18:00:00Z,baseline,inbound_requests,63154.0,complete,True,20260904
planned_cloud_drift,43,2026-01-06T19:00:00Z,baseline,inbound_requests,64633.0,complete,True,20260904
planned_cloud_drift,44,2026-01-06T20:00:00Z,baseline,inbound_requests,49178.0,complete,True,20260904
planned_cloud_drift,45,2026-01-06T21:00:00Z,baseline,inbound_requests,45160.0,complete,True,20260904
planned_cloud_drift,46,2026-01-06T22:00:00Z,baseline,inbound_requests,41458.0,complete,True,20260904
planned_cloud_drift,47,2026-01-06T23:00:00Z,baseline,inbound_requests,34798.0,complete,True,20260904
planned_cloud_drift,48,2026-01-07T00:00:00Z,target,inbound_requests,34878,complete,True,20260904
approved_backup,0,2026-01-05T00:00:00Z,baseline,auth_failures,87.0,complete,True,20260905
approved_backup,1,2026-01-05T01:00:00Z,baseline,auth_failures,75.0,complete,True,20260905
approved_backup,2,2026-01-05T02:00:00Z,baseline,auth_failures,98.0,complete,True,20260905
approved_backup,3,2026-01-05T03:00:00Z,baseline,auth_failures,83.0,complete,True,20260905
approved_backup,4,2026-01-05T04:00:00Z,baseline,auth_failures,90.0,complete,True,20260905
approved_backup,5,2026-01-05T05:00:00Z,baseline,auth_failures,99.0,complete,True,20260905
approved_backup,6,2026-01-05T06:00:00Z,baseline,auth_failures,102.0,complete,True,20260905
approved_backup,7,2026-01-05T07:00:00Z,baseline,auth_failures,111.0,complete,True,20260905
approved_backup,8,2026-01-05T08:00:00Z,baseline,auth_failures,106.0,complete,True,20260905
approved_backup,9,2026-01-05T09:00:00Z,baseline,auth_failures,122.0,complete,True,20260905
approved_backup,10,2026-01-05T10:00:00Z,baseline,auth_failures,121.0,complete,True,20260905
approved_backup,11,2026-01-05T11:00:00Z,baseline,auth_failures,151.0,complete,True,20260905
approved_backup,12,2026-01-05T12:00:00Z,baseline,auth_failures,139.0,complete,True,20260905
approved_backup,13,2026-01-05T13:00:00Z,baseline,auth_failures,140.0,complete,True,20260905
approved_backup,14,2026-01-05T14:00:00Z,baseline,auth_failures,171.0,complete,True,20260905
approved_backup,15,2026-01-05T15:00:00Z,baseline,auth_failures,156.0,complete,True,20260905
approved_backup,16,2026-01-05T16:00:00Z,baseline,auth_failures,144.0,complete,True,20260905
approved_backup,17,2026-01-05T17:00:00Z,baseline,auth_failures,152.0,complete,True,20260905
approved_backup,18,2026-01-05T18:00:00Z,baseline,auth_failures,143.0,complete,True,20260905
approved_backup,19,2026-01-05T19:00:00Z,baseline,auth_failures,151.0,complete,True,20260905
approved_backup,20,2026-01-05T20:00:00Z,baseline,auth_failures,119.0,complete,True,20260905
approved_backup,21,2026-01-05T21:00:00Z,baseline,auth_failures,109.0,complete,True,20260905
approved_backup,22,2026-01-05T22:00:00Z,baseline,auth_failures,104.0,complete,True,20260905
approved_backup,23,2026-01-05T23:00:00Z,baseline,auth_failures,106.0,complete,True,20260905
approved_backup,24,2026-01-06T00:00:00Z,baseline,auth_failures,99.0,complete,True,20260905
approved_backup,25,2026-01-06T01:00:00Z,baseline,auth_failures,89.0,complete,True,20260905
approved_backup,26,2026-01-06T02:00:00Z,baseline,auth_failures,73.0,complete,True,20260905
approved_backup,27,2026-01-06T03:00:00Z,baseline,auth_failures,86.0,complete,True,20260905
approved_backup,28,2026-01-06T04:00:00Z,baseline,auth_failures,99.0,complete,True,20260905
approved_backup,29,2026-01-06T05:00:00Z,baseline,auth_failures,103.0,complete,True,20260905
approved_backup,30,2026-01-06T06:00:00Z,baseline,auth_failures,114.0,complete,True,20260905
approved_backup,31,2026-01-06T07:00:00Z,baseline,auth_failures,120.0,complete,True,20260905
approved_backup,32,2026-01-06T08:00:00Z,baseline,auth_failures,121.0,complete,True,20260905
approved_backup,33,2026-01-06T09:00:00Z,baseline,auth_failures,139.0,complete,True,20260905
approved_backup,34,2026-01-06T10:00:00Z,baseline,auth_failures,110.0,complete,True,20260905
approved_backup,35,2026-01-06T11:00:00Z,baseline,auth_failures,160.0,complete,True,20260905
approved_backup,36,2026-01-06T12:00:00Z,baseline,auth_failures,168.0,complete,True,20260905
approved_backup,37,2026-01-06T13:00:00Z,baseline,auth_failures,164.0,complete,True,20260905
approved_backup,38,2026-01-06T14:00:00Z,baseline,auth_failures,161.0,complete,True,20260905
approved_backup,39,2026-01-06T15:00:00Z,baseline,auth_failures,171.0,complete,True,20260905
approved_backup,40,2026-01-06T16:00:00Z,baseline,auth_failures,160.0,complete,True,20260905
approved_backup,41,2026-01-06T17:00:00Z,baseline,auth_failures,145.0,complete,True,20260905
approved_backup,42,2026-01-06T18:00:00Z,baseline,auth_failures,130.0,complete,True,20260905
approved_backup,43,2026-01-06T19:00:00Z,baseline,auth_failures,121.0,complete,True,20260905
approved_backup,44,2026-01-06T20:00:00Z,baseline,auth_failures,112.0,complete,True,20260905
approved_backup,45,2026-01-06T21:00:00Z,baseline,auth_failures,119.0,complete,True,20260905
approved_backup,46,2026-01-06T22:00:00Z,baseline,auth_failures,111.0,complete,True,20260905
approved_backup,47,2026-01-06T23:00:00Z,baseline,auth_failures,90.0,complete,True,20260905
approved_backup,48,2026-01-07T00:00:00Z,target,auth_failures,81,complete,True,20260905
approved_backup,0,2026-01-05T00:00:00Z,baseline,unique_failed_accounts,25.0,complete,True,20260905
approved_backup,1,2026-01-05T01:00:00Z,baseline,unique_failed_accounts,29.0,complete,True,20260905
approved_backup,2,2026-01-05T02:00:00Z,baseline,unique_failed_accounts,26.0,complete,True,20260905
approved_backup,3,2026-01-05T03:00:00Z,baseline,unique_failed_accounts,26.0,complete,True,20260905
approved_backup,4,2026-01-05T04:00:00Z,baseline,unique_failed_accounts,26.0,complete,True,20260905
approved_backup,5,2026-01-05T05:00:00Z,baseline,unique_failed_accounts,26.0,complete,True,20260905
approved_backup,6,2026-01-05T06:00:00Z,baseline,unique_failed_accounts,29.0,complete,True,20260905
approved_backup,7,2026-01-05T07:00:00Z,baseline,unique_failed_accounts,33.0,complete,True,20260905
approved_backup,8,2026-01-05T08:00:00Z,baseline,unique_failed_accounts,33.0,complete,True,20260905
approved_backup,9,2026-01-05T09:00:00Z,baseline,unique_failed_accounts,35.0,complete,True,20260905
approved_backup,10,2026-01-05T10:00:00Z,baseline,unique_failed_accounts,37.0,complete,True,20260905
approved_backup,11,2026-01-05T11:00:00Z,baseline,unique_failed_accounts,41.0,complete,True,20260905
approved_backup,12,2026-01-05T12:00:00Z,baseline,unique_failed_accounts,38.0,complete,True,20260905
approved_backup,13,2026-01-05T13:00:00Z,baseline,unique_failed_accounts,39.0,complete,True,20260905
approved_backup,14,2026-01-05T14:00:00Z,baseline,unique_failed_accounts,37.0,complete,True,20260905
approved_backup,15,2026-01-05T15:00:00Z,baseline,unique_failed_accounts,40.0,complete,True,20260905
approved_backup,16,2026-01-05T16:00:00Z,baseline,unique_failed_accounts,41.0,complete,True,20260905
approved_backup,17,2026-01-05T17:00:00Z,baseline,unique_failed_accounts,48.0,complete,True,20260905
approved_backup,18,2026-01-05T18:00:00Z,baseline,unique_failed_accounts,37.0,complete,True,20260905
approved_backup,19,2026-01-05T19:00:00Z,baseline,unique_failed_accounts,41.0,complete,True,20260905
approved_backup,20,2026-01-05T20:00:00Z,baseline,unique_failed_accounts,35.0,complete,True,20260905
approved_backup,21,2026-01-05T21:00:00Z,baseline,unique_failed_accounts,30.0,complete,True,20260905
approved_backup,22,2026-01-05T22:00:00Z,baseline,unique_failed_accounts,31.0,complete,True,20260905
approved_backup,23,2026-01-05T23:00:00Z,baseline,unique_failed_accounts,27.0,complete,True,20260905
approved_backup,24,2026-01-06T00:00:00Z,baseline,unique_failed_accounts,24.0,complete,True,20260905
approved_backup,25,2026-01-06T01:00:00Z,baseline,unique_failed_accounts,31.0,complete,True,20260905
approved_backup,26,2026-01-06T02:00:00Z,baseline,unique_failed_accounts,27.0,complete,True,20260905
approved_backup,27,2026-01-06T03:00:00Z,baseline,unique_failed_accounts,26.0,complete,True,20260905
approved_backup,28,2026-01-06T04:00:00Z,baseline,unique_failed_accounts,28.0,complete,True,20260905
approved_backup,29,2026-01-06T05:00:00Z,baseline,unique_failed_accounts,29.0,complete,True,20260905
approved_backup,30,2026-01-06T06:00:00Z,baseline,unique_failed_accounts,36.0,complete,True,20260905
approved_backup,31,2026-01-06T07:00:00Z,baseline,unique_failed_accounts,35.0,complete,True,20260905
approved_backup,32,2026-01-06T08:00:00Z,baseline,unique_failed_accounts,32.0,complete,True,20260905
approved_backup,33,2026-01-06T09:00:00Z,baseline,unique_failed_accounts,43.0,complete,True,20260905
approved_backup,34,2026-01-06T10:00:00Z,baseline,unique_failed_accounts,47.0,complete,True,20260905
approved_backup,35,2026-01-06T11:00:00Z,baseline,unique_failed_accounts,39.0,complete,True,20260905
approved_backup,36,2026-01-06T12:00:00Z,baseline,unique_failed_accounts,45.0,complete,True,20260905
approved_backup,37,2026-01-06T13:00:00Z,baseline,unique_failed_accounts,51.0,complete,True,20260905
approved_backup,38,2026-01-06T14:00:00Z,baseline,unique_failed_accounts,42.0,complete,True,20260905
approved_backup,39,2026-01-06T15:00:00Z,baseline,unique_failed_accounts,40.0,complete,True,20260905
approved_backup,40,2026-01-06T16:00:00Z,baseline,unique_failed_accounts,40.0,complete,True,20260905
approved_backup,41,2026-01-06T17:00:00Z,baseline,unique_failed_accounts,38.0,complete,True,20260905
approved_backup,42,2026-01-06T18:00:00Z,baseline,unique_failed_accounts,46.0,complete,True,20260905
approved_backup,43,2026-01-06T19:00:00Z,baseline,unique_failed_accounts,40.0,complete,True,20260905
approved_backup,44,2026-01-06T20:00:00Z,baseline,unique_failed_accounts,36.0,complete,True,20260905
approved_backup,45,2026-01-06T21:00:00Z,baseline,unique_failed_accounts,31.0,complete,True,20260905
approved_backup,46,2026-01-06T22:00:00Z,baseline,unique_failed_accounts,30.0,complete,True,20260905
approved_backup,47,2026-01-06T23:00:00Z,baseline,unique_failed_accounts,27.0,complete,True,20260905
approved_backup,48,2026-01-07T00:00:00Z,target,unique_failed_accounts,29,complete,True,20260905
approved_backup,0,2026-01-05T00:00:00Z,baseline,unique_source_ips,197.0,complete,True,20260905
approved_backup,1,2026-01-05T01:00:00Z,baseline,unique_source_ips,230.0,complete,True,20260905
approved_backup,2,2026-01-05T02:00:00Z,baseline,unique_source_ips,222.0,complete,True,20260905
approved_backup,3,2026-01-05T03:00:00Z,baseline,unique_source_ips,210.0,complete,True,20260905
approved_backup,4,2026-01-05T04:00:00Z,baseline,unique_source_ips,214.0,complete,True,20260905
approved_backup,5,2026-01-05T05:00:00Z,baseline,unique_source_ips,203.0,complete,True,20260905
approved_backup,6,2026-01-05T06:00:00Z,baseline,unique_source_ips,200.0,complete,True,20260905
approved_backup,7,2026-01-05T07:00:00Z,baseline,unique_source_ips,235.0,complete,True,20260905
approved_backup,8,2026-01-05T08:00:00Z,baseline,unique_source_ips,274.0,complete,True,20260905
approved_backup,9,2026-01-05T09:00:00Z,baseline,unique_source_ips,253.0,complete,True,20260905
approved_backup,10,2026-01-05T10:00:00Z,baseline,unique_source_ips,275.0,complete,True,20260905
approved_backup,11,2026-01-05T11:00:00Z,baseline,unique_source_ips,239.0,complete,True,20260905
approved_backup,12,2026-01-05T12:00:00Z,baseline,unique_source_ips,288.0,complete,True,20260905
approved_backup,13,2026-01-05T13:00:00Z,baseline,unique_source_ips,290.0,complete,True,20260905
approved_backup,14,2026-01-05T14:00:00Z,baseline,unique_source_ips,330.0,complete,True,20260905
approved_backup,15,2026-01-05T15:00:00Z,baseline,unique_source_ips,322.0,complete,True,20260905
approved_backup,16,2026-01-05T16:00:00Z,baseline,unique_source_ips,341.0,complete,True,20260905
approved_backup,17,2026-01-05T17:00:00Z,baseline,unique_source_ips,314.0,complete,True,20260905
approved_backup,18,2026-01-05T18:00:00Z,baseline,unique_source_ips,279.0,complete,True,20260905
approved_backup,19,2026-01-05T19:00:00Z,baseline,unique_source_ips,271.0,complete,True,20260905
approved_backup,20,2026-01-05T20:00:00Z,baseline,unique_source_ips,275.0,complete,True,20260905
approved_backup,21,2026-01-05T21:00:00Z,baseline,unique_source_ips,254.0,complete,True,20260905
approved_backup,22,2026-01-05T22:00:00Z,baseline,unique_source_ips,197.0,complete,True,20260905
approved_backup,23,2026-01-05T23:00:00Z,baseline,unique_source_ips,224.0,complete,True,20260905
approved_backup,24,2026-01-06T00:00:00Z,baseline,unique_source_ips,195.0,complete,True,20260905
approved_backup,25,2026-01-06T01:00:00Z,baseline,unique_source_ips,178.0,complete,True,20260905
approved_backup,26,2026-01-06T02:00:00Z,baseline,unique_source_ips,187.0,complete,True,20260905
approved_backup,27,2026-01-06T03:00:00Z,baseline,unique_source_ips,188.0,complete,True,20260905
approved_backup,28,2026-01-06T04:00:00Z,baseline,unique_source_ips,204.0,complete,True,20260905
approved_backup,29,2026-01-06T05:00:00Z,baseline,unique_source_ips,189.0,complete,True,20260905
approved_backup,30,2026-01-06T06:00:00Z,baseline,unique_source_ips,215.0,complete,True,20260905
approved_backup,31,2026-01-06T07:00:00Z,baseline,unique_source_ips,261.0,complete,True,20260905
approved_backup,32,2026-01-06T08:00:00Z,baseline,unique_source_ips,256.0,complete,True,20260905
approved_backup,33,2026-01-06T09:00:00Z,baseline,unique_source_ips,248.0,complete,True,20260905
approved_backup,34,2026-01-06T10:00:00Z,baseline,unique_source_ips,262.0,complete,True,20260905
approved_backup,35,2026-01-06T11:00:00Z,baseline,unique_source_ips,301.0,complete,True,20260905
approved_backup,36,2026-01-06T12:00:00Z,baseline,unique_source_ips,293.0,complete,True,20260905
approved_backup,37,2026-01-06T13:00:00Z,baseline,unique_source_ips,313.0,complete,True,20260905
approved_backup,38,2026-01-06T14:00:00Z,baseline,unique_source_ips,257.0,complete,True,20260905
approved_backup,39,2026-01-06T15:00:00Z,baseline,unique_source_ips,316.0,complete,True,20260905
approved_backup,40,2026-01-06T16:00:00Z,baseline,unique_source_ips,298.0,complete,True,20260905
approved_backup,41,2026-01-06T17:00:00Z,baseline,unique_source_ips,316.0,complete,True,20260905
approved_backup,42,2026-01-06T18:00:00Z,baseline,unique_source_ips,262.0,complete,True,20260905
approved_backup,43,2026-01-06T19:00:00Z,baseline,unique_source_ips,281.0,complete,True,20260905
approved_backup,44,2026-01-06T20:00:00Z,baseline,unique_source_ips,229.0,complete,True,20260905
approved_backup,45,2026-01-06T21:00:00Z,baseline,unique_source_ips,257.0,complete,True,20260905
approved_backup,46,2026-01-06T22:00:00Z,baseline,unique_source_ips,220.0,complete,True,20260905
approved_backup,47,2026-01-06T23:00:00Z,baseline,unique_source_ips,214.0,complete,True,20260905
approved_backup,48,2026-01-07T00:00:00Z,target,unique_source_ips,221,complete,True,20260905
approved_backup,0,2026-01-05T00:00:00Z,baseline,successful_logins,1025.0,complete,True,20260905
approved_backup,1,2026-01-05T01:00:00Z,baseline,successful_logins,958.0,complete,True,20260905
approved_backup,2,2026-01-05T02:00:00Z,baseline,successful_logins,891.0,complete,True,20260905
approved_backup,3,2026-01-05T03:00:00Z,baseline,successful_logins,944.0,complete,True,20260905
approved_backup,4,2026-01-05T04:00:00Z,baseline,successful_logins,1073.0,complete,True,20260905
approved_backup,5,2026-01-05T05:00:00Z,baseline,successful_logins,926.0,complete,True,20260905
approved_backup,6,2026-01-05T06:00:00Z,baseline,successful_logins,1037.0,complete,True,20260905
approved_backup,7,2026-01-05T07:00:00Z,baseline,successful_logins,1337.0,complete,True,20260905
approved_backup,8,2026-01-05T08:00:00Z,baseline,successful_logins,1447.0,complete,True,20260905
approved_backup,9,2026-01-05T09:00:00Z,baseline,successful_logins,1642.0,complete,True,20260905
approved_backup,10,2026-01-05T10:00:00Z,baseline,successful_logins,1861.0,complete,True,20260905
approved_backup,11,2026-01-05T11:00:00Z,baseline,successful_logins,1940.0,complete,True,20260905
approved_backup,12,2026-01-05T12:00:00Z,baseline,successful_logins,2115.0,complete,True,20260905
approved_backup,13,2026-01-05T13:00:00Z,baseline,successful_logins,2164.0,complete,True,20260905
approved_backup,14,2026-01-05T14:00:00Z,baseline,successful_logins,1981.0,complete,True,20260905
approved_backup,15,2026-01-05T15:00:00Z,baseline,successful_logins,2354.0,complete,True,20260905
approved_backup,16,2026-01-05T16:00:00Z,baseline,successful_logins,2083.0,complete,True,20260905
approved_backup,17,2026-01-05T17:00:00Z,baseline,successful_logins,1899.0,complete,True,20260905
approved_backup,18,2026-01-05T18:00:00Z,baseline,successful_logins,1978.0,complete,True,20260905
approved_backup,19,2026-01-05T19:00:00Z,baseline,successful_logins,1694.0,complete,True,20260905
approved_backup,20,2026-01-05T20:00:00Z,baseline,successful_logins,1652.0,complete,True,20260905
approved_backup,21,2026-01-05T21:00:00Z,baseline,successful_logins,1340.0,complete,True,20260905
approved_backup,22,2026-01-05T22:00:00Z,baseline,successful_logins,1267.0,complete,True,20260905
approved_backup,23,2026-01-05T23:00:00Z,baseline,successful_logins,1023.0,complete,True,20260905
approved_backup,24,2026-01-06T00:00:00Z,baseline,successful_logins,1010.0,complete,True,20260905
approved_backup,25,2026-01-06T01:00:00Z,baseline,successful_logins,924.0,complete,True,20260905
approved_backup,26,2026-01-06T02:00:00Z,baseline,successful_logins,926.0,complete,True,20260905
approved_backup,27,2026-01-06T03:00:00Z,baseline,successful_logins,961.0,complete,True,20260905
approved_backup,28,2026-01-06T04:00:00Z,baseline,successful_logins,984.0,complete,True,20260905
approved_backup,29,2026-01-06T05:00:00Z,baseline,successful_logins,1184.0,complete,True,20260905
approved_backup,30,2026-01-06T06:00:00Z,baseline,successful_logins,1206.0,complete,True,20260905
approved_backup,31,2026-01-06T07:00:00Z,baseline,successful_logins,1419.0,complete,True,20260905
approved_backup,32,2026-01-06T08:00:00Z,baseline,successful_logins,1554.0,complete,True,20260905
approved_backup,33,2026-01-06T09:00:00Z,baseline,successful_logins,1553.0,complete,True,20260905
approved_backup,34,2026-01-06T10:00:00Z,baseline,successful_logins,1999.0,complete,True,20260905
approved_backup,35,2026-01-06T11:00:00Z,baseline,successful_logins,1750.0,complete,True,20260905
approved_backup,36,2026-01-06T12:00:00Z,baseline,successful_logins,2028.0,complete,True,20260905
approved_backup,37,2026-01-06T13:00:00Z,baseline,successful_logins,2221.0,complete,True,20260905
approved_backup,38,2026-01-06T14:00:00Z,baseline,successful_logins,2419.0,complete,True,20260905
approved_backup,39,2026-01-06T15:00:00Z,baseline,successful_logins,2007.0,complete,True,20260905
approved_backup,40,2026-01-06T16:00:00Z,baseline,successful_logins,2151.0,complete,True,20260905
approved_backup,41,2026-01-06T17:00:00Z,baseline,successful_logins,1889.0,complete,True,20260905
approved_backup,42,2026-01-06T18:00:00Z,baseline,successful_logins,1771.0,complete,True,20260905
approved_backup,43,2026-01-06T19:00:00Z,baseline,successful_logins,1656.0,complete,True,20260905
approved_backup,44,2026-01-06T20:00:00Z,baseline,successful_logins,1482.0,complete,True,20260905
approved_backup,45,2026-01-06T21:00:00Z,baseline,successful_logins,1301.0,complete,True,20260905
approved_backup,46,2026-01-06T22:00:00Z,baseline,successful_logins,1335.0,complete,True,20260905
approved_backup,47,2026-01-06T23:00:00Z,baseline,successful_logins,1015.0,complete,True,20260905
approved_backup,48,2026-01-07T00:00:00Z,target,successful_logins,991,complete,True,20260905
approved_backup,0,2026-01-05T00:00:00Z,baseline,privileged_changes,1.0,complete,True,20260905
approved_backup,1,2026-01-05T01:00:00Z,baseline,privileged_changes,2.0,complete,True,20260905
approved_backup,2,2026-01-05T02:00:00Z,baseline,privileged_changes,2.0,complete,True,20260905
approved_backup,3,2026-01-05T03:00:00Z,baseline,privileged_changes,2.0,complete,True,20260905
approved_backup,4,2026-01-05T04:00:00Z,baseline,privileged_changes,2.0,complete,True,20260905
approved_backup,5,2026-01-05T05:00:00Z,baseline,privileged_changes,1.0,complete,True,20260905
approved_backup,6,2026-01-05T06:00:00Z,baseline,privileged_changes,1.0,complete,True,20260905
approved_backup,7,2026-01-05T07:00:00Z,baseline,privileged_changes,1.0,complete,True,20260905
approved_backup,8,2026-01-05T08:00:00Z,baseline,privileged_changes,2.0,complete,True,20260905
approved_backup,9,2026-01-05T09:00:00Z,baseline,privileged_changes,2.0,complete,True,20260905
approved_backup,10,2026-01-05T10:00:00Z,baseline,privileged_changes,2.0,complete,True,20260905
approved_backup,11,2026-01-05T11:00:00Z,baseline,privileged_changes,2.0,complete,True,20260905
approved_backup,12,2026-01-05T12:00:00Z,baseline,privileged_changes,3.0,complete,True,20260905
approved_backup,13,2026-01-05T13:00:00Z,baseline,privileged_changes,2.0,complete,True,20260905
approved_backup,14,2026-01-05T14:00:00Z,baseline,privileged_changes,2.0,complete,True,20260905
approved_backup,15,2026-01-05T15:00:00Z,baseline,privileged_changes,2.0,complete,True,20260905
approved_backup,16,2026-01-05T16:00:00Z,baseline,privileged_changes,2.0,complete,True,20260905
approved_backup,17,2026-01-05T17:00:00Z,baseline,privileged_changes,2.0,complete,True,20260905
approved_backup,18,2026-01-05T18:00:00Z,baseline,privileged_changes,2.0,complete,True,20260905
approved_backup,19,2026-01-05T19:00:00Z,baseline,privileged_changes,2.0,complete,True,20260905
approved_backup,20,2026-01-05T20:00:00Z,baseline,privileged_changes,3.0,complete,True,20260905
approved_backup,21,2026-01-05T21:00:00Z,baseline,privileged_changes,2.0,complete,True,20260905
approved_backup,22,2026-01-05T22:00:00Z,baseline,privileged_changes,1.0,complete,True,20260905
approved_backup,23,2026-01-05T23:00:00Z,baseline,privileged_changes,1.0,complete,True,20260905
approved_backup,24,2026-01-06T00:00:00Z,baseline,privileged_changes,1.0,complete,True,20260905
approved_backup,25,2026-01-06T01:00:00Z,baseline,privileged_changes,2.0,complete,True,20260905
approved_backup,26,2026-01-06T02:00:00Z,baseline,privileged_changes,2.0,complete,True,20260905
approved_backup,27,2026-01-06T03:00:00Z,baseline,privileged_changes,2.0,complete,True,20260905
approved_backup,28,2026-01-06T04:00:00Z,baseline,privileged_changes,2.0,complete,True,20260905
approved_backup,29,2026-01-06T05:00:00Z,baseline,privileged_changes,1.0,complete,True,20260905
approved_backup,30,2026-01-06T06:00:00Z,baseline,privileged_changes,2.0,complete,True,20260905
approved_backup,31,2026-01-06T07:00:00Z,baseline,privileged_changes,2.0,complete,True,20260905
approved_backup,32,2026-01-06T08:00:00Z,baseline,privileged_changes,2.0,complete,True,20260905
approved_backup,33,2026-01-06T09:00:00Z,baseline,privileged_changes,2.0,complete,True,20260905
approved_backup,34,2026-01-06T10:00:00Z,baseline,privileged_changes,2.0,complete,True,20260905
approved_backup,35,2026-01-06T11:00:00Z,baseline,privileged_changes,2.0,complete,True,20260905
approved_backup,36,2026-01-06T12:00:00Z,baseline,privileged_changes,2.0,complete,True,20260905
approved_backup,37,2026-01-06T13:00:00Z,baseline,privileged_changes,2.0,complete,True,20260905
approved_backup,38,2026-01-06T14:00:00Z,baseline,privileged_changes,2.0,complete,True,20260905
approved_backup,39,2026-01-06T15:00:00Z,baseline,privileged_changes,2.0,complete,True,20260905
approved_backup,40,2026-01-06T16:00:00Z,baseline,privileged_changes,2.0,complete,True,20260905
approved_backup,41,2026-01-06T17:00:00Z,baseline,privileged_changes,2.0,complete,True,20260905
approved_backup,42,2026-01-06T18:00:00Z,baseline,privileged_changes,3.0,complete,True,20260905
approved_backup,43,2026-01-06T19:00:00Z,baseline,privileged_changes,2.0,complete,True,20260905
approved_backup,44,2026-01-06T20:00:00Z,baseline,privileged_changes,2.0,complete,True,20260905
approved_backup,45,2026-01-06T21:00:00Z,baseline,privileged_changes,2.0,complete,True,20260905
approved_backup,46,2026-01-06T22:00:00Z,baseline,privileged_changes,2.0,complete,True,20260905
approved_backup,47,2026-01-06T23:00:00Z,baseline,privileged_changes,2.0,complete,True,20260905
approved_backup,48,2026-01-07T00:00:00Z,target,privileged_changes,2,complete,True,20260905
approved_backup,0,2026-01-05T00:00:00Z,baseline,outbound_mb,573.989,complete,True,20260905
approved_backup,1,2026-01-05T01:00:00Z,baseline,outbound_mb,577.196,complete,True,20260905
approved_backup,2,2026-01-05T02:00:00Z,baseline,outbound_mb,520.79,complete,True,20260905
approved_backup,3,2026-01-05T03:00:00Z,baseline,outbound_mb,525.85,complete,True,20260905
approved_backup,4,2026-01-05T04:00:00Z,baseline,outbound_mb,525.841,complete,True,20260905
approved_backup,5,2026-01-05T05:00:00Z,baseline,outbound_mb,639.073,complete,True,20260905
approved_backup,6,2026-01-05T06:00:00Z,baseline,outbound_mb,649.683,complete,True,20260905
approved_backup,7,2026-01-05T07:00:00Z,baseline,outbound_mb,780.113,complete,True,20260905
approved_backup,8,2026-01-05T08:00:00Z,baseline,outbound_mb,900.954,complete,True,20260905
approved_backup,9,2026-01-05T09:00:00Z,baseline,outbound_mb,918.801,complete,True,20260905
approved_backup,10,2026-01-05T10:00:00Z,baseline,outbound_mb,955.529,complete,True,20260905
approved_backup,11,2026-01-05T11:00:00Z,baseline,outbound_mb,1104.175,complete,True,20260905
approved_backup,12,2026-01-05T12:00:00Z,baseline,outbound_mb,1149.831,complete,True,20260905
approved_backup,13,2026-01-05T13:00:00Z,baseline,outbound_mb,1208.911,complete,True,20260905
approved_backup,14,2026-01-05T14:00:00Z,baseline,outbound_mb,1195.963,complete,True,20260905
approved_backup,15,2026-01-05T15:00:00Z,baseline,outbound_mb,1191.796,complete,True,20260905
approved_backup,16,2026-01-05T16:00:00Z,baseline,outbound_mb,1082.09,complete,True,20260905
approved_backup,17,2026-01-05T17:00:00Z,baseline,outbound_mb,1039.185,complete,True,20260905
approved_backup,18,2026-01-05T18:00:00Z,baseline,outbound_mb,887.585,complete,True,20260905
approved_backup,19,2026-01-05T19:00:00Z,baseline,outbound_mb,944.705,complete,True,20260905
approved_backup,20,2026-01-05T20:00:00Z,baseline,outbound_mb,855.727,complete,True,20260905
approved_backup,21,2026-01-05T21:00:00Z,baseline,outbound_mb,697.968,complete,True,20260905
approved_backup,22,2026-01-05T22:00:00Z,baseline,outbound_mb,771.938,complete,True,20260905
approved_backup,23,2026-01-05T23:00:00Z,baseline,outbound_mb,688.108,complete,True,20260905
approved_backup,24,2026-01-06T00:00:00Z,baseline,outbound_mb,661.614,complete,True,20260905
approved_backup,25,2026-01-06T01:00:00Z,baseline,outbound_mb,521.332,complete,True,20260905
approved_backup,26,2026-01-06T02:00:00Z,baseline,outbound_mb,540.547,complete,True,20260905
approved_backup,27,2026-01-06T03:00:00Z,baseline,outbound_mb,499.839,complete,True,20260905
approved_backup,28,2026-01-06T04:00:00Z,baseline,outbound_mb,548.982,complete,True,20260905
approved_backup,29,2026-01-06T05:00:00Z,baseline,outbound_mb,581.11,complete,True,20260905
approved_backup,30,2026-01-06T06:00:00Z,baseline,outbound_mb,717.893,complete,True,20260905
approved_backup,31,2026-01-06T07:00:00Z,baseline,outbound_mb,774.482,complete,True,20260905
approved_backup,32,2026-01-06T08:00:00Z,baseline,outbound_mb,919.423,complete,True,20260905
approved_backup,33,2026-01-06T09:00:00Z,baseline,outbound_mb,943.042,complete,True,20260905
approved_backup,34,2026-01-06T10:00:00Z,baseline,outbound_mb,1038.401,complete,True,20260905
approved_backup,35,2026-01-06T11:00:00Z,baseline,outbound_mb,1033.827,complete,True,20260905
approved_backup,36,2026-01-06T12:00:00Z,baseline,outbound_mb,1185.089,complete,True,20260905
approved_backup,37,2026-01-06T13:00:00Z,baseline,outbound_mb,1228.181,complete,True,20260905
approved_backup,38,2026-01-06T14:00:00Z,baseline,outbound_mb,1302.052,complete,True,20260905
approved_backup,39,2026-01-06T15:00:00Z,baseline,outbound_mb,1065.609,complete,True,20260905
approved_backup,40,2026-01-06T16:00:00Z,baseline,outbound_mb,1201.578,complete,True,20260905
approved_backup,41,2026-01-06T17:00:00Z,baseline,outbound_mb,1047.777,complete,True,20260905
approved_backup,42,2026-01-06T18:00:00Z,baseline,outbound_mb,1119.669,complete,True,20260905
approved_backup,43,2026-01-06T19:00:00Z,baseline,outbound_mb,967.411,complete,True,20260905
approved_backup,44,2026-01-06T20:00:00Z,baseline,outbound_mb,1025.41,complete,True,20260905
approved_backup,45,2026-01-06T21:00:00Z,baseline,outbound_mb,822.644,complete,True,20260905
approved_backup,46,2026-01-06T22:00:00Z,baseline,outbound_mb,773.983,complete,True,20260905
approved_backup,47,2026-01-06T23:00:00Z,baseline,outbound_mb,582.685,complete,True,20260905
approved_backup,48,2026-01-07T00:00:00Z,target,outbound_mb,2395.784,complete,True,20260905
approved_backup,0,2026-01-05T00:00:00Z,baseline,api_5xx,13.0,complete,True,20260905
approved_backup,1,2026-01-05T01:00:00Z,baseline,api_5xx,15.0,complete,True,20260905
approved_backup,2,2026-01-05T02:00:00Z,baseline,api_5xx,12.0,complete,True,20260905
approved_backup,3,2026-01-05T03:00:00Z,baseline,api_5xx,17.0,complete,True,20260905
approved_backup,4,2026-01-05T04:00:00Z,baseline,api_5xx,15.0,complete,True,20260905
approved_backup,5,2026-01-05T05:00:00Z,baseline,api_5xx,12.0,complete,True,20260905
approved_backup,6,2026-01-05T06:00:00Z,baseline,api_5xx,12.0,complete,True,20260905
approved_backup,7,2026-01-05T07:00:00Z,baseline,api_5xx,19.0,complete,True,20260905
approved_backup,8,2026-01-05T08:00:00Z,baseline,api_5xx,23.0,complete,True,20260905
approved_backup,9,2026-01-05T09:00:00Z,baseline,api_5xx,20.0,complete,True,20260905
approved_backup,10,2026-01-05T10:00:00Z,baseline,api_5xx,17.0,complete,True,20260905
approved_backup,11,2026-01-05T11:00:00Z,baseline,api_5xx,21.0,complete,True,20260905
approved_backup,12,2026-01-05T12:00:00Z,baseline,api_5xx,26.0,complete,True,20260905
approved_backup,13,2026-01-05T13:00:00Z,baseline,api_5xx,25.0,complete,True,20260905
approved_backup,14,2026-01-05T14:00:00Z,baseline,api_5xx,27.0,complete,True,20260905
approved_backup,15,2026-01-05T15:00:00Z,baseline,api_5xx,18.0,complete,True,20260905
approved_backup,16,2026-01-05T16:00:00Z,baseline,api_5xx,31.0,complete,True,20260905
approved_backup,17,2026-01-05T17:00:00Z,baseline,api_5xx,24.0,complete,True,20260905
approved_backup,18,2026-01-05T18:00:00Z,baseline,api_5xx,14.0,complete,True,20260905
approved_backup,19,2026-01-05T19:00:00Z,baseline,api_5xx,18.0,complete,True,20260905
approved_backup,20,2026-01-05T20:00:00Z,baseline,api_5xx,21.0,complete,True,20260905
approved_backup,21,2026-01-05T21:00:00Z,baseline,api_5xx,18.0,complete,True,20260905
approved_backup,22,2026-01-05T22:00:00Z,baseline,api_5xx,13.0,complete,True,20260905
approved_backup,23,2026-01-05T23:00:00Z,baseline,api_5xx,16.0,complete,True,20260905
approved_backup,24,2026-01-06T00:00:00Z,baseline,api_5xx,14.0,complete,True,20260905
approved_backup,25,2026-01-06T01:00:00Z,baseline,api_5xx,14.0,complete,True,20260905
approved_backup,26,2026-01-06T02:00:00Z,baseline,api_5xx,13.0,complete,True,20260905
approved_backup,27,2026-01-06T03:00:00Z,baseline,api_5xx,14.0,complete,True,20260905
approved_backup,28,2026-01-06T04:00:00Z,baseline,api_5xx,17.0,complete,True,20260905
approved_backup,29,2026-01-06T05:00:00Z,baseline,api_5xx,15.0,complete,True,20260905
approved_backup,30,2026-01-06T06:00:00Z,baseline,api_5xx,18.0,complete,True,20260905
approved_backup,31,2026-01-06T07:00:00Z,baseline,api_5xx,22.0,complete,True,20260905
approved_backup,32,2026-01-06T08:00:00Z,baseline,api_5xx,18.0,complete,True,20260905
approved_backup,33,2026-01-06T09:00:00Z,baseline,api_5xx,19.0,complete,True,20260905
approved_backup,34,2026-01-06T10:00:00Z,baseline,api_5xx,26.0,complete,True,20260905
approved_backup,35,2026-01-06T11:00:00Z,baseline,api_5xx,25.0,complete,True,20260905
approved_backup,36,2026-01-06T12:00:00Z,baseline,api_5xx,29.0,complete,True,20260905
approved_backup,37,2026-01-06T13:00:00Z,baseline,api_5xx,21.0,complete,True,20260905
approved_backup,38,2026-01-06T14:00:00Z,baseline,api_5xx,26.0,complete,True,20260905
approved_backup,39,2026-01-06T15:00:00Z,baseline,api_5xx,22.0,complete,True,20260905
approved_backup,40,2026-01-06T16:00:00Z,baseline,api_5xx,25.0,complete,True,20260905
approved_backup,41,2026-01-06T17:00:00Z,baseline,api_5xx,17.0,complete,True,20260905
approved_backup,42,2026-01-06T18:00:00Z,baseline,api_5xx,30.0,complete,True,20260905
approved_backup,43,2026-01-06T19:00:00Z,baseline,api_5xx,16.0,complete,True,20260905
approved_backup,44,2026-01-06T20:00:00Z,baseline,api_5xx,17.0,complete,True,20260905
approved_backup,45,2026-01-06T21:00:00Z,baseline,api_5xx,18.0,complete,True,20260905
approved_backup,46,2026-01-06T22:00:00Z,baseline,api_5xx,9.0,complete,True,20260905
approved_backup,47,2026-01-06T23:00:00Z,baseline,api_5xx,19.0,complete,True,20260905
approved_backup,48,2026-01-07T00:00:00Z,target,api_5xx,16,complete,True,20260905
approved_backup,0,2026-01-05T00:00:00Z,baseline,endpoint_alerts,3.0,complete,True,20260905
approved_backup,1,2026-01-05T01:00:00Z,baseline,endpoint_alerts,3.0,complete,True,20260905
approved_backup,2,2026-01-05T02:00:00Z,baseline,endpoint_alerts,4.0,complete,True,20260905
approved_backup,3,2026-01-05T03:00:00Z,baseline,endpoint_alerts,4.0,complete,True,20260905
approved_backup,4,2026-01-05T04:00:00Z,baseline,endpoint_alerts,3.0,complete,True,20260905
approved_backup,5,2026-01-05T05:00:00Z,baseline,endpoint_alerts,4.0,complete,True,20260905
approved_backup,6,2026-01-05T06:00:00Z,baseline,endpoint_alerts,4.0,complete,True,20260905
approved_backup,7,2026-01-05T07:00:00Z,baseline,endpoint_alerts,4.0,complete,True,20260905
approved_backup,8,2026-01-05T08:00:00Z,baseline,endpoint_alerts,4.0,complete,True,20260905
approved_backup,9,2026-01-05T09:00:00Z,baseline,endpoint_alerts,5.0,complete,True,20260905
approved_backup,10,2026-01-05T10:00:00Z,baseline,endpoint_alerts,6.0,complete,True,20260905
approved_backup,11,2026-01-05T11:00:00Z,baseline,endpoint_alerts,5.0,complete,True,20260905
approved_backup,12,2026-01-05T12:00:00Z,baseline,endpoint_alerts,2.0,complete,True,20260905
approved_backup,13,2026-01-05T13:00:00Z,baseline,endpoint_alerts,5.0,complete,True,20260905
approved_backup,14,2026-01-05T14:00:00Z,baseline,endpoint_alerts,3.0,complete,True,20260905
approved_backup,15,2026-01-05T15:00:00Z,baseline,endpoint_alerts,4.0,complete,True,20260905
approved_backup,16,2026-01-05T16:00:00Z,baseline,endpoint_alerts,4.0,complete,True,20260905
approved_backup,17,2026-01-05T17:00:00Z,baseline,endpoint_alerts,4.0,complete,True,20260905
approved_backup,18,2026-01-05T18:00:00Z,baseline,endpoint_alerts,4.0,complete,True,20260905
approved_backup,19,2026-01-05T19:00:00Z,baseline,endpoint_alerts,4.0,complete,True,20260905
approved_backup,20,2026-01-05T20:00:00Z,baseline,endpoint_alerts,6.0,complete,True,20260905
approved_backup,21,2026-01-05T21:00:00Z,baseline,endpoint_alerts,3.0,complete,True,20260905
approved_backup,22,2026-01-05T22:00:00Z,baseline,endpoint_alerts,4.0,complete,True,20260905
approved_backup,23,2026-01-05T23:00:00Z,baseline,endpoint_alerts,3.0,complete,True,20260905
approved_backup,24,2026-01-06T00:00:00Z,baseline,endpoint_alerts,4.0,complete,True,20260905
approved_backup,25,2026-01-06T01:00:00Z,baseline,endpoint_alerts,6.0,complete,True,20260905
approved_backup,26,2026-01-06T02:00:00Z,baseline,endpoint_alerts,4.0,complete,True,20260905
approved_backup,27,2026-01-06T03:00:00Z,baseline,endpoint_alerts,3.0,complete,True,20260905
approved_backup,28,2026-01-06T04:00:00Z,baseline,endpoint_alerts,4.0,complete,True,20260905
approved_backup,29,2026-01-06T05:00:00Z,baseline,endpoint_alerts,4.0,complete,True,20260905
approved_backup,30,2026-01-06T06:00:00Z,baseline,endpoint_alerts,5.0,complete,True,20260905
approved_backup,31,2026-01-06T07:00:00Z,baseline,endpoint_alerts,3.0,complete,True,20260905
approved_backup,32,2026-01-06T08:00:00Z,baseline,endpoint_alerts,7.0,complete,True,20260905
approved_backup,33,2026-01-06T09:00:00Z,baseline,endpoint_alerts,6.0,complete,True,20260905
approved_backup,34,2026-01-06T10:00:00Z,baseline,endpoint_alerts,6.0,complete,True,20260905
approved_backup,35,2026-01-06T11:00:00Z,baseline,endpoint_alerts,4.0,complete,True,20260905
approved_backup,36,2026-01-06T12:00:00Z,baseline,endpoint_alerts,8.0,complete,True,20260905
approved_backup,37,2026-01-06T13:00:00Z,baseline,endpoint_alerts,8.0,complete,True,20260905
approved_backup,38,2026-01-06T14:00:00Z,baseline,endpoint_alerts,5.0,complete,True,20260905
approved_backup,39,2026-01-06T15:00:00Z,baseline,endpoint_alerts,7.0,complete,True,20260905
approved_backup,40,2026-01-06T16:00:00Z,baseline,endpoint_alerts,4.0,complete,True,20260905
approved_backup,41,2026-01-06T17:00:00Z,baseline,endpoint_alerts,2.0,complete,True,20260905
approved_backup,42,2026-01-06T18:00:00Z,baseline,endpoint_alerts,5.0,complete,True,20260905
approved_backup,43,2026-01-06T19:00:00Z,baseline,endpoint_alerts,6.0,complete,True,20260905
approved_backup,44,2026-01-06T20:00:00Z,baseline,endpoint_alerts,2.0,complete,True,20260905
approved_backup,45,2026-01-06T21:00:00Z,baseline,endpoint_alerts,6.0,complete,True,20260905
approved_backup,46,2026-01-06T22:00:00Z,baseline,endpoint_alerts,3.0,complete,True,20260905
approved_backup,47,2026-01-06T23:00:00Z,baseline,endpoint_alerts,5.0,complete,True,20260905
approved_backup,48,2026-01-07T00:00:00Z,target,endpoint_alerts,4,complete,True,20260905
approved_backup,0,2026-01-05T00:00:00Z,baseline,file_rename_events,30.0,complete,True,20260905
approved_backup,1,2026-01-05T01:00:00Z,baseline,file_rename_events,36.0,complete,True,20260905
approved_backup,2,2026-01-05T02:00:00Z,baseline,file_rename_events,29.0,complete,True,20260905
approved_backup,3,2026-01-05T03:00:00Z,baseline,file_rename_events,33.0,complete,True,20260905
approved_backup,4,2026-01-05T04:00:00Z,baseline,file_rename_events,32.0,complete,True,20260905
approved_backup,5,2026-01-05T05:00:00Z,baseline,file_rename_events,33.0,complete,True,20260905
approved_backup,6,2026-01-05T06:00:00Z,baseline,file_rename_events,32.0,complete,True,20260905
approved_backup,7,2026-01-05T07:00:00Z,baseline,file_rename_events,39.0,complete,True,20260905
approved_backup,8,2026-01-05T08:00:00Z,baseline,file_rename_events,47.0,complete,True,20260905
approved_backup,9,2026-01-05T09:00:00Z,baseline,file_rename_events,38.0,complete,True,20260905
approved_backup,10,2026-01-05T10:00:00Z,baseline,file_rename_events,52.0,complete,True,20260905
approved_backup,11,2026-01-05T11:00:00Z,baseline,file_rename_events,35.0,complete,True,20260905
approved_backup,12,2026-01-05T12:00:00Z,baseline,file_rename_events,52.0,complete,True,20260905
approved_backup,13,2026-01-05T13:00:00Z,baseline,file_rename_events,51.0,complete,True,20260905
approved_backup,14,2026-01-05T14:00:00Z,baseline,file_rename_events,50.0,complete,True,20260905
approved_backup,15,2026-01-05T15:00:00Z,baseline,file_rename_events,58.0,complete,True,20260905
approved_backup,16,2026-01-05T16:00:00Z,baseline,file_rename_events,43.0,complete,True,20260905
approved_backup,17,2026-01-05T17:00:00Z,baseline,file_rename_events,51.0,complete,True,20260905
approved_backup,18,2026-01-05T18:00:00Z,baseline,file_rename_events,43.0,complete,True,20260905
approved_backup,19,2026-01-05T19:00:00Z,baseline,file_rename_events,40.0,complete,True,20260905
approved_backup,20,2026-01-05T20:00:00Z,baseline,file_rename_events,32.0,complete,True,20260905
approved_backup,21,2026-01-05T21:00:00Z,baseline,file_rename_events,32.0,complete,True,20260905
approved_backup,22,2026-01-05T22:00:00Z,baseline,file_rename_events,41.0,complete,True,20260905
approved_backup,23,2026-01-05T23:00:00Z,baseline,file_rename_events,27.0,complete,True,20260905
approved_backup,24,2026-01-06T00:00:00Z,baseline,file_rename_events,29.0,complete,True,20260905
approved_backup,25,2026-01-06T01:00:00Z,baseline,file_rename_events,34.0,complete,True,20260905
approved_backup,26,2026-01-06T02:00:00Z,baseline,file_rename_events,41.0,complete,True,20260905
approved_backup,27,2026-01-06T03:00:00Z,baseline,file_rename_events,43.0,complete,True,20260905
approved_backup,28,2026-01-06T04:00:00Z,baseline,file_rename_events,32.0,complete,True,20260905
approved_backup,29,2026-01-06T05:00:00Z,baseline,file_rename_events,42.0,complete,True,20260905
approved_backup,30,2026-01-06T06:00:00Z,baseline,file_rename_events,36.0,complete,True,20260905
approved_backup,31,2026-01-06T07:00:00Z,baseline,file_rename_events,43.0,complete,True,20260905
approved_backup,32,2026-01-06T08:00:00Z,baseline,file_rename_events,49.0,complete,True,20260905
approved_backup,33,2026-01-06T09:00:00Z,baseline,file_rename_events,44.0,complete,True,20260905
approved_backup,34,2026-01-06T10:00:00Z,baseline,file_rename_events,49.0,complete,True,20260905
approved_backup,35,2026-01-06T11:00:00Z,baseline,file_rename_events,53.0,complete,True,20260905
approved_backup,36,2026-01-06T12:00:00Z,baseline,file_rename_events,58.0,complete,True,20260905
approved_backup,37,2026-01-06T13:00:00Z,baseline,file_rename_events,58.0,complete,True,20260905
approved_backup,38,2026-01-06T14:00:00Z,baseline,file_rename_events,56.0,complete,True,20260905
approved_backup,39,2026-01-06T15:00:00Z,baseline,file_rename_events,57.0,complete,True,20260905
approved_backup,40,2026-01-06T16:00:00Z,baseline,file_rename_events,54.0,complete,True,20260905
approved_backup,41,2026-01-06T17:00:00Z,baseline,file_rename_events,53.0,complete,True,20260905
approved_backup,42,2026-01-06T18:00:00Z,baseline,file_rename_events,44.0,complete,True,20260905
approved_backup,43,2026-01-06T19:00:00Z,baseline,file_rename_events,41.0,complete,True,20260905
approved_backup,44,2026-01-06T20:00:00Z,baseline,file_rename_events,37.0,complete,True,20260905
approved_backup,45,2026-01-06T21:00:00Z,baseline,file_rename_events,43.0,complete,True,20260905
approved_backup,46,2026-01-06T22:00:00Z,baseline,file_rename_events,38.0,complete,True,20260905
approved_backup,47,2026-01-06T23:00:00Z,baseline,file_rename_events,38.0,complete,True,20260905
approved_backup,48,2026-01-07T00:00:00Z,target,file_rename_events,35,complete,True,20260905
approved_backup,0,2026-01-05T00:00:00Z,baseline,inbound_requests,30980.0,complete,True,20260905
approved_backup,1,2026-01-05T01:00:00Z,baseline,inbound_requests,28400.0,complete,True,20260905
approved_backup,2,2026-01-05T02:00:00Z,baseline,inbound_requests,28530.0,complete,True,20260905
approved_backup,3,2026-01-05T03:00:00Z,baseline,inbound_requests,27886.0,complete,True,20260905
approved_backup,4,2026-01-05T04:00:00Z,baseline,inbound_requests,30649.0,complete,True,20260905
approved_backup,5,2026-01-05T05:00:00Z,baseline,inbound_requests,33702.0,complete,True,20260905
approved_backup,6,2026-01-05T06:00:00Z,baseline,inbound_requests,38011.0,complete,True,20260905
approved_backup,7,2026-01-05T07:00:00Z,baseline,inbound_requests,43612.0,complete,True,20260905
approved_backup,8,2026-01-05T08:00:00Z,baseline,inbound_requests,52816.0,complete,True,20260905
approved_backup,9,2026-01-05T09:00:00Z,baseline,inbound_requests,56515.0,complete,True,20260905
approved_backup,10,2026-01-05T10:00:00Z,baseline,inbound_requests,61324.0,complete,True,20260905
approved_backup,11,2026-01-05T11:00:00Z,baseline,inbound_requests,68621.0,complete,True,20260905
approved_backup,12,2026-01-05T12:00:00Z,baseline,inbound_requests,71342.0,complete,True,20260905
approved_backup,13,2026-01-05T13:00:00Z,baseline,inbound_requests,70500.0,complete,True,20260905
approved_backup,14,2026-01-05T14:00:00Z,baseline,inbound_requests,78985.0,complete,True,20260905
approved_backup,15,2026-01-05T15:00:00Z,baseline,inbound_requests,76859.0,complete,True,20260905
approved_backup,16,2026-01-05T16:00:00Z,baseline,inbound_requests,65636.0,complete,True,20260905
approved_backup,17,2026-01-05T17:00:00Z,baseline,inbound_requests,69084.0,complete,True,20260905
approved_backup,18,2026-01-05T18:00:00Z,baseline,inbound_requests,60888.0,complete,True,20260905
approved_backup,19,2026-01-05T19:00:00Z,baseline,inbound_requests,54703.0,complete,True,20260905
approved_backup,20,2026-01-05T20:00:00Z,baseline,inbound_requests,49526.0,complete,True,20260905
approved_backup,21,2026-01-05T21:00:00Z,baseline,inbound_requests,46503.0,complete,True,20260905
approved_backup,22,2026-01-05T22:00:00Z,baseline,inbound_requests,38092.0,complete,True,20260905
approved_backup,23,2026-01-05T23:00:00Z,baseline,inbound_requests,33066.0,complete,True,20260905
approved_backup,24,2026-01-06T00:00:00Z,baseline,inbound_requests,31414.0,complete,True,20260905
approved_backup,25,2026-01-06T01:00:00Z,baseline,inbound_requests,28848.0,complete,True,20260905
approved_backup,26,2026-01-06T02:00:00Z,baseline,inbound_requests,29128.0,complete,True,20260905
approved_backup,27,2026-01-06T03:00:00Z,baseline,inbound_requests,28876.0,complete,True,20260905
approved_backup,28,2026-01-06T04:00:00Z,baseline,inbound_requests,30616.0,complete,True,20260905
approved_backup,29,2026-01-06T05:00:00Z,baseline,inbound_requests,37191.0,complete,True,20260905
approved_backup,30,2026-01-06T06:00:00Z,baseline,inbound_requests,38214.0,complete,True,20260905
approved_backup,31,2026-01-06T07:00:00Z,baseline,inbound_requests,44712.0,complete,True,20260905
approved_backup,32,2026-01-06T08:00:00Z,baseline,inbound_requests,52841.0,complete,True,20260905
approved_backup,33,2026-01-06T09:00:00Z,baseline,inbound_requests,59383.0,complete,True,20260905
approved_backup,34,2026-01-06T10:00:00Z,baseline,inbound_requests,61461.0,complete,True,20260905
approved_backup,35,2026-01-06T11:00:00Z,baseline,inbound_requests,64555.0,complete,True,20260905
approved_backup,36,2026-01-06T12:00:00Z,baseline,inbound_requests,71746.0,complete,True,20260905
approved_backup,37,2026-01-06T13:00:00Z,baseline,inbound_requests,73145.0,complete,True,20260905
approved_backup,38,2026-01-06T14:00:00Z,baseline,inbound_requests,76575.0,complete,True,20260905
approved_backup,39,2026-01-06T15:00:00Z,baseline,inbound_requests,80244.0,complete,True,20260905
approved_backup,40,2026-01-06T16:00:00Z,baseline,inbound_requests,78284.0,complete,True,20260905
approved_backup,41,2026-01-06T17:00:00Z,baseline,inbound_requests,62489.0,complete,True,20260905
approved_backup,42,2026-01-06T18:00:00Z,baseline,inbound_requests,63236.0,complete,True,20260905
approved_backup,43,2026-01-06T19:00:00Z,baseline,inbound_requests,53108.0,complete,True,20260905
approved_backup,44,2026-01-06T20:00:00Z,baseline,inbound_requests,54702.0,complete,True,20260905
approved_backup,45,2026-01-06T21:00:00Z,baseline,inbound_requests,44878.0,complete,True,20260905
approved_backup,46,2026-01-06T22:00:00Z,baseline,inbound_requests,38136.0,complete,True,20260905
approved_backup,47,2026-01-06T23:00:00Z,baseline,inbound_requests,32516.0,complete,True,20260905
approved_backup,48,2026-01-07T00:00:00Z,target,inbound_requests,32250,complete,True,20260905
software_release,0,2026-01-05T00:00:00Z,baseline,auth_failures,74.0,complete,True,20260906
software_release,1,2026-01-05T01:00:00Z,baseline,auth_failures,88.0,complete,True,20260906
software_release,2,2026-01-05T02:00:00Z,baseline,auth_failures,73.0,complete,True,20260906
software_release,3,2026-01-05T03:00:00Z,baseline,auth_failures,77.0,complete,True,20260906
software_release,4,2026-01-05T04:00:00Z,baseline,auth_failures,91.0,complete,True,20260906
software_release,5,2026-01-05T05:00:00Z,baseline,auth_failures,103.0,complete,True,20260906
software_release,6,2026-01-05T06:00:00Z,baseline,auth_failures,99.0,complete,True,20260906
software_release,7,2026-01-05T07:00:00Z,baseline,auth_failures,105.0,complete,True,20260906
software_release,8,2026-01-05T08:00:00Z,baseline,auth_failures,126.0,complete,True,20260906
software_release,9,2026-01-05T09:00:00Z,baseline,auth_failures,129.0,complete,True,20260906
software_release,10,2026-01-05T10:00:00Z,baseline,auth_failures,144.0,complete,True,20260906
software_release,11,2026-01-05T11:00:00Z,baseline,auth_failures,141.0,complete,True,20260906
software_release,12,2026-01-05T12:00:00Z,baseline,auth_failures,160.0,complete,True,20260906
software_release,13,2026-01-05T13:00:00Z,baseline,auth_failures,172.0,complete,True,20260906
software_release,14,2026-01-05T14:00:00Z,baseline,auth_failures,169.0,complete,True,20260906
software_release,15,2026-01-05T15:00:00Z,baseline,auth_failures,147.0,complete,True,20260906
software_release,16,2026-01-05T16:00:00Z,baseline,auth_failures,142.0,complete,True,20260906
software_release,17,2026-01-05T17:00:00Z,baseline,auth_failures,142.0,complete,True,20260906
software_release,18,2026-01-05T18:00:00Z,baseline,auth_failures,129.0,complete,True,20260906
software_release,19,2026-01-05T19:00:00Z,baseline,auth_failures,143.0,complete,True,20260906
software_release,20,2026-01-05T20:00:00Z,baseline,auth_failures,115.0,complete,True,20260906
software_release,21,2026-01-05T21:00:00Z,baseline,auth_failures,86.0,complete,True,20260906
software_release,22,2026-01-05T22:00:00Z,baseline,auth_failures,110.0,complete,True,20260906
software_release,23,2026-01-05T23:00:00Z,baseline,auth_failures,99.0,complete,True,20260906
software_release,24,2026-01-06T00:00:00Z,baseline,auth_failures,82.0,complete,True,20260906
software_release,25,2026-01-06T01:00:00Z,baseline,auth_failures,85.0,complete,True,20260906
software_release,26,2026-01-06T02:00:00Z,baseline,auth_failures,90.0,complete,True,20260906
software_release,27,2026-01-06T03:00:00Z,baseline,auth_failures,78.0,complete,True,20260906
software_release,28,2026-01-06T04:00:00Z,baseline,auth_failures,79.0,complete,True,20260906
software_release,29,2026-01-06T05:00:00Z,baseline,auth_failures,83.0,complete,True,20260906
software_release,30,2026-01-06T06:00:00Z,baseline,auth_failures,94.0,complete,True,20260906
software_release,31,2026-01-06T07:00:00Z,baseline,auth_failures,108.0,complete,True,20260906
software_release,32,2026-01-06T08:00:00Z,baseline,auth_failures,108.0,complete,True,20260906
software_release,33,2026-01-06T09:00:00Z,baseline,auth_failures,136.0,complete,True,20260906
software_release,34,2026-01-06T10:00:00Z,baseline,auth_failures,123.0,complete,True,20260906
software_release,35,2026-01-06T11:00:00Z,baseline,auth_failures,166.0,complete,True,20260906
software_release,36,2026-01-06T12:00:00Z,baseline,auth_failures,143.0,complete,True,20260906
software_release,37,2026-01-06T13:00:00Z,baseline,auth_failures,131.0,complete,True,20260906
software_release,38,2026-01-06T14:00:00Z,baseline,auth_failures,193.0,complete,True,20260906
software_release,39,2026-01-06T15:00:00Z,baseline,auth_failures,171.0,complete,True,20260906
software_release,40,2026-01-06T16:00:00Z,baseline,auth_failures,152.0,complete,True,20260906
software_release,41,2026-01-06T17:00:00Z,baseline,auth_failures,123.0,complete,True,20260906
software_release,42,2026-01-06T18:00:00Z,baseline,auth_failures,136.0,complete,True,20260906
software_release,43,2026-01-06T19:00:00Z,baseline,auth_failures,135.0,complete,True,20260906
software_release,44,2026-01-06T20:00:00Z,baseline,auth_failures,119.0,complete,True,20260906
software_release,45,2026-01-06T21:00:00Z,baseline,auth_failures,105.0,complete,True,20260906
software_release,46,2026-01-06T22:00:00Z,baseline,auth_failures,108.0,complete,True,20260906
software_release,47,2026-01-06T23:00:00Z,baseline,auth_failures,103.0,complete,True,20260906
software_release,48,2026-01-07T00:00:00Z,target,auth_failures,104,complete,True,20260906
software_release,0,2026-01-05T00:00:00Z,baseline,unique_failed_accounts,26.0,complete,True,20260906
software_release,1,2026-01-05T01:00:00Z,baseline,unique_failed_accounts,24.0,complete,True,20260906
software_release,2,2026-01-05T02:00:00Z,baseline,unique_failed_accounts,22.0,complete,True,20260906
software_release,3,2026-01-05T03:00:00Z,baseline,unique_failed_accounts,25.0,complete,True,20260906
software_release,4,2026-01-05T04:00:00Z,baseline,unique_failed_accounts,26.0,complete,True,20260906
software_release,5,2026-01-05T05:00:00Z,baseline,unique_failed_accounts,26.0,complete,True,20260906
software_release,6,2026-01-05T06:00:00Z,baseline,unique_failed_accounts,28.0,complete,True,20260906
software_release,7,2026-01-05T07:00:00Z,baseline,unique_failed_accounts,30.0,complete,True,20260906
software_release,8,2026-01-05T08:00:00Z,baseline,unique_failed_accounts,37.0,complete,True,20260906
software_release,9,2026-01-05T09:00:00Z,baseline,unique_failed_accounts,36.0,complete,True,20260906
software_release,10,2026-01-05T10:00:00Z,baseline,unique_failed_accounts,35.0,complete,True,20260906
software_release,11,2026-01-05T11:00:00Z,baseline,unique_failed_accounts,51.0,complete,True,20260906
software_release,12,2026-01-05T12:00:00Z,baseline,unique_failed_accounts,36.0,complete,True,20260906
software_release,13,2026-01-05T13:00:00Z,baseline,unique_failed_accounts,37.0,complete,True,20260906
software_release,14,2026-01-05T14:00:00Z,baseline,unique_failed_accounts,38.0,complete,True,20260906
software_release,15,2026-01-05T15:00:00Z,baseline,unique_failed_accounts,45.0,complete,True,20260906
software_release,16,2026-01-05T16:00:00Z,baseline,unique_failed_accounts,47.0,complete,True,20260906
software_release,17,2026-01-05T17:00:00Z,baseline,unique_failed_accounts,44.0,complete,True,20260906
software_release,18,2026-01-05T18:00:00Z,baseline,unique_failed_accounts,35.0,complete,True,20260906
software_release,19,2026-01-05T19:00:00Z,baseline,unique_failed_accounts,43.0,complete,True,20260906
software_release,20,2026-01-05T20:00:00Z,baseline,unique_failed_accounts,34.0,complete,True,20260906
software_release,21,2026-01-05T21:00:00Z,baseline,unique_failed_accounts,29.0,complete,True,20260906
software_release,22,2026-01-05T22:00:00Z,baseline,unique_failed_accounts,29.0,complete,True,20260906
software_release,23,2026-01-05T23:00:00Z,baseline,unique_failed_accounts,26.0,complete,True,20260906
software_release,24,2026-01-06T00:00:00Z,baseline,unique_failed_accounts,25.0,complete,True,20260906
software_release,25,2026-01-06T01:00:00Z,baseline,unique_failed_accounts,27.0,complete,True,20260906
software_release,26,2026-01-06T02:00:00Z,baseline,unique_failed_accounts,25.0,complete,True,20260906
software_release,27,2026-01-06T03:00:00Z,baseline,unique_failed_accounts,26.0,complete,True,20260906
software_release,28,2026-01-06T04:00:00Z,baseline,unique_failed_accounts,25.0,complete,True,20260906
software_release,29,2026-01-06T05:00:00Z,baseline,unique_failed_accounts,29.0,complete,True,20260906
software_release,30,2026-01-06T06:00:00Z,baseline,unique_failed_accounts,28.0,complete,True,20260906
software_release,31,2026-01-06T07:00:00Z,baseline,unique_failed_accounts,26.0,complete,True,20260906
software_release,32,2026-01-06T08:00:00Z,baseline,unique_failed_accounts,35.0,complete,True,20260906
software_release,33,2026-01-06T09:00:00Z,baseline,unique_failed_accounts,40.0,complete,True,20260906
software_release,34,2026-01-06T10:00:00Z,baseline,unique_failed_accounts,37.0,complete,True,20260906
software_release,35,2026-01-06T11:00:00Z,baseline,unique_failed_accounts,37.0,complete,True,20260906
software_release,36,2026-01-06T12:00:00Z,baseline,unique_failed_accounts,41.0,complete,True,20260906
software_release,37,2026-01-06T13:00:00Z,baseline,unique_failed_accounts,44.0,complete,True,20260906
software_release,38,2026-01-06T14:00:00Z,baseline,unique_failed_accounts,42.0,complete,True,20260906
software_release,39,2026-01-06T15:00:00Z,baseline,unique_failed_accounts,44.0,complete,True,20260906
software_release,40,2026-01-06T16:00:00Z,baseline,unique_failed_accounts,43.0,complete,True,20260906
software_release,41,2026-01-06T17:00:00Z,baseline,unique_failed_accounts,46.0,complete,True,20260906
software_release,42,2026-01-06T18:00:00Z,baseline,unique_failed_accounts,39.0,complete,True,20260906
software_release,43,2026-01-06T19:00:00Z,baseline,unique_failed_accounts,40.0,complete,True,20260906
software_release,44,2026-01-06T20:00:00Z,baseline,unique_failed_accounts,32.0,complete,True,20260906
software_release,45,2026-01-06T21:00:00Z,baseline,unique_failed_accounts,37.0,complete,True,20260906
software_release,46,2026-01-06T22:00:00Z,baseline,unique_failed_accounts,29.0,complete,True,20260906
software_release,47,2026-01-06T23:00:00Z,baseline,unique_failed_accounts,30.0,complete,True,20260906
software_release,48,2026-01-07T00:00:00Z,target,unique_failed_accounts,26,complete,True,20260906
software_release,0,2026-01-05T00:00:00Z,baseline,unique_source_ips,202.0,complete,True,20260906
software_release,1,2026-01-05T01:00:00Z,baseline,unique_source_ips,232.0,complete,True,20260906
software_release,2,2026-01-05T02:00:00Z,baseline,unique_source_ips,168.0,complete,True,20260906
software_release,3,2026-01-05T03:00:00Z,baseline,unique_source_ips,217.0,complete,True,20260906
software_release,4,2026-01-05T04:00:00Z,baseline,unique_source_ips,222.0,complete,True,20260906
software_release,5,2026-01-05T05:00:00Z,baseline,unique_source_ips,236.0,complete,True,20260906
software_release,6,2026-01-05T06:00:00Z,baseline,unique_source_ips,197.0,complete,True,20260906
software_release,7,2026-01-05T07:00:00Z,baseline,unique_source_ips,221.0,complete,True,20260906
software_release,8,2026-01-05T08:00:00Z,baseline,unique_source_ips,217.0,complete,True,20260906
software_release,9,2026-01-05T09:00:00Z,baseline,unique_source_ips,251.0,complete,True,20260906
software_release,10,2026-01-05T10:00:00Z,baseline,unique_source_ips,246.0,complete,True,20260906
software_release,11,2026-01-05T11:00:00Z,baseline,unique_source_ips,282.0,complete,True,20260906
software_release,12,2026-01-05T12:00:00Z,baseline,unique_source_ips,324.0,complete,True,20260906
software_release,13,2026-01-05T13:00:00Z,baseline,unique_source_ips,275.0,complete,True,20260906
software_release,14,2026-01-05T14:00:00Z,baseline,unique_source_ips,306.0,complete,True,20260906
software_release,15,2026-01-05T15:00:00Z,baseline,unique_source_ips,307.0,complete,True,20260906
software_release,16,2026-01-05T16:00:00Z,baseline,unique_source_ips,310.0,complete,True,20260906
software_release,17,2026-01-05T17:00:00Z,baseline,unique_source_ips,287.0,complete,True,20260906
software_release,18,2026-01-05T18:00:00Z,baseline,unique_source_ips,244.0,complete,True,20260906
software_release,19,2026-01-05T19:00:00Z,baseline,unique_source_ips,262.0,complete,True,20260906
software_release,20,2026-01-05T20:00:00Z,baseline,unique_source_ips,229.0,complete,True,20260906
software_release,21,2026-01-05T21:00:00Z,baseline,unique_source_ips,229.0,complete,True,20260906
software_release,22,2026-01-05T22:00:00Z,baseline,unique_source_ips,202.0,complete,True,20260906
software_release,23,2026-01-05T23:00:00Z,baseline,unique_source_ips,208.0,complete,True,20260906
software_release,24,2026-01-06T00:00:00Z,baseline,unique_source_ips,228.0,complete,True,20260906
software_release,25,2026-01-06T01:00:00Z,baseline,unique_source_ips,169.0,complete,True,20260906
software_release,26,2026-01-06T02:00:00Z,baseline,unique_source_ips,163.0,complete,True,20260906
software_release,27,2026-01-06T03:00:00Z,baseline,unique_source_ips,214.0,complete,True,20260906
software_release,28,2026-01-06T04:00:00Z,baseline,unique_source_ips,183.0,complete,True,20260906
software_release,29,2026-01-06T05:00:00Z,baseline,unique_source_ips,218.0,complete,True,20260906
software_release,30,2026-01-06T06:00:00Z,baseline,unique_source_ips,239.0,complete,True,20260906
software_release,31,2026-01-06T07:00:00Z,baseline,unique_source_ips,220.0,complete,True,20260906
software_release,32,2026-01-06T08:00:00Z,baseline,unique_source_ips,229.0,complete,True,20260906
software_release,33,2026-01-06T09:00:00Z,baseline,unique_source_ips,257.0,complete,True,20260906
software_release,34,2026-01-06T10:00:00Z,baseline,unique_source_ips,291.0,complete,True,20260906
software_release,35,2026-01-06T11:00:00Z,baseline,unique_source_ips,288.0,complete,True,20260906
software_release,36,2026-01-06T12:00:00Z,baseline,unique_source_ips,307.0,complete,True,20260906
software_release,37,2026-01-06T13:00:00Z,baseline,unique_source_ips,290.0,complete,True,20260906
software_release,38,2026-01-06T14:00:00Z,baseline,unique_source_ips,319.0,complete,True,20260906
software_release,39,2026-01-06T15:00:00Z,baseline,unique_source_ips,300.0,complete,True,20260906
software_release,40,2026-01-06T16:00:00Z,baseline,unique_source_ips,306.0,complete,True,20260906
software_release,41,2026-01-06T17:00:00Z,baseline,unique_source_ips,285.0,complete,True,20260906
software_release,42,2026-01-06T18:00:00Z,baseline,unique_source_ips,264.0,complete,True,20260906
software_release,43,2026-01-06T19:00:00Z,baseline,unique_source_ips,274.0,complete,True,20260906
software_release,44,2026-01-06T20:00:00Z,baseline,unique_source_ips,238.0,complete,True,20260906
software_release,45,2026-01-06T21:00:00Z,baseline,unique_source_ips,233.0,complete,True,20260906
software_release,46,2026-01-06T22:00:00Z,baseline,unique_source_ips,218.0,complete,True,20260906
software_release,47,2026-01-06T23:00:00Z,baseline,unique_source_ips,221.0,complete,True,20260906
software_release,48,2026-01-07T00:00:00Z,target,unique_source_ips,203,complete,True,20260906
software_release,0,2026-01-05T00:00:00Z,baseline,successful_logins,1008.0,complete,True,20260906
software_release,1,2026-01-05T01:00:00Z,baseline,successful_logins,895.0,complete,True,20260906
software_release,2,2026-01-05T02:00:00Z,baseline,successful_logins,852.0,complete,True,20260906
software_release,3,2026-01-05T03:00:00Z,baseline,successful_logins,906.0,complete,True,20260906
software_release,4,2026-01-05T04:00:00Z,baseline,successful_logins,1022.0,complete,True,20260906
software_release,5,2026-01-05T05:00:00Z,baseline,successful_logins,1151.0,complete,True,20260906
software_release,6,2026-01-05T06:00:00Z,baseline,successful_logins,1230.0,complete,True,20260906
software_release,7,2026-01-05T07:00:00Z,baseline,successful_logins,1415.0,complete,True,20260906
software_release,8,2026-01-05T08:00:00Z,baseline,successful_logins,1494.0,complete,True,20260906
software_release,9,2026-01-05T09:00:00Z,baseline,successful_logins,1701.0,complete,True,20260906
software_release,10,2026-01-05T10:00:00Z,baseline,successful_logins,2070.0,complete,True,20260906
software_release,11,2026-01-05T11:00:00Z,baseline,successful_logins,1957.0,complete,True,20260906
software_release,12,2026-01-05T12:00:00Z,baseline,successful_logins,2012.0,complete,True,20260906
software_release,13,2026-01-05T13:00:00Z,baseline,successful_logins,2326.0,complete,True,20260906
software_release,14,2026-01-05T14:00:00Z,baseline,successful_logins,2093.0,complete,True,20260906
software_release,15,2026-01-05T15:00:00Z,baseline,successful_logins,2158.0,complete,True,20260906
software_release,16,2026-01-05T16:00:00Z,baseline,successful_logins,1882.0,complete,True,20260906
software_release,17,2026-01-05T17:00:00Z,baseline,successful_logins,1913.0,complete,True,20260906
software_release,18,2026-01-05T18:00:00Z,baseline,successful_logins,1879.0,complete,True,20260906
software_release,19,2026-01-05T19:00:00Z,baseline,successful_logins,1623.0,complete,True,20260906
software_release,20,2026-01-05T20:00:00Z,baseline,successful_logins,1561.0,complete,True,20260906
software_release,21,2026-01-05T21:00:00Z,baseline,successful_logins,1408.0,complete,True,20260906
software_release,22,2026-01-05T22:00:00Z,baseline,successful_logins,1174.0,complete,True,20260906
software_release,23,2026-01-05T23:00:00Z,baseline,successful_logins,1130.0,complete,True,20260906
software_release,24,2026-01-06T00:00:00Z,baseline,successful_logins,1001.0,complete,True,20260906
software_release,25,2026-01-06T01:00:00Z,baseline,successful_logins,1011.0,complete,True,20260906
software_release,26,2026-01-06T02:00:00Z,baseline,successful_logins,1003.0,complete,True,20260906
software_release,27,2026-01-06T03:00:00Z,baseline,successful_logins,941.0,complete,True,20260906
software_release,28,2026-01-06T04:00:00Z,baseline,successful_logins,865.0,complete,True,20260906
software_release,29,2026-01-06T05:00:00Z,baseline,successful_logins,1129.0,complete,True,20260906
software_release,30,2026-01-06T06:00:00Z,baseline,successful_logins,1170.0,complete,True,20260906
software_release,31,2026-01-06T07:00:00Z,baseline,successful_logins,1322.0,complete,True,20260906
software_release,32,2026-01-06T08:00:00Z,baseline,successful_logins,1577.0,complete,True,20260906
software_release,33,2026-01-06T09:00:00Z,baseline,successful_logins,1638.0,complete,True,20260906
software_release,34,2026-01-06T10:00:00Z,baseline,successful_logins,1903.0,complete,True,20260906
software_release,35,2026-01-06T11:00:00Z,baseline,successful_logins,2066.0,complete,True,20260906
software_release,36,2026-01-06T12:00:00Z,baseline,successful_logins,2178.0,complete,True,20260906
software_release,37,2026-01-06T13:00:00Z,baseline,successful_logins,2162.0,complete,True,20260906
software_release,38,2026-01-06T14:00:00Z,baseline,successful_logins,2440.0,complete,True,20260906
software_release,39,2026-01-06T15:00:00Z,baseline,successful_logins,2167.0,complete,True,20260906
software_release,40,2026-01-06T16:00:00Z,baseline,successful_logins,2291.0,complete,True,20260906
software_release,41,2026-01-06T17:00:00Z,baseline,successful_logins,2075.0,complete,True,20260906
software_release,42,2026-01-06T18:00:00Z,baseline,successful_logins,2023.0,complete,True,20260906
software_release,43,2026-01-06T19:00:00Z,baseline,successful_logins,1682.0,complete,True,20260906
software_release,44,2026-01-06T20:00:00Z,baseline,successful_logins,1716.0,complete,True,20260906
software_release,45,2026-01-06T21:00:00Z,baseline,successful_logins,1420.0,complete,True,20260906
software_release,46,2026-01-06T22:00:00Z,baseline,successful_logins,1281.0,complete,True,20260906
software_release,47,2026-01-06T23:00:00Z,baseline,successful_logins,1226.0,complete,True,20260906
software_release,48,2026-01-07T00:00:00Z,target,successful_logins,995,complete,True,20260906
software_release,0,2026-01-05T00:00:00Z,baseline,privileged_changes,1.0,complete,True,20260906
software_release,1,2026-01-05T01:00:00Z,baseline,privileged_changes,2.0,complete,True,20260906
software_release,2,2026-01-05T02:00:00Z,baseline,privileged_changes,2.0,complete,True,20260906
software_release,3,2026-01-05T03:00:00Z,baseline,privileged_changes,2.0,complete,True,20260906
software_release,4,2026-01-05T04:00:00Z,baseline,privileged_changes,1.0,complete,True,20260906
software_release,5,2026-01-05T05:00:00Z,baseline,privileged_changes,1.0,complete,True,20260906
software_release,6,2026-01-05T06:00:00Z,baseline,privileged_changes,2.0,complete,True,20260906
software_release,7,2026-01-05T07:00:00Z,baseline,privileged_changes,1.0,complete,True,20260906
software_release,8,2026-01-05T08:00:00Z,baseline,privileged_changes,2.0,complete,True,20260906
software_release,9,2026-01-05T09:00:00Z,baseline,privileged_changes,1.0,complete,True,20260906
software_release,10,2026-01-05T10:00:00Z,baseline,privileged_changes,2.0,complete,True,20260906
software_release,11,2026-01-05T11:00:00Z,baseline,privileged_changes,1.0,complete,True,20260906
software_release,12,2026-01-05T12:00:00Z,baseline,privileged_changes,2.0,complete,True,20260906
software_release,13,2026-01-05T13:00:00Z,baseline,privileged_changes,3.0,complete,True,20260906
software_release,14,2026-01-05T14:00:00Z,baseline,privileged_changes,2.0,complete,True,20260906
software_release,15,2026-01-05T15:00:00Z,baseline,privileged_changes,1.0,complete,True,20260906
software_release,16,2026-01-05T16:00:00Z,baseline,privileged_changes,2.0,complete,True,20260906
software_release,17,2026-01-05T17:00:00Z,baseline,privileged_changes,1.0,complete,True,20260906
software_release,18,2026-01-05T18:00:00Z,baseline,privileged_changes,2.0,complete,True,20260906
software_release,19,2026-01-05T19:00:00Z,baseline,privileged_changes,2.0,complete,True,20260906
software_release,20,2026-01-05T20:00:00Z,baseline,privileged_changes,2.0,complete,True,20260906
software_release,21,2026-01-05T21:00:00Z,baseline,privileged_changes,3.0,complete,True,20260906
software_release,22,2026-01-05T22:00:00Z,baseline,privileged_changes,1.0,complete,True,20260906
software_release,23,2026-01-05T23:00:00Z,baseline,privileged_changes,2.0,complete,True,20260906
software_release,24,2026-01-06T00:00:00Z,baseline,privileged_changes,2.0,complete,True,20260906
software_release,25,2026-01-06T01:00:00Z,baseline,privileged_changes,1.0,complete,True,20260906
software_release,26,2026-01-06T02:00:00Z,baseline,privileged_changes,1.0,complete,True,20260906
software_release,27,2026-01-06T03:00:00Z,baseline,privileged_changes,1.0,complete,True,20260906
software_release,28,2026-01-06T04:00:00Z,baseline,privileged_changes,2.0,complete,True,20260906
software_release,29,2026-01-06T05:00:00Z,baseline,privileged_changes,2.0,complete,True,20260906
software_release,30,2026-01-06T06:00:00Z,baseline,privileged_changes,2.0,complete,True,20260906
software_release,31,2026-01-06T07:00:00Z,baseline,privileged_changes,2.0,complete,True,20260906
software_release,32,2026-01-06T08:00:00Z,baseline,privileged_changes,2.0,complete,True,20260906
software_release,33,2026-01-06T09:00:00Z,baseline,privileged_changes,2.0,complete,True,20260906
software_release,34,2026-01-06T10:00:00Z,baseline,privileged_changes,2.0,complete,True,20260906
software_release,35,2026-01-06T11:00:00Z,baseline,privileged_changes,2.0,complete,True,20260906
software_release,36,2026-01-06T12:00:00Z,baseline,privileged_changes,3.0,complete,True,20260906
software_release,37,2026-01-06T13:00:00Z,baseline,privileged_changes,2.0,complete,True,20260906
software_release,38,2026-01-06T14:00:00Z,baseline,privileged_changes,2.0,complete,True,20260906
software_release,39,2026-01-06T15:00:00Z,baseline,privileged_changes,1.0,complete,True,20260906
software_release,40,2026-01-06T16:00:00Z,baseline,privileged_changes,2.0,complete,True,20260906
software_release,41,2026-01-06T17:00:00Z,baseline,privileged_changes,2.0,complete,True,20260906
software_release,42,2026-01-06T18:00:00Z,baseline,privileged_changes,1.0,complete,True,20260906
software_release,43,2026-01-06T19:00:00Z,baseline,privileged_changes,2.0,complete,True,20260906
software_release,44,2026-01-06T20:00:00Z,baseline,privileged_changes,2.0,complete,True,20260906
software_release,45,2026-01-06T21:00:00Z,baseline,privileged_changes,2.0,complete,True,20260906
software_release,46,2026-01-06T22:00:00Z,baseline,privileged_changes,3.0,complete,True,20260906
software_release,47,2026-01-06T23:00:00Z,baseline,privileged_changes,2.0,complete,True,20260906
software_release,48,2026-01-07T00:00:00Z,target,privileged_changes,2,complete,True,20260906
software_release,0,2026-01-05T00:00:00Z,baseline,outbound_mb,610.796,complete,True,20260906
software_release,1,2026-01-05T01:00:00Z,baseline,outbound_mb,526.493,complete,True,20260906
software_release,2,2026-01-05T02:00:00Z,baseline,outbound_mb,558.333,complete,True,20260906
software_release,3,2026-01-05T03:00:00Z,baseline,outbound_mb,580.052,complete,True,20260906
software_release,4,2026-01-05T04:00:00Z,baseline,outbound_mb,592.085,complete,True,20260906
software_release,5,2026-01-05T05:00:00Z,baseline,outbound_mb,693.511,complete,True,20260906
software_release,6,2026-01-05T06:00:00Z,baseline,outbound_mb,737.495,complete,True,20260906
software_release,7,2026-01-05T07:00:00Z,baseline,outbound_mb,762.518,complete,True,20260906
software_release,8,2026-01-05T08:00:00Z,baseline,outbound_mb,912.016,complete,True,20260906
software_release,9,2026-01-05T09:00:00Z,baseline,outbound_mb,908.614,complete,True,20260906
software_release,10,2026-01-05T10:00:00Z,baseline,outbound_mb,960.762,complete,True,20260906
software_release,11,2026-01-05T11:00:00Z,baseline,outbound_mb,1182.686,complete,True,20260906
software_release,12,2026-01-05T12:00:00Z,baseline,outbound_mb,1135.129,complete,True,20260906
software_release,13,2026-01-05T13:00:00Z,baseline,outbound_mb,1127.34,complete,True,20260906
software_release,14,2026-01-05T14:00:00Z,baseline,outbound_mb,1019.734,complete,True,20260906
software_release,15,2026-01-05T15:00:00Z,baseline,outbound_mb,1267.877,complete,True,20260906
software_release,16,2026-01-05T16:00:00Z,baseline,outbound_mb,1295.715,complete,True,20260906
software_release,17,2026-01-05T17:00:00Z,baseline,outbound_mb,1089.348,complete,True,20260906
software_release,18,2026-01-05T18:00:00Z,baseline,outbound_mb,1101.239,complete,True,20260906
software_release,19,2026-01-05T19:00:00Z,baseline,outbound_mb,917.643,complete,True,20260906
software_release,20,2026-01-05T20:00:00Z,baseline,outbound_mb,928.227,complete,True,20260906
software_release,21,2026-01-05T21:00:00Z,baseline,outbound_mb,801.203,complete,True,20260906
software_release,22,2026-01-05T22:00:00Z,baseline,outbound_mb,748.327,complete,True,20260906
software_release,23,2026-01-05T23:00:00Z,baseline,outbound_mb,611.262,complete,True,20260906
software_release,24,2026-01-06T00:00:00Z,baseline,outbound_mb,608.028,complete,True,20260906
software_release,25,2026-01-06T01:00:00Z,baseline,outbound_mb,531.496,complete,True,20260906
software_release,26,2026-01-06T02:00:00Z,baseline,outbound_mb,560.657,complete,True,20260906
software_release,27,2026-01-06T03:00:00Z,baseline,outbound_mb,551.083,complete,True,20260906
software_release,28,2026-01-06T04:00:00Z,baseline,outbound_mb,625.129,complete,True,20260906
software_release,29,2026-01-06T05:00:00Z,baseline,outbound_mb,623.447,complete,True,20260906
software_release,30,2026-01-06T06:00:00Z,baseline,outbound_mb,833.47,complete,True,20260906
software_release,31,2026-01-06T07:00:00Z,baseline,outbound_mb,792.73,complete,True,20260906
software_release,32,2026-01-06T08:00:00Z,baseline,outbound_mb,920.249,complete,True,20260906
software_release,33,2026-01-06T09:00:00Z,baseline,outbound_mb,932.751,complete,True,20260906
software_release,34,2026-01-06T10:00:00Z,baseline,outbound_mb,1084.782,complete,True,20260906
software_release,35,2026-01-06T11:00:00Z,baseline,outbound_mb,1198.21,complete,True,20260906
software_release,36,2026-01-06T12:00:00Z,baseline,outbound_mb,1298.192,complete,True,20260906
software_release,37,2026-01-06T13:00:00Z,baseline,outbound_mb,1131.019,complete,True,20260906
software_release,38,2026-01-06T14:00:00Z,baseline,outbound_mb,1131.078,complete,True,20260906
software_release,39,2026-01-06T15:00:00Z,baseline,outbound_mb,1139.22,complete,True,20260906
software_release,40,2026-01-06T16:00:00Z,baseline,outbound_mb,1169.451,complete,True,20260906
software_release,41,2026-01-06T17:00:00Z,baseline,outbound_mb,1138.004,complete,True,20260906
software_release,42,2026-01-06T18:00:00Z,baseline,outbound_mb,1071.469,complete,True,20260906
software_release,43,2026-01-06T19:00:00Z,baseline,outbound_mb,1036.214,complete,True,20260906
software_release,44,2026-01-06T20:00:00Z,baseline,outbound_mb,936.735,complete,True,20260906
software_release,45,2026-01-06T21:00:00Z,baseline,outbound_mb,834.615,complete,True,20260906
software_release,46,2026-01-06T22:00:00Z,baseline,outbound_mb,711.323,complete,True,20260906
software_release,47,2026-01-06T23:00:00Z,baseline,outbound_mb,693.224,complete,True,20260906
software_release,48,2026-01-07T00:00:00Z,target,outbound_mb,610.763,complete,True,20260906
software_release,0,2026-01-05T00:00:00Z,baseline,api_5xx,10.0,complete,True,20260906
software_release,1,2026-01-05T01:00:00Z,baseline,api_5xx,8.0,complete,True,20260906
software_release,2,2026-01-05T02:00:00Z,baseline,api_5xx,10.0,complete,True,20260906
software_release,3,2026-01-05T03:00:00Z,baseline,api_5xx,18.0,complete,True,20260906
software_release,4,2026-01-05T04:00:00Z,baseline,api_5xx,11.0,complete,True,20260906
software_release,5,2026-01-05T05:00:00Z,baseline,api_5xx,13.0,complete,True,20260906
software_release,6,2026-01-05T06:00:00Z,baseline,api_5xx,11.0,complete,True,20260906
software_release,7,2026-01-05T07:00:00Z,baseline,api_5xx,20.0,complete,True,20260906
software_release,8,2026-01-05T08:00:00Z,baseline,api_5xx,16.0,complete,True,20260906
software_release,9,2026-01-05T09:00:00Z,baseline,api_5xx,28.0,complete,True,20260906
software_release,10,2026-01-05T10:00:00Z,baseline,api_5xx,19.0,complete,True,20260906
software_release,11,2026-01-05T11:00:00Z,baseline,api_5xx,13.0,complete,True,20260906
software_release,12,2026-01-05T12:00:00Z,baseline,api_5xx,16.0,complete,True,20260906
software_release,13,2026-01-05T13:00:00Z,baseline,api_5xx,27.0,complete,True,20260906
software_release,14,2026-01-05T14:00:00Z,baseline,api_5xx,17.0,complete,True,20260906
software_release,15,2026-01-05T15:00:00Z,baseline,api_5xx,34.0,complete,True,20260906
software_release,16,2026-01-05T16:00:00Z,baseline,api_5xx,28.0,complete,True,20260906
software_release,17,2026-01-05T17:00:00Z,baseline,api_5xx,18.0,complete,True,20260906
software_release,18,2026-01-05T18:00:00Z,baseline,api_5xx,25.0,complete,True,20260906
software_release,19,2026-01-05T19:00:00Z,baseline,api_5xx,20.0,complete,True,20260906
software_release,20,2026-01-05T20:00:00Z,baseline,api_5xx,20.0,complete,True,20260906
software_release,21,2026-01-05T21:00:00Z,baseline,api_5xx,18.0,complete,True,20260906
software_release,22,2026-01-05T22:00:00Z,baseline,api_5xx,18.0,complete,True,20260906
software_release,23,2026-01-05T23:00:00Z,baseline,api_5xx,9.0,complete,True,20260906
software_release,24,2026-01-06T00:00:00Z,baseline,api_5xx,15.0,complete,True,20260906
software_release,25,2026-01-06T01:00:00Z,baseline,api_5xx,13.0,complete,True,20260906
software_release,26,2026-01-06T02:00:00Z,baseline,api_5xx,10.0,complete,True,20260906
software_release,27,2026-01-06T03:00:00Z,baseline,api_5xx,15.0,complete,True,20260906
software_release,28,2026-01-06T04:00:00Z,baseline,api_5xx,12.0,complete,True,20260906
software_release,29,2026-01-06T05:00:00Z,baseline,api_5xx,15.0,complete,True,20260906
software_release,30,2026-01-06T06:00:00Z,baseline,api_5xx,10.0,complete,True,20260906
software_release,31,2026-01-06T07:00:00Z,baseline,api_5xx,16.0,complete,True,20260906
software_release,32,2026-01-06T08:00:00Z,baseline,api_5xx,20.0,complete,True,20260906
software_release,33,2026-01-06T09:00:00Z,baseline,api_5xx,20.0,complete,True,20260906
software_release,34,2026-01-06T10:00:00Z,baseline,api_5xx,15.0,complete,True,20260906
software_release,35,2026-01-06T11:00:00Z,baseline,api_5xx,13.0,complete,True,20260906
software_release,36,2026-01-06T12:00:00Z,baseline,api_5xx,15.0,complete,True,20260906
software_release,37,2026-01-06T13:00:00Z,baseline,api_5xx,26.0,complete,True,20260906
software_release,38,2026-01-06T14:00:00Z,baseline,api_5xx,33.0,complete,True,20260906
software_release,39,2026-01-06T15:00:00Z,baseline,api_5xx,16.0,complete,True,20260906
software_release,40,2026-01-06T16:00:00Z,baseline,api_5xx,23.0,complete,True,20260906
software_release,41,2026-01-06T17:00:00Z,baseline,api_5xx,18.0,complete,True,20260906
software_release,42,2026-01-06T18:00:00Z,baseline,api_5xx,25.0,complete,True,20260906
software_release,43,2026-01-06T19:00:00Z,baseline,api_5xx,19.0,complete,True,20260906
software_release,44,2026-01-06T20:00:00Z,baseline,api_5xx,24.0,complete,True,20260906
software_release,45,2026-01-06T21:00:00Z,baseline,api_5xx,11.0,complete,True,20260906
software_release,46,2026-01-06T22:00:00Z,baseline,api_5xx,7.0,complete,True,20260906
software_release,47,2026-01-06T23:00:00Z,baseline,api_5xx,16.0,complete,True,20260906
software_release,48,2026-01-07T00:00:00Z,target,api_5xx,104,complete,True,20260906
software_release,0,2026-01-05T00:00:00Z,baseline,endpoint_alerts,4.0,complete,True,20260906
software_release,1,2026-01-05T01:00:00Z,baseline,endpoint_alerts,5.0,complete,True,20260906
software_release,2,2026-01-05T02:00:00Z,baseline,endpoint_alerts,6.0,complete,True,20260906
software_release,3,2026-01-05T03:00:00Z,baseline,endpoint_alerts,3.0,complete,True,20260906
software_release,4,2026-01-05T04:00:00Z,baseline,endpoint_alerts,5.0,complete,True,20260906
software_release,5,2026-01-05T05:00:00Z,baseline,endpoint_alerts,4.0,complete,True,20260906
software_release,6,2026-01-05T06:00:00Z,baseline,endpoint_alerts,5.0,complete,True,20260906
software_release,7,2026-01-05T07:00:00Z,baseline,endpoint_alerts,5.0,complete,True,20260906
software_release,8,2026-01-05T08:00:00Z,baseline,endpoint_alerts,5.0,complete,True,20260906
software_release,9,2026-01-05T09:00:00Z,baseline,endpoint_alerts,5.0,complete,True,20260906
software_release,10,2026-01-05T10:00:00Z,baseline,endpoint_alerts,5.0,complete,True,20260906
software_release,11,2026-01-05T11:00:00Z,baseline,endpoint_alerts,5.0,complete,True,20260906
software_release,12,2026-01-05T12:00:00Z,baseline,endpoint_alerts,5.0,complete,True,20260906
software_release,13,2026-01-05T13:00:00Z,baseline,endpoint_alerts,6.0,complete,True,20260906
software_release,14,2026-01-05T14:00:00Z,baseline,endpoint_alerts,6.0,complete,True,20260906
software_release,15,2026-01-05T15:00:00Z,baseline,endpoint_alerts,5.0,complete,True,20260906
software_release,16,2026-01-05T16:00:00Z,baseline,endpoint_alerts,6.0,complete,True,20260906
software_release,17,2026-01-05T17:00:00Z,baseline,endpoint_alerts,6.0,complete,True,20260906
software_release,18,2026-01-05T18:00:00Z,baseline,endpoint_alerts,5.0,complete,True,20260906
software_release,19,2026-01-05T19:00:00Z,baseline,endpoint_alerts,4.0,complete,True,20260906
software_release,20,2026-01-05T20:00:00Z,baseline,endpoint_alerts,4.0,complete,True,20260906
software_release,21,2026-01-05T21:00:00Z,baseline,endpoint_alerts,5.0,complete,True,20260906
software_release,22,2026-01-05T22:00:00Z,baseline,endpoint_alerts,5.0,complete,True,20260906
software_release,23,2026-01-05T23:00:00Z,baseline,endpoint_alerts,6.0,complete,True,20260906
software_release,24,2026-01-06T00:00:00Z,baseline,endpoint_alerts,4.0,complete,True,20260906
software_release,25,2026-01-06T01:00:00Z,baseline,endpoint_alerts,4.0,complete,True,20260906
software_release,26,2026-01-06T02:00:00Z,baseline,endpoint_alerts,3.0,complete,True,20260906
software_release,27,2026-01-06T03:00:00Z,baseline,endpoint_alerts,3.0,complete,True,20260906
software_release,28,2026-01-06T04:00:00Z,baseline,endpoint_alerts,4.0,complete,True,20260906
software_release,29,2026-01-06T05:00:00Z,baseline,endpoint_alerts,5.0,complete,True,20260906
software_release,30,2026-01-06T06:00:00Z,baseline,endpoint_alerts,6.0,complete,True,20260906
software_release,31,2026-01-06T07:00:00Z,baseline,endpoint_alerts,5.0,complete,True,20260906
software_release,32,2026-01-06T08:00:00Z,baseline,endpoint_alerts,4.0,complete,True,20260906
software_release,33,2026-01-06T09:00:00Z,baseline,endpoint_alerts,6.0,complete,True,20260906
software_release,34,2026-01-06T10:00:00Z,baseline,endpoint_alerts,3.0,complete,True,20260906
software_release,35,2026-01-06T11:00:00Z,baseline,endpoint_alerts,7.0,complete,True,20260906
software_release,36,2026-01-06T12:00:00Z,baseline,endpoint_alerts,5.0,complete,True,20260906
software_release,37,2026-01-06T13:00:00Z,baseline,endpoint_alerts,7.0,complete,True,20260906
software_release,38,2026-01-06T14:00:00Z,baseline,endpoint_alerts,6.0,complete,True,20260906
software_release,39,2026-01-06T15:00:00Z,baseline,endpoint_alerts,6.0,complete,True,20260906
software_release,40,2026-01-06T16:00:00Z,baseline,endpoint_alerts,5.0,complete,True,20260906
software_release,41,2026-01-06T17:00:00Z,baseline,endpoint_alerts,4.0,complete,True,20260906
software_release,42,2026-01-06T18:00:00Z,baseline,endpoint_alerts,5.0,complete,True,20260906
software_release,43,2026-01-06T19:00:00Z,baseline,endpoint_alerts,5.0,complete,True,20260906
software_release,44,2026-01-06T20:00:00Z,baseline,endpoint_alerts,4.0,complete,True,20260906
software_release,45,2026-01-06T21:00:00Z,baseline,endpoint_alerts,7.0,complete,True,20260906
software_release,46,2026-01-06T22:00:00Z,baseline,endpoint_alerts,7.0,complete,True,20260906
software_release,47,2026-01-06T23:00:00Z,baseline,endpoint_alerts,6.0,complete,True,20260906
software_release,48,2026-01-07T00:00:00Z,target,endpoint_alerts,3,complete,True,20260906
software_release,0,2026-01-05T00:00:00Z,baseline,file_rename_events,31.0,complete,True,20260906
software_release,1,2026-01-05T01:00:00Z,baseline,file_rename_events,35.0,complete,True,20260906
software_release,2,2026-01-05T02:00:00Z,baseline,file_rename_events,30.0,complete,True,20260906
software_release,3,2026-01-05T03:00:00Z,baseline,file_rename_events,39.0,complete,True,20260906
software_release,4,2026-01-05T04:00:00Z,baseline,file_rename_events,33.0,complete,True,20260906
software_release,5,2026-01-05T05:00:00Z,baseline,file_rename_events,38.0,complete,True,20260906
software_release,6,2026-01-05T06:00:00Z,baseline,file_rename_events,41.0,complete,True,20260906
software_release,7,2026-01-05T07:00:00Z,baseline,file_rename_events,36.0,complete,True,20260906
software_release,8,2026-01-05T08:00:00Z,baseline,file_rename_events,45.0,complete,True,20260906
software_release,9,2026-01-05T09:00:00Z,baseline,file_rename_events,44.0,complete,True,20260906
software_release,10,2026-01-05T10:00:00Z,baseline,file_rename_events,41.0,complete,True,20260906
software_release,11,2026-01-05T11:00:00Z,baseline,file_rename_events,44.0,complete,True,20260906
software_release,12,2026-01-05T12:00:00Z,baseline,file_rename_events,57.0,complete,True,20260906
software_release,13,2026-01-05T13:00:00Z,baseline,file_rename_events,47.0,complete,True,20260906
software_release,14,2026-01-05T14:00:00Z,baseline,file_rename_events,39.0,complete,True,20260906
software_release,15,2026-01-05T15:00:00Z,baseline,file_rename_events,49.0,complete,True,20260906
software_release,16,2026-01-05T16:00:00Z,baseline,file_rename_events,43.0,complete,True,20260906
software_release,17,2026-01-05T17:00:00Z,baseline,file_rename_events,44.0,complete,True,20260906
software_release,18,2026-01-05T18:00:00Z,baseline,file_rename_events,44.0,complete,True,20260906
software_release,19,2026-01-05T19:00:00Z,baseline,file_rename_events,46.0,complete,True,20260906
software_release,20,2026-01-05T20:00:00Z,baseline,file_rename_events,36.0,complete,True,20260906
software_release,21,2026-01-05T21:00:00Z,baseline,file_rename_events,46.0,complete,True,20260906
software_release,22,2026-01-05T22:00:00Z,baseline,file_rename_events,33.0,complete,True,20260906
software_release,23,2026-01-05T23:00:00Z,baseline,file_rename_events,31.0,complete,True,20260906
software_release,24,2026-01-06T00:00:00Z,baseline,file_rename_events,33.0,complete,True,20260906
software_release,25,2026-01-06T01:00:00Z,baseline,file_rename_events,35.0,complete,True,20260906
software_release,26,2026-01-06T02:00:00Z,baseline,file_rename_events,34.0,complete,True,20260906
software_release,27,2026-01-06T03:00:00Z,baseline,file_rename_events,36.0,complete,True,20260906
software_release,28,2026-01-06T04:00:00Z,baseline,file_rename_events,39.0,complete,True,20260906
software_release,29,2026-01-06T05:00:00Z,baseline,file_rename_events,30.0,complete,True,20260906
software_release,30,2026-01-06T06:00:00Z,baseline,file_rename_events,49.0,complete,True,20260906
software_release,31,2026-01-06T07:00:00Z,baseline,file_rename_events,35.0,complete,True,20260906
software_release,32,2026-01-06T08:00:00Z,baseline,file_rename_events,46.0,complete,True,20260906
software_release,33,2026-01-06T09:00:00Z,baseline,file_rename_events,46.0,complete,True,20260906
software_release,34,2026-01-06T10:00:00Z,baseline,file_rename_events,51.0,complete,True,20260906
software_release,35,2026-01-06T11:00:00Z,baseline,file_rename_events,44.0,complete,True,20260906
software_release,36,2026-01-06T12:00:00Z,baseline,file_rename_events,46.0,complete,True,20260906
software_release,37,2026-01-06T13:00:00Z,baseline,file_rename_events,57.0,complete,True,20260906
software_release,38,2026-01-06T14:00:00Z,baseline,file_rename_events,48.0,complete,True,20260906
software_release,39,2026-01-06T15:00:00Z,baseline,file_rename_events,58.0,complete,True,20260906
software_release,40,2026-01-06T16:00:00Z,baseline,file_rename_events,48.0,complete,True,20260906
software_release,41,2026-01-06T17:00:00Z,baseline,file_rename_events,46.0,complete,True,20260906
software_release,42,2026-01-06T18:00:00Z,baseline,file_rename_events,50.0,complete,True,20260906
software_release,43,2026-01-06T19:00:00Z,baseline,file_rename_events,54.0,complete,True,20260906
software_release,44,2026-01-06T20:00:00Z,baseline,file_rename_events,53.0,complete,True,20260906
software_release,45,2026-01-06T21:00:00Z,baseline,file_rename_events,39.0,complete,True,20260906
software_release,46,2026-01-06T22:00:00Z,baseline,file_rename_events,40.0,complete,True,20260906
software_release,47,2026-01-06T23:00:00Z,baseline,file_rename_events,43.0,complete,True,20260906
software_release,48,2026-01-07T00:00:00Z,target,file_rename_events,35,complete,True,20260906
software_release,0,2026-01-05T00:00:00Z,baseline,inbound_requests,31398.0,complete,True,20260906
software_release,1,2026-01-05T01:00:00Z,baseline,inbound_requests,27455.0,complete,True,20260906
software_release,2,2026-01-05T02:00:00Z,baseline,inbound_requests,27260.0,complete,True,20260906
software_release,3,2026-01-05T03:00:00Z,baseline,inbound_requests,28797.0,complete,True,20260906
software_release,4,2026-01-05T04:00:00Z,baseline,inbound_requests,27763.0,complete,True,20260906
software_release,5,2026-01-05T05:00:00Z,baseline,inbound_requests,35683.0,complete,True,20260906
software_release,6,2026-01-05T06:00:00Z,baseline,inbound_requests,41258.0,complete,True,20260906
software_release,7,2026-01-05T07:00:00Z,baseline,inbound_requests,46289.0,complete,True,20260906
software_release,8,2026-01-05T08:00:00Z,baseline,inbound_requests,47807.0,complete,True,20260906
software_release,9,2026-01-05T09:00:00Z,baseline,inbound_requests,59262.0,complete,True,20260906
software_release,10,2026-01-05T10:00:00Z,baseline,inbound_requests,64560.0,complete,True,20260906
software_release,11,2026-01-05T11:00:00Z,baseline,inbound_requests,65276.0,complete,True,20260906
software_release,12,2026-01-05T12:00:00Z,baseline,inbound_requests,79002.0,complete,True,20260906
software_release,13,2026-01-05T13:00:00Z,baseline,inbound_requests,65285.0,complete,True,20260906
software_release,14,2026-01-05T14:00:00Z,baseline,inbound_requests,76837.0,complete,True,20260906
software_release,15,2026-01-05T15:00:00Z,baseline,inbound_requests,73638.0,complete,True,20260906
software_release,16,2026-01-05T16:00:00Z,baseline,inbound_requests,66269.0,complete,True,20260906
software_release,17,2026-01-05T17:00:00Z,baseline,inbound_requests,66293.0,complete,True,20260906
software_release,18,2026-01-05T18:00:00Z,baseline,inbound_requests,70328.0,complete,True,20260906
software_release,19,2026-01-05T19:00:00Z,baseline,inbound_requests,57617.0,complete,True,20260906
software_release,20,2026-01-05T20:00:00Z,baseline,inbound_requests,49246.0,complete,True,20260906
software_release,21,2026-01-05T21:00:00Z,baseline,inbound_requests,43502.0,complete,True,20260906
software_release,22,2026-01-05T22:00:00Z,baseline,inbound_requests,40634.0,complete,True,20260906
software_release,23,2026-01-05T23:00:00Z,baseline,inbound_requests,33751.0,complete,True,20260906
software_release,24,2026-01-06T00:00:00Z,baseline,inbound_requests,29345.0,complete,True,20260906
software_release,25,2026-01-06T01:00:00Z,baseline,inbound_requests,28227.0,complete,True,20260906
software_release,26,2026-01-06T02:00:00Z,baseline,inbound_requests,27476.0,complete,True,20260906
software_release,27,2026-01-06T03:00:00Z,baseline,inbound_requests,29039.0,complete,True,20260906
software_release,28,2026-01-06T04:00:00Z,baseline,inbound_requests,29370.0,complete,True,20260906
software_release,29,2026-01-06T05:00:00Z,baseline,inbound_requests,35602.0,complete,True,20260906
software_release,30,2026-01-06T06:00:00Z,baseline,inbound_requests,36910.0,complete,True,20260906
software_release,31,2026-01-06T07:00:00Z,baseline,inbound_requests,44956.0,complete,True,20260906
software_release,32,2026-01-06T08:00:00Z,baseline,inbound_requests,55257.0,complete,True,20260906
software_release,33,2026-01-06T09:00:00Z,baseline,inbound_requests,61842.0,complete,True,20260906
software_release,34,2026-01-06T10:00:00Z,baseline,inbound_requests,64230.0,complete,True,20260906
software_release,35,2026-01-06T11:00:00Z,baseline,inbound_requests,70103.0,complete,True,20260906
software_release,36,2026-01-06T12:00:00Z,baseline,inbound_requests,73657.0,complete,True,20260906
software_release,37,2026-01-06T13:00:00Z,baseline,inbound_requests,70949.0,complete,True,20260906
software_release,38,2026-01-06T14:00:00Z,baseline,inbound_requests,74018.0,complete,True,20260906
software_release,39,2026-01-06T15:00:00Z,baseline,inbound_requests,78249.0,complete,True,20260906
software_release,40,2026-01-06T16:00:00Z,baseline,inbound_requests,74542.0,complete,True,20260906
software_release,41,2026-01-06T17:00:00Z,baseline,inbound_requests,65272.0,complete,True,20260906
software_release,42,2026-01-06T18:00:00Z,baseline,inbound_requests,66288.0,complete,True,20260906
software_release,43,2026-01-06T19:00:00Z,baseline,inbound_requests,56622.0,complete,True,20260906
software_release,44,2026-01-06T20:00:00Z,baseline,inbound_requests,52448.0,complete,True,20260906
software_release,45,2026-01-06T21:00:00Z,baseline,inbound_requests,45837.0,complete,True,20260906
software_release,46,2026-01-06T22:00:00Z,baseline,inbound_requests,42818.0,complete,True,20260906
software_release,47,2026-01-06T23:00:00Z,baseline,inbound_requests,34841.0,complete,True,20260906
software_release,48,2026-01-07T00:00:00Z,target,inbound_requests,32800,complete,True,20260906
campaign_traffic,0,2026-01-05T00:00:00Z,baseline,auth_failures,98.0,complete,True,20260907
campaign_traffic,1,2026-01-05T01:00:00Z,baseline,auth_failures,84.0,complete,True,20260907
campaign_traffic,2,2026-01-05T02:00:00Z,baseline,auth_failures,75.0,complete,True,20260907
campaign_traffic,3,2026-01-05T03:00:00Z,baseline,auth_failures,83.0,complete,True,20260907
campaign_traffic,4,2026-01-05T04:00:00Z,baseline,auth_failures,94.0,complete,True,20260907
campaign_traffic,5,2026-01-05T05:00:00Z,baseline,auth_failures,83.0,complete,True,20260907
campaign_traffic,6,2026-01-05T06:00:00Z,baseline,auth_failures,120.0,complete,True,20260907
campaign_traffic,7,2026-01-05T07:00:00Z,baseline,auth_failures,109.0,complete,True,20260907
campaign_traffic,8,2026-01-05T08:00:00Z,baseline,auth_failures,100.0,complete,True,20260907
campaign_traffic,9,2026-01-05T09:00:00Z,baseline,auth_failures,129.0,complete,True,20260907
campaign_traffic,10,2026-01-05T10:00:00Z,baseline,auth_failures,150.0,complete,True,20260907
campaign_traffic,11,2026-01-05T11:00:00Z,baseline,auth_failures,144.0,complete,True,20260907
campaign_traffic,12,2026-01-05T12:00:00Z,baseline,auth_failures,157.0,complete,True,20260907
campaign_traffic,13,2026-01-05T13:00:00Z,baseline,auth_failures,182.0,complete,True,20260907
campaign_traffic,14,2026-01-05T14:00:00Z,baseline,auth_failures,166.0,complete,True,20260907
campaign_traffic,15,2026-01-05T15:00:00Z,baseline,auth_failures,130.0,complete,True,20260907
campaign_traffic,16,2026-01-05T16:00:00Z,baseline,auth_failures,157.0,complete,True,20260907
campaign_traffic,17,2026-01-05T17:00:00Z,baseline,auth_failures,154.0,complete,True,20260907
campaign_traffic,18,2026-01-05T18:00:00Z,baseline,auth_failures,145.0,complete,True,20260907
campaign_traffic,19,2026-01-05T19:00:00Z,baseline,auth_failures,124.0,complete,True,20260907
campaign_traffic,20,2026-01-05T20:00:00Z,baseline,auth_failures,103.0,complete,True,20260907
campaign_traffic,21,2026-01-05T21:00:00Z,baseline,auth_failures,86.0,complete,True,20260907
campaign_traffic,22,2026-01-05T22:00:00Z,baseline,auth_failures,93.0,complete,True,20260907
campaign_traffic,23,2026-01-05T23:00:00Z,baseline,auth_failures,105.0,complete,True,20260907
campaign_traffic,24,2026-01-06T00:00:00Z,baseline,auth_failures,76.0,complete,True,20260907
campaign_traffic,25,2026-01-06T01:00:00Z,baseline,auth_failures,95.0,complete,True,20260907
campaign_traffic,26,2026-01-06T02:00:00Z,baseline,auth_failures,85.0,complete,True,20260907
campaign_traffic,27,2026-01-06T03:00:00Z,baseline,auth_failures,89.0,complete,True,20260907
campaign_traffic,28,2026-01-06T04:00:00Z,baseline,auth_failures,84.0,complete,True,20260907
campaign_traffic,29,2026-01-06T05:00:00Z,baseline,auth_failures,110.0,complete,True,20260907
campaign_traffic,30,2026-01-06T06:00:00Z,baseline,auth_failures,106.0,complete,True,20260907
campaign_traffic,31,2026-01-06T07:00:00Z,baseline,auth_failures,116.0,complete,True,20260907
campaign_traffic,32,2026-01-06T08:00:00Z,baseline,auth_failures,127.0,complete,True,20260907
campaign_traffic,33,2026-01-06T09:00:00Z,baseline,auth_failures,155.0,complete,True,20260907
campaign_traffic,34,2026-01-06T10:00:00Z,baseline,auth_failures,148.0,complete,True,20260907
campaign_traffic,35,2026-01-06T11:00:00Z,baseline,auth_failures,184.0,complete,True,20260907
campaign_traffic,36,2026-01-06T12:00:00Z,baseline,auth_failures,145.0,complete,True,20260907
campaign_traffic,37,2026-01-06T13:00:00Z,baseline,auth_failures,158.0,complete,True,20260907
campaign_traffic,38,2026-01-06T14:00:00Z,baseline,auth_failures,168.0,complete,True,20260907
campaign_traffic,39,2026-01-06T15:00:00Z,baseline,auth_failures,144.0,complete,True,20260907
campaign_traffic,40,2026-01-06T16:00:00Z,baseline,auth_failures,139.0,complete,True,20260907
campaign_traffic,41,2026-01-06T17:00:00Z,baseline,auth_failures,157.0,complete,True,20260907
campaign_traffic,42,2026-01-06T18:00:00Z,baseline,auth_failures,146.0,complete,True,20260907
campaign_traffic,43,2026-01-06T19:00:00Z,baseline,auth_failures,145.0,complete,True,20260907
campaign_traffic,44,2026-01-06T20:00:00Z,baseline,auth_failures,114.0,complete,True,20260907
campaign_traffic,45,2026-01-06T21:00:00Z,baseline,auth_failures,123.0,complete,True,20260907
campaign_traffic,46,2026-01-06T22:00:00Z,baseline,auth_failures,111.0,complete,True,20260907
campaign_traffic,47,2026-01-06T23:00:00Z,baseline,auth_failures,94.0,complete,True,20260907
campaign_traffic,48,2026-01-07T00:00:00Z,target,auth_failures,100,complete,True,20260907
campaign_traffic,0,2026-01-05T00:00:00Z,baseline,unique_failed_accounts,26.0,complete,True,20260907
campaign_traffic,1,2026-01-05T01:00:00Z,baseline,unique_failed_accounts,30.0,complete,True,20260907
campaign_traffic,2,2026-01-05T02:00:00Z,baseline,unique_failed_accounts,27.0,complete,True,20260907
campaign_traffic,3,2026-01-05T03:00:00Z,baseline,unique_failed_accounts,26.0,complete,True,20260907
campaign_traffic,4,2026-01-05T04:00:00Z,baseline,unique_failed_accounts,25.0,complete,True,20260907
campaign_traffic,5,2026-01-05T05:00:00Z,baseline,unique_failed_accounts,28.0,complete,True,20260907
campaign_traffic,6,2026-01-05T06:00:00Z,baseline,unique_failed_accounts,29.0,complete,True,20260907
campaign_traffic,7,2026-01-05T07:00:00Z,baseline,unique_failed_accounts,29.0,complete,True,20260907
campaign_traffic,8,2026-01-05T08:00:00Z,baseline,unique_failed_accounts,32.0,complete,True,20260907
campaign_traffic,9,2026-01-05T09:00:00Z,baseline,unique_failed_accounts,34.0,complete,True,20260907
campaign_traffic,10,2026-01-05T10:00:00Z,baseline,unique_failed_accounts,39.0,complete,True,20260907
campaign_traffic,11,2026-01-05T11:00:00Z,baseline,unique_failed_accounts,45.0,complete,True,20260907
campaign_traffic,12,2026-01-05T12:00:00Z,baseline,unique_failed_accounts,38.0,complete,True,20260907
campaign_traffic,13,2026-01-05T13:00:00Z,baseline,unique_failed_accounts,46.0,complete,True,20260907
campaign_traffic,14,2026-01-05T14:00:00Z,baseline,unique_failed_accounts,45.0,complete,True,20260907
campaign_traffic,15,2026-01-05T15:00:00Z,baseline,unique_failed_accounts,36.0,complete,True,20260907
campaign_traffic,16,2026-01-05T16:00:00Z,baseline,unique_failed_accounts,40.0,complete,True,20260907
campaign_traffic,17,2026-01-05T17:00:00Z,baseline,unique_failed_accounts,35.0,complete,True,20260907
campaign_traffic,18,2026-01-05T18:00:00Z,baseline,unique_failed_accounts,35.0,complete,True,20260907
campaign_traffic,19,2026-01-05T19:00:00Z,baseline,unique_failed_accounts,37.0,complete,True,20260907
campaign_traffic,20,2026-01-05T20:00:00Z,baseline,unique_failed_accounts,33.0,complete,True,20260907
campaign_traffic,21,2026-01-05T21:00:00Z,baseline,unique_failed_accounts,34.0,complete,True,20260907
campaign_traffic,22,2026-01-05T22:00:00Z,baseline,unique_failed_accounts,29.0,complete,True,20260907
campaign_traffic,23,2026-01-05T23:00:00Z,baseline,unique_failed_accounts,26.0,complete,True,20260907
campaign_traffic,24,2026-01-06T00:00:00Z,baseline,unique_failed_accounts,28.0,complete,True,20260907
campaign_traffic,25,2026-01-06T01:00:00Z,baseline,unique_failed_accounts,23.0,complete,True,20260907
campaign_traffic,26,2026-01-06T02:00:00Z,baseline,unique_failed_accounts,27.0,complete,True,20260907
campaign_traffic,27,2026-01-06T03:00:00Z,baseline,unique_failed_accounts,29.0,complete,True,20260907
campaign_traffic,28,2026-01-06T04:00:00Z,baseline,unique_failed_accounts,25.0,complete,True,20260907
campaign_traffic,29,2026-01-06T05:00:00Z,baseline,unique_failed_accounts,24.0,complete,True,20260907
campaign_traffic,30,2026-01-06T06:00:00Z,baseline,unique_failed_accounts,28.0,complete,True,20260907
campaign_traffic,31,2026-01-06T07:00:00Z,baseline,unique_failed_accounts,27.0,complete,True,20260907
campaign_traffic,32,2026-01-06T08:00:00Z,baseline,unique_failed_accounts,35.0,complete,True,20260907
campaign_traffic,33,2026-01-06T09:00:00Z,baseline,unique_failed_accounts,35.0,complete,True,20260907
campaign_traffic,34,2026-01-06T10:00:00Z,baseline,unique_failed_accounts,38.0,complete,True,20260907
campaign_traffic,35,2026-01-06T11:00:00Z,baseline,unique_failed_accounts,39.0,complete,True,20260907
campaign_traffic,36,2026-01-06T12:00:00Z,baseline,unique_failed_accounts,42.0,complete,True,20260907
campaign_traffic,37,2026-01-06T13:00:00Z,baseline,unique_failed_accounts,42.0,complete,True,20260907
campaign_traffic,38,2026-01-06T14:00:00Z,baseline,unique_failed_accounts,40.0,complete,True,20260907
campaign_traffic,39,2026-01-06T15:00:00Z,baseline,unique_failed_accounts,45.0,complete,True,20260907
campaign_traffic,40,2026-01-06T16:00:00Z,baseline,unique_failed_accounts,39.0,complete,True,20260907
campaign_traffic,41,2026-01-06T17:00:00Z,baseline,unique_failed_accounts,40.0,complete,True,20260907
campaign_traffic,42,2026-01-06T18:00:00Z,baseline,unique_failed_accounts,37.0,complete,True,20260907
campaign_traffic,43,2026-01-06T19:00:00Z,baseline,unique_failed_accounts,38.0,complete,True,20260907
campaign_traffic,44,2026-01-06T20:00:00Z,baseline,unique_failed_accounts,32.0,complete,True,20260907
campaign_traffic,45,2026-01-06T21:00:00Z,baseline,unique_failed_accounts,35.0,complete,True,20260907
campaign_traffic,46,2026-01-06T22:00:00Z,baseline,unique_failed_accounts,36.0,complete,True,20260907
campaign_traffic,47,2026-01-06T23:00:00Z,baseline,unique_failed_accounts,29.0,complete,True,20260907
campaign_traffic,48,2026-01-07T00:00:00Z,target,unique_failed_accounts,31,complete,True,20260907
campaign_traffic,0,2026-01-05T00:00:00Z,baseline,unique_source_ips,199.0,complete,True,20260907
campaign_traffic,1,2026-01-05T01:00:00Z,baseline,unique_source_ips,193.0,complete,True,20260907
campaign_traffic,2,2026-01-05T02:00:00Z,baseline,unique_source_ips,190.0,complete,True,20260907
campaign_traffic,3,2026-01-05T03:00:00Z,baseline,unique_source_ips,181.0,complete,True,20260907
campaign_traffic,4,2026-01-05T04:00:00Z,baseline,unique_source_ips,189.0,complete,True,20260907
campaign_traffic,5,2026-01-05T05:00:00Z,baseline,unique_source_ips,246.0,complete,True,20260907
campaign_traffic,6,2026-01-05T06:00:00Z,baseline,unique_source_ips,229.0,complete,True,20260907
campaign_traffic,7,2026-01-05T07:00:00Z,baseline,unique_source_ips,233.0,complete,True,20260907
campaign_traffic,8,2026-01-05T08:00:00Z,baseline,unique_source_ips,257.0,complete,True,20260907
campaign_traffic,9,2026-01-05T09:00:00Z,baseline,unique_source_ips,246.0,complete,True,20260907
campaign_traffic,10,2026-01-05T10:00:00Z,baseline,unique_source_ips,262.0,complete,True,20260907
campaign_traffic,11,2026-01-05T11:00:00Z,baseline,unique_source_ips,297.0,complete,True,20260907
campaign_traffic,12,2026-01-05T12:00:00Z,baseline,unique_source_ips,314.0,complete,True,20260907
campaign_traffic,13,2026-01-05T13:00:00Z,baseline,unique_source_ips,272.0,complete,True,20260907
campaign_traffic,14,2026-01-05T14:00:00Z,baseline,unique_source_ips,261.0,complete,True,20260907
campaign_traffic,15,2026-01-05T15:00:00Z,baseline,unique_source_ips,277.0,complete,True,20260907
campaign_traffic,16,2026-01-05T16:00:00Z,baseline,unique_source_ips,282.0,complete,True,20260907
campaign_traffic,17,2026-01-05T17:00:00Z,baseline,unique_source_ips,287.0,complete,True,20260907
campaign_traffic,18,2026-01-05T18:00:00Z,baseline,unique_source_ips,246.0,complete,True,20260907
campaign_traffic,19,2026-01-05T19:00:00Z,baseline,unique_source_ips,277.0,complete,True,20260907
campaign_traffic,20,2026-01-05T20:00:00Z,baseline,unique_source_ips,216.0,complete,True,20260907
campaign_traffic,21,2026-01-05T21:00:00Z,baseline,unique_source_ips,250.0,complete,True,20260907
campaign_traffic,22,2026-01-05T22:00:00Z,baseline,unique_source_ips,208.0,complete,True,20260907
campaign_traffic,23,2026-01-05T23:00:00Z,baseline,unique_source_ips,210.0,complete,True,20260907
campaign_traffic,24,2026-01-06T00:00:00Z,baseline,unique_source_ips,207.0,complete,True,20260907
campaign_traffic,25,2026-01-06T01:00:00Z,baseline,unique_source_ips,198.0,complete,True,20260907
campaign_traffic,26,2026-01-06T02:00:00Z,baseline,unique_source_ips,194.0,complete,True,20260907
campaign_traffic,27,2026-01-06T03:00:00Z,baseline,unique_source_ips,211.0,complete,True,20260907
campaign_traffic,28,2026-01-06T04:00:00Z,baseline,unique_source_ips,195.0,complete,True,20260907
campaign_traffic,29,2026-01-06T05:00:00Z,baseline,unique_source_ips,201.0,complete,True,20260907
campaign_traffic,30,2026-01-06T06:00:00Z,baseline,unique_source_ips,249.0,complete,True,20260907
campaign_traffic,31,2026-01-06T07:00:00Z,baseline,unique_source_ips,276.0,complete,True,20260907
campaign_traffic,32,2026-01-06T08:00:00Z,baseline,unique_source_ips,234.0,complete,True,20260907
campaign_traffic,33,2026-01-06T09:00:00Z,baseline,unique_source_ips,271.0,complete,True,20260907
campaign_traffic,34,2026-01-06T10:00:00Z,baseline,unique_source_ips,290.0,complete,True,20260907
campaign_traffic,35,2026-01-06T11:00:00Z,baseline,unique_source_ips,288.0,complete,True,20260907
campaign_traffic,36,2026-01-06T12:00:00Z,baseline,unique_source_ips,297.0,complete,True,20260907
campaign_traffic,37,2026-01-06T13:00:00Z,baseline,unique_source_ips,325.0,complete,True,20260907
campaign_traffic,38,2026-01-06T14:00:00Z,baseline,unique_source_ips,319.0,complete,True,20260907
campaign_traffic,39,2026-01-06T15:00:00Z,baseline,unique_source_ips,277.0,complete,True,20260907
campaign_traffic,40,2026-01-06T16:00:00Z,baseline,unique_source_ips,280.0,complete,True,20260907
campaign_traffic,41,2026-01-06T17:00:00Z,baseline,unique_source_ips,288.0,complete,True,20260907
campaign_traffic,42,2026-01-06T18:00:00Z,baseline,unique_source_ips,263.0,complete,True,20260907
campaign_traffic,43,2026-01-06T19:00:00Z,baseline,unique_source_ips,237.0,complete,True,20260907
campaign_traffic,44,2026-01-06T20:00:00Z,baseline,unique_source_ips,256.0,complete,True,20260907
campaign_traffic,45,2026-01-06T21:00:00Z,baseline,unique_source_ips,219.0,complete,True,20260907
campaign_traffic,46,2026-01-06T22:00:00Z,baseline,unique_source_ips,210.0,complete,True,20260907
campaign_traffic,47,2026-01-06T23:00:00Z,baseline,unique_source_ips,240.0,complete,True,20260907
campaign_traffic,48,2026-01-07T00:00:00Z,target,unique_source_ips,174,complete,True,20260907
campaign_traffic,0,2026-01-05T00:00:00Z,baseline,successful_logins,882.0,complete,True,20260907
campaign_traffic,1,2026-01-05T01:00:00Z,baseline,successful_logins,951.0,complete,True,20260907
campaign_traffic,2,2026-01-05T02:00:00Z,baseline,successful_logins,886.0,complete,True,20260907
campaign_traffic,3,2026-01-05T03:00:00Z,baseline,successful_logins,982.0,complete,True,20260907
campaign_traffic,4,2026-01-05T04:00:00Z,baseline,successful_logins,979.0,complete,True,20260907
campaign_traffic,5,2026-01-05T05:00:00Z,baseline,successful_logins,1075.0,complete,True,20260907
campaign_traffic,6,2026-01-05T06:00:00Z,baseline,successful_logins,1261.0,complete,True,20260907
campaign_traffic,7,2026-01-05T07:00:00Z,baseline,successful_logins,1384.0,complete,True,20260907
campaign_traffic,8,2026-01-05T08:00:00Z,baseline,successful_logins,1464.0,complete,True,20260907
campaign_traffic,9,2026-01-05T09:00:00Z,baseline,successful_logins,1684.0,complete,True,20260907
campaign_traffic,10,2026-01-05T10:00:00Z,baseline,successful_logins,1773.0,complete,True,20260907
campaign_traffic,11,2026-01-05T11:00:00Z,baseline,successful_logins,1957.0,complete,True,20260907
campaign_traffic,12,2026-01-05T12:00:00Z,baseline,successful_logins,1894.0,complete,True,20260907
campaign_traffic,13,2026-01-05T13:00:00Z,baseline,successful_logins,2103.0,complete,True,20260907
campaign_traffic,14,2026-01-05T14:00:00Z,baseline,successful_logins,2116.0,complete,True,20260907
campaign_traffic,15,2026-01-05T15:00:00Z,baseline,successful_logins,2101.0,complete,True,20260907
campaign_traffic,16,2026-01-05T16:00:00Z,baseline,successful_logins,2162.0,complete,True,20260907
campaign_traffic,17,2026-01-05T17:00:00Z,baseline,successful_logins,1902.0,complete,True,20260907
campaign_traffic,18,2026-01-05T18:00:00Z,baseline,successful_logins,1912.0,complete,True,20260907
campaign_traffic,19,2026-01-05T19:00:00Z,baseline,successful_logins,1829.0,complete,True,20260907
campaign_traffic,20,2026-01-05T20:00:00Z,baseline,successful_logins,1476.0,complete,True,20260907
campaign_traffic,21,2026-01-05T21:00:00Z,baseline,successful_logins,1462.0,complete,True,20260907
campaign_traffic,22,2026-01-05T22:00:00Z,baseline,successful_logins,1322.0,complete,True,20260907
campaign_traffic,23,2026-01-05T23:00:00Z,baseline,successful_logins,1070.0,complete,True,20260907
campaign_traffic,24,2026-01-06T00:00:00Z,baseline,successful_logins,1121.0,complete,True,20260907
campaign_traffic,25,2026-01-06T01:00:00Z,baseline,successful_logins,989.0,complete,True,20260907
campaign_traffic,26,2026-01-06T02:00:00Z,baseline,successful_logins,986.0,complete,True,20260907
campaign_traffic,27,2026-01-06T03:00:00Z,baseline,successful_logins,1030.0,complete,True,20260907
campaign_traffic,28,2026-01-06T04:00:00Z,baseline,successful_logins,1038.0,complete,True,20260907
campaign_traffic,29,2026-01-06T05:00:00Z,baseline,successful_logins,1060.0,complete,True,20260907
campaign_traffic,30,2026-01-06T06:00:00Z,baseline,successful_logins,1210.0,complete,True,20260907
campaign_traffic,31,2026-01-06T07:00:00Z,baseline,successful_logins,1337.0,complete,True,20260907
campaign_traffic,32,2026-01-06T08:00:00Z,baseline,successful_logins,1609.0,complete,True,20260907
campaign_traffic,33,2026-01-06T09:00:00Z,baseline,successful_logins,1659.0,complete,True,20260907
campaign_traffic,34,2026-01-06T10:00:00Z,baseline,successful_logins,1895.0,complete,True,20260907
campaign_traffic,35,2026-01-06T11:00:00Z,baseline,successful_logins,2106.0,complete,True,20260907
campaign_traffic,36,2026-01-06T12:00:00Z,baseline,successful_logins,2084.0,complete,True,20260907
campaign_traffic,37,2026-01-06T13:00:00Z,baseline,successful_logins,2210.0,complete,True,20260907
campaign_traffic,38,2026-01-06T14:00:00Z,baseline,successful_logins,2385.0,complete,True,20260907
campaign_traffic,39,2026-01-06T15:00:00Z,baseline,successful_logins,2037.0,complete,True,20260907
campaign_traffic,40,2026-01-06T16:00:00Z,baseline,successful_logins,2286.0,complete,True,20260907
campaign_traffic,41,2026-01-06T17:00:00Z,baseline,successful_logins,1905.0,complete,True,20260907
campaign_traffic,42,2026-01-06T18:00:00Z,baseline,successful_logins,1853.0,complete,True,20260907
campaign_traffic,43,2026-01-06T19:00:00Z,baseline,successful_logins,1860.0,complete,True,20260907
campaign_traffic,44,2026-01-06T20:00:00Z,baseline,successful_logins,1512.0,complete,True,20260907
campaign_traffic,45,2026-01-06T21:00:00Z,baseline,successful_logins,1477.0,complete,True,20260907
campaign_traffic,46,2026-01-06T22:00:00Z,baseline,successful_logins,1281.0,complete,True,20260907
campaign_traffic,47,2026-01-06T23:00:00Z,baseline,successful_logins,1126.0,complete,True,20260907
campaign_traffic,48,2026-01-07T00:00:00Z,target,successful_logins,2534,complete,True,20260907
campaign_traffic,0,2026-01-05T00:00:00Z,baseline,privileged_changes,1.0,complete,True,20260907
campaign_traffic,1,2026-01-05T01:00:00Z,baseline,privileged_changes,1.0,complete,True,20260907
campaign_traffic,2,2026-01-05T02:00:00Z,baseline,privileged_changes,2.0,complete,True,20260907
campaign_traffic,3,2026-01-05T03:00:00Z,baseline,privileged_changes,1.0,complete,True,20260907
campaign_traffic,4,2026-01-05T04:00:00Z,baseline,privileged_changes,1.0,complete,True,20260907
campaign_traffic,5,2026-01-05T05:00:00Z,baseline,privileged_changes,2.0,complete,True,20260907
campaign_traffic,6,2026-01-05T06:00:00Z,baseline,privileged_changes,3.0,complete,True,20260907
campaign_traffic,7,2026-01-05T07:00:00Z,baseline,privileged_changes,2.0,complete,True,20260907
campaign_traffic,8,2026-01-05T08:00:00Z,baseline,privileged_changes,2.0,complete,True,20260907
campaign_traffic,9,2026-01-05T09:00:00Z,baseline,privileged_changes,2.0,complete,True,20260907
campaign_traffic,10,2026-01-05T10:00:00Z,baseline,privileged_changes,2.0,complete,True,20260907
campaign_traffic,11,2026-01-05T11:00:00Z,baseline,privileged_changes,2.0,complete,True,20260907
campaign_traffic,12,2026-01-05T12:00:00Z,baseline,privileged_changes,2.0,complete,True,20260907
campaign_traffic,13,2026-01-05T13:00:00Z,baseline,privileged_changes,3.0,complete,True,20260907
campaign_traffic,14,2026-01-05T14:00:00Z,baseline,privileged_changes,2.0,complete,True,20260907
campaign_traffic,15,2026-01-05T15:00:00Z,baseline,privileged_changes,2.0,complete,True,20260907
campaign_traffic,16,2026-01-05T16:00:00Z,baseline,privileged_changes,3.0,complete,True,20260907
campaign_traffic,17,2026-01-05T17:00:00Z,baseline,privileged_changes,2.0,complete,True,20260907
campaign_traffic,18,2026-01-05T18:00:00Z,baseline,privileged_changes,2.0,complete,True,20260907
campaign_traffic,19,2026-01-05T19:00:00Z,baseline,privileged_changes,1.0,complete,True,20260907
campaign_traffic,20,2026-01-05T20:00:00Z,baseline,privileged_changes,1.0,complete,True,20260907
campaign_traffic,21,2026-01-05T21:00:00Z,baseline,privileged_changes,1.0,complete,True,20260907
campaign_traffic,22,2026-01-05T22:00:00Z,baseline,privileged_changes,2.0,complete,True,20260907
campaign_traffic,23,2026-01-05T23:00:00Z,baseline,privileged_changes,1.0,complete,True,20260907
campaign_traffic,24,2026-01-06T00:00:00Z,baseline,privileged_changes,1.0,complete,True,20260907
campaign_traffic,25,2026-01-06T01:00:00Z,baseline,privileged_changes,1.0,complete,True,20260907
campaign_traffic,26,2026-01-06T02:00:00Z,baseline,privileged_changes,2.0,complete,True,20260907
campaign_traffic,27,2026-01-06T03:00:00Z,baseline,privileged_changes,2.0,complete,True,20260907
campaign_traffic,28,2026-01-06T04:00:00Z,baseline,privileged_changes,1.0,complete,True,20260907
campaign_traffic,29,2026-01-06T05:00:00Z,baseline,privileged_changes,1.0,complete,True,20260907
campaign_traffic,30,2026-01-06T06:00:00Z,baseline,privileged_changes,2.0,complete,True,20260907
campaign_traffic,31,2026-01-06T07:00:00Z,baseline,privileged_changes,2.0,complete,True,20260907
campaign_traffic,32,2026-01-06T08:00:00Z,baseline,privileged_changes,3.0,complete,True,20260907
campaign_traffic,33,2026-01-06T09:00:00Z,baseline,privileged_changes,3.0,complete,True,20260907
campaign_traffic,34,2026-01-06T10:00:00Z,baseline,privileged_changes,1.0,complete,True,20260907
campaign_traffic,35,2026-01-06T11:00:00Z,baseline,privileged_changes,2.0,complete,True,20260907
campaign_traffic,36,2026-01-06T12:00:00Z,baseline,privileged_changes,3.0,complete,True,20260907
campaign_traffic,37,2026-01-06T13:00:00Z,baseline,privileged_changes,2.0,complete,True,20260907
campaign_traffic,38,2026-01-06T14:00:00Z,baseline,privileged_changes,2.0,complete,True,20260907
campaign_traffic,39,2026-01-06T15:00:00Z,baseline,privileged_changes,2.0,complete,True,20260907
campaign_traffic,40,2026-01-06T16:00:00Z,baseline,privileged_changes,2.0,complete,True,20260907
campaign_traffic,41,2026-01-06T17:00:00Z,baseline,privileged_changes,2.0,complete,True,20260907
campaign_traffic,42,2026-01-06T18:00:00Z,baseline,privileged_changes,2.0,complete,True,20260907
campaign_traffic,43,2026-01-06T19:00:00Z,baseline,privileged_changes,2.0,complete,True,20260907
campaign_traffic,44,2026-01-06T20:00:00Z,baseline,privileged_changes,2.0,complete,True,20260907
campaign_traffic,45,2026-01-06T21:00:00Z,baseline,privileged_changes,2.0,complete,True,20260907
campaign_traffic,46,2026-01-06T22:00:00Z,baseline,privileged_changes,2.0,complete,True,20260907
campaign_traffic,47,2026-01-06T23:00:00Z,baseline,privileged_changes,2.0,complete,True,20260907
campaign_traffic,48,2026-01-07T00:00:00Z,target,privileged_changes,1,complete,True,20260907
campaign_traffic,0,2026-01-05T00:00:00Z,baseline,outbound_mb,651.992,complete,True,20260907
campaign_traffic,1,2026-01-05T01:00:00Z,baseline,outbound_mb,548.967,complete,True,20260907
campaign_traffic,2,2026-01-05T02:00:00Z,baseline,outbound_mb,577.322,complete,True,20260907
campaign_traffic,3,2026-01-05T03:00:00Z,baseline,outbound_mb,594.424,complete,True,20260907
campaign_traffic,4,2026-01-05T04:00:00Z,baseline,outbound_mb,571.651,complete,True,20260907
campaign_traffic,5,2026-01-05T05:00:00Z,baseline,outbound_mb,644.959,complete,True,20260907
campaign_traffic,6,2026-01-05T06:00:00Z,baseline,outbound_mb,685.486,complete,True,20260907
campaign_traffic,7,2026-01-05T07:00:00Z,baseline,outbound_mb,755.734,complete,True,20260907
campaign_traffic,8,2026-01-05T08:00:00Z,baseline,outbound_mb,863.577,complete,True,20260907
campaign_traffic,9,2026-01-05T09:00:00Z,baseline,outbound_mb,946.781,complete,True,20260907
campaign_traffic,10,2026-01-05T10:00:00Z,baseline,outbound_mb,1089.524,complete,True,20260907
campaign_traffic,11,2026-01-05T11:00:00Z,baseline,outbound_mb,945.11,complete,True,20260907
campaign_traffic,12,2026-01-05T12:00:00Z,baseline,outbound_mb,970.01,complete,True,20260907
campaign_traffic,13,2026-01-05T13:00:00Z,baseline,outbound_mb,1131.064,complete,True,20260907
campaign_traffic,14,2026-01-05T14:00:00Z,baseline,outbound_mb,1157.976,complete,True,20260907
campaign_traffic,15,2026-01-05T15:00:00Z,baseline,outbound_mb,1064.591,complete,True,20260907
campaign_traffic,16,2026-01-05T16:00:00Z,baseline,outbound_mb,1213.743,complete,True,20260907
campaign_traffic,17,2026-01-05T17:00:00Z,baseline,outbound_mb,1102.119,complete,True,20260907
campaign_traffic,18,2026-01-05T18:00:00Z,baseline,outbound_mb,1012.14,complete,True,20260907
campaign_traffic,19,2026-01-05T19:00:00Z,baseline,outbound_mb,1004.389,complete,True,20260907
campaign_traffic,20,2026-01-05T20:00:00Z,baseline,outbound_mb,788.157,complete,True,20260907
campaign_traffic,21,2026-01-05T21:00:00Z,baseline,outbound_mb,827.002,complete,True,20260907
campaign_traffic,22,2026-01-05T22:00:00Z,baseline,outbound_mb,703.18,complete,True,20260907
campaign_traffic,23,2026-01-05T23:00:00Z,baseline,outbound_mb,704.451,complete,True,20260907
campaign_traffic,24,2026-01-06T00:00:00Z,baseline,outbound_mb,646.055,complete,True,20260907
campaign_traffic,25,2026-01-06T01:00:00Z,baseline,outbound_mb,639.001,complete,True,20260907
campaign_traffic,26,2026-01-06T02:00:00Z,baseline,outbound_mb,580.762,complete,True,20260907
campaign_traffic,27,2026-01-06T03:00:00Z,baseline,outbound_mb,612.774,complete,True,20260907
campaign_traffic,28,2026-01-06T04:00:00Z,baseline,outbound_mb,679.164,complete,True,20260907
campaign_traffic,29,2026-01-06T05:00:00Z,baseline,outbound_mb,636.127,complete,True,20260907
campaign_traffic,30,2026-01-06T06:00:00Z,baseline,outbound_mb,752.745,complete,True,20260907
campaign_traffic,31,2026-01-06T07:00:00Z,baseline,outbound_mb,758.882,complete,True,20260907
campaign_traffic,32,2026-01-06T08:00:00Z,baseline,outbound_mb,945.382,complete,True,20260907
campaign_traffic,33,2026-01-06T09:00:00Z,baseline,outbound_mb,932.372,complete,True,20260907
campaign_traffic,34,2026-01-06T10:00:00Z,baseline,outbound_mb,1096.183,complete,True,20260907
campaign_traffic,35,2026-01-06T11:00:00Z,baseline,outbound_mb,1246.57,complete,True,20260907
campaign_traffic,36,2026-01-06T12:00:00Z,baseline,outbound_mb,1102.208,complete,True,20260907
campaign_traffic,37,2026-01-06T13:00:00Z,baseline,outbound_mb,1216.746,complete,True,20260907
campaign_traffic,38,2026-01-06T14:00:00Z,baseline,outbound_mb,1347.305,complete,True,20260907
campaign_traffic,39,2026-01-06T15:00:00Z,baseline,outbound_mb,1058.199,complete,True,20260907
campaign_traffic,40,2026-01-06T16:00:00Z,baseline,outbound_mb,1154.38,complete,True,20260907
campaign_traffic,41,2026-01-06T17:00:00Z,baseline,outbound_mb,994.094,complete,True,20260907
campaign_traffic,42,2026-01-06T18:00:00Z,baseline,outbound_mb,931.141,complete,True,20260907
campaign_traffic,43,2026-01-06T19:00:00Z,baseline,outbound_mb,903.043,complete,True,20260907
campaign_traffic,44,2026-01-06T20:00:00Z,baseline,outbound_mb,890.802,complete,True,20260907
campaign_traffic,45,2026-01-06T21:00:00Z,baseline,outbound_mb,818.62,complete,True,20260907
campaign_traffic,46,2026-01-06T22:00:00Z,baseline,outbound_mb,669.178,complete,True,20260907
campaign_traffic,47,2026-01-06T23:00:00Z,baseline,outbound_mb,724.46,complete,True,20260907
campaign_traffic,48,2026-01-07T00:00:00Z,target,outbound_mb,617.012,complete,True,20260907
campaign_traffic,0,2026-01-05T00:00:00Z,baseline,api_5xx,17.0,complete,True,20260907
campaign_traffic,1,2026-01-05T01:00:00Z,baseline,api_5xx,13.0,complete,True,20260907
campaign_traffic,2,2026-01-05T02:00:00Z,baseline,api_5xx,13.0,complete,True,20260907
campaign_traffic,3,2026-01-05T03:00:00Z,baseline,api_5xx,8.0,complete,True,20260907
campaign_traffic,4,2026-01-05T04:00:00Z,baseline,api_5xx,18.0,complete,True,20260907
campaign_traffic,5,2026-01-05T05:00:00Z,baseline,api_5xx,13.0,complete,True,20260907
campaign_traffic,6,2026-01-05T06:00:00Z,baseline,api_5xx,18.0,complete,True,20260907
campaign_traffic,7,2026-01-05T07:00:00Z,baseline,api_5xx,14.0,complete,True,20260907
campaign_traffic,8,2026-01-05T08:00:00Z,baseline,api_5xx,17.0,complete,True,20260907
campaign_traffic,9,2026-01-05T09:00:00Z,baseline,api_5xx,21.0,complete,True,20260907
campaign_traffic,10,2026-01-05T10:00:00Z,baseline,api_5xx,20.0,complete,True,20260907
campaign_traffic,11,2026-01-05T11:00:00Z,baseline,api_5xx,22.0,complete,True,20260907
campaign_traffic,12,2026-01-05T12:00:00Z,baseline,api_5xx,23.0,complete,True,20260907
campaign_traffic,13,2026-01-05T13:00:00Z,baseline,api_5xx,29.0,complete,True,20260907
campaign_traffic,14,2026-01-05T14:00:00Z,baseline,api_5xx,21.0,complete,True,20260907
campaign_traffic,15,2026-01-05T15:00:00Z,baseline,api_5xx,27.0,complete,True,20260907
campaign_traffic,16,2026-01-05T16:00:00Z,baseline,api_5xx,29.0,complete,True,20260907
campaign_traffic,17,2026-01-05T17:00:00Z,baseline,api_5xx,24.0,complete,True,20260907
campaign_traffic,18,2026-01-05T18:00:00Z,baseline,api_5xx,20.0,complete,True,20260907
campaign_traffic,19,2026-01-05T19:00:00Z,baseline,api_5xx,18.0,complete,True,20260907
campaign_traffic,20,2026-01-05T20:00:00Z,baseline,api_5xx,17.0,complete,True,20260907
campaign_traffic,21,2026-01-05T21:00:00Z,baseline,api_5xx,13.0,complete,True,20260907
campaign_traffic,22,2026-01-05T22:00:00Z,baseline,api_5xx,14.0,complete,True,20260907
campaign_traffic,23,2026-01-05T23:00:00Z,baseline,api_5xx,15.0,complete,True,20260907
campaign_traffic,24,2026-01-06T00:00:00Z,baseline,api_5xx,12.0,complete,True,20260907
campaign_traffic,25,2026-01-06T01:00:00Z,baseline,api_5xx,10.0,complete,True,20260907
campaign_traffic,26,2026-01-06T02:00:00Z,baseline,api_5xx,15.0,complete,True,20260907
campaign_traffic,27,2026-01-06T03:00:00Z,baseline,api_5xx,13.0,complete,True,20260907
campaign_traffic,28,2026-01-06T04:00:00Z,baseline,api_5xx,14.0,complete,True,20260907
campaign_traffic,29,2026-01-06T05:00:00Z,baseline,api_5xx,18.0,complete,True,20260907
campaign_traffic,30,2026-01-06T06:00:00Z,baseline,api_5xx,20.0,complete,True,20260907
campaign_traffic,31,2026-01-06T07:00:00Z,baseline,api_5xx,17.0,complete,True,20260907
campaign_traffic,32,2026-01-06T08:00:00Z,baseline,api_5xx,18.0,complete,True,20260907
campaign_traffic,33,2026-01-06T09:00:00Z,baseline,api_5xx,19.0,complete,True,20260907
campaign_traffic,34,2026-01-06T10:00:00Z,baseline,api_5xx,20.0,complete,True,20260907
campaign_traffic,35,2026-01-06T11:00:00Z,baseline,api_5xx,17.0,complete,True,20260907
campaign_traffic,36,2026-01-06T12:00:00Z,baseline,api_5xx,23.0,complete,True,20260907
campaign_traffic,37,2026-01-06T13:00:00Z,baseline,api_5xx,20.0,complete,True,20260907
campaign_traffic,38,2026-01-06T14:00:00Z,baseline,api_5xx,26.0,complete,True,20260907
campaign_traffic,39,2026-01-06T15:00:00Z,baseline,api_5xx,24.0,complete,True,20260907
campaign_traffic,40,2026-01-06T16:00:00Z,baseline,api_5xx,27.0,complete,True,20260907
campaign_traffic,41,2026-01-06T17:00:00Z,baseline,api_5xx,20.0,complete,True,20260907
campaign_traffic,42,2026-01-06T18:00:00Z,baseline,api_5xx,15.0,complete,True,20260907
campaign_traffic,43,2026-01-06T19:00:00Z,baseline,api_5xx,18.0,complete,True,20260907
campaign_traffic,44,2026-01-06T20:00:00Z,baseline,api_5xx,22.0,complete,True,20260907
campaign_traffic,45,2026-01-06T21:00:00Z,baseline,api_5xx,22.0,complete,True,20260907
campaign_traffic,46,2026-01-06T22:00:00Z,baseline,api_5xx,13.0,complete,True,20260907
campaign_traffic,47,2026-01-06T23:00:00Z,baseline,api_5xx,21.0,complete,True,20260907
campaign_traffic,48,2026-01-07T00:00:00Z,target,api_5xx,8,complete,True,20260907
campaign_traffic,0,2026-01-05T00:00:00Z,baseline,endpoint_alerts,4.0,complete,True,20260907
campaign_traffic,1,2026-01-05T01:00:00Z,baseline,endpoint_alerts,4.0,complete,True,20260907
campaign_traffic,2,2026-01-05T02:00:00Z,baseline,endpoint_alerts,5.0,complete,True,20260907
campaign_traffic,3,2026-01-05T03:00:00Z,baseline,endpoint_alerts,2.0,complete,True,20260907
campaign_traffic,4,2026-01-05T04:00:00Z,baseline,endpoint_alerts,4.0,complete,True,20260907
campaign_traffic,5,2026-01-05T05:00:00Z,baseline,endpoint_alerts,3.0,complete,True,20260907
campaign_traffic,6,2026-01-05T06:00:00Z,baseline,endpoint_alerts,5.0,complete,True,20260907
campaign_traffic,7,2026-01-05T07:00:00Z,baseline,endpoint_alerts,2.0,complete,True,20260907
campaign_traffic,8,2026-01-05T08:00:00Z,baseline,endpoint_alerts,4.0,complete,True,20260907
campaign_traffic,9,2026-01-05T09:00:00Z,baseline,endpoint_alerts,3.0,complete,True,20260907
campaign_traffic,10,2026-01-05T10:00:00Z,baseline,endpoint_alerts,6.0,complete,True,20260907
campaign_traffic,11,2026-01-05T11:00:00Z,baseline,endpoint_alerts,4.0,complete,True,20260907
campaign_traffic,12,2026-01-05T12:00:00Z,baseline,endpoint_alerts,7.0,complete,True,20260907
campaign_traffic,13,2026-01-05T13:00:00Z,baseline,endpoint_alerts,6.0,complete,True,20260907
campaign_traffic,14,2026-01-05T14:00:00Z,baseline,endpoint_alerts,3.0,complete,True,20260907
campaign_traffic,15,2026-01-05T15:00:00Z,baseline,endpoint_alerts,4.0,complete,True,20260907
campaign_traffic,16,2026-01-05T16:00:00Z,baseline,endpoint_alerts,7.0,complete,True,20260907
campaign_traffic,17,2026-01-05T17:00:00Z,baseline,endpoint_alerts,3.0,complete,True,20260907
campaign_traffic,18,2026-01-05T18:00:00Z,baseline,endpoint_alerts,4.0,complete,True,20260907
campaign_traffic,19,2026-01-05T19:00:00Z,baseline,endpoint_alerts,4.0,complete,True,20260907
campaign_traffic,20,2026-01-05T20:00:00Z,baseline,endpoint_alerts,4.0,complete,True,20260907
campaign_traffic,21,2026-01-05T21:00:00Z,baseline,endpoint_alerts,4.0,complete,True,20260907
campaign_traffic,22,2026-01-05T22:00:00Z,baseline,endpoint_alerts,4.0,complete,True,20260907
campaign_traffic,23,2026-01-05T23:00:00Z,baseline,endpoint_alerts,4.0,complete,True,20260907
campaign_traffic,24,2026-01-06T00:00:00Z,baseline,endpoint_alerts,5.0,complete,True,20260907
campaign_traffic,25,2026-01-06T01:00:00Z,baseline,endpoint_alerts,4.0,complete,True,20260907
campaign_traffic,26,2026-01-06T02:00:00Z,baseline,endpoint_alerts,4.0,complete,True,20260907
campaign_traffic,27,2026-01-06T03:00:00Z,baseline,endpoint_alerts,6.0,complete,True,20260907
campaign_traffic,28,2026-01-06T04:00:00Z,baseline,endpoint_alerts,3.0,complete,True,20260907
campaign_traffic,29,2026-01-06T05:00:00Z,baseline,endpoint_alerts,3.0,complete,True,20260907
campaign_traffic,30,2026-01-06T06:00:00Z,baseline,endpoint_alerts,3.0,complete,True,20260907
campaign_traffic,31,2026-01-06T07:00:00Z,baseline,endpoint_alerts,7.0,complete,True,20260907
campaign_traffic,32,2026-01-06T08:00:00Z,baseline,endpoint_alerts,5.0,complete,True,20260907
campaign_traffic,33,2026-01-06T09:00:00Z,baseline,endpoint_alerts,5.0,complete,True,20260907
campaign_traffic,34,2026-01-06T10:00:00Z,baseline,endpoint_alerts,7.0,complete,True,20260907
campaign_traffic,35,2026-01-06T11:00:00Z,baseline,endpoint_alerts,7.0,complete,True,20260907
campaign_traffic,36,2026-01-06T12:00:00Z,baseline,endpoint_alerts,6.0,complete,True,20260907
campaign_traffic,37,2026-01-06T13:00:00Z,baseline,endpoint_alerts,5.0,complete,True,20260907
campaign_traffic,38,2026-01-06T14:00:00Z,baseline,endpoint_alerts,4.0,complete,True,20260907
campaign_traffic,39,2026-01-06T15:00:00Z,baseline,endpoint_alerts,7.0,complete,True,20260907
campaign_traffic,40,2026-01-06T16:00:00Z,baseline,endpoint_alerts,5.0,complete,True,20260907
campaign_traffic,41,2026-01-06T17:00:00Z,baseline,endpoint_alerts,6.0,complete,True,20260907
campaign_traffic,42,2026-01-06T18:00:00Z,baseline,endpoint_alerts,2.0,complete,True,20260907
campaign_traffic,43,2026-01-06T19:00:00Z,baseline,endpoint_alerts,5.0,complete,True,20260907
campaign_traffic,44,2026-01-06T20:00:00Z,baseline,endpoint_alerts,4.0,complete,True,20260907
campaign_traffic,45,2026-01-06T21:00:00Z,baseline,endpoint_alerts,5.0,complete,True,20260907
campaign_traffic,46,2026-01-06T22:00:00Z,baseline,endpoint_alerts,8.0,complete,True,20260907
campaign_traffic,47,2026-01-06T23:00:00Z,baseline,endpoint_alerts,2.0,complete,True,20260907
campaign_traffic,48,2026-01-07T00:00:00Z,target,endpoint_alerts,5,complete,True,20260907
campaign_traffic,0,2026-01-05T00:00:00Z,baseline,file_rename_events,41.0,complete,True,20260907
campaign_traffic,1,2026-01-05T01:00:00Z,baseline,file_rename_events,31.0,complete,True,20260907
campaign_traffic,2,2026-01-05T02:00:00Z,baseline,file_rename_events,41.0,complete,True,20260907
campaign_traffic,3,2026-01-05T03:00:00Z,baseline,file_rename_events,31.0,complete,True,20260907
campaign_traffic,4,2026-01-05T04:00:00Z,baseline,file_rename_events,44.0,complete,True,20260907
campaign_traffic,5,2026-01-05T05:00:00Z,baseline,file_rename_events,37.0,complete,True,20260907
campaign_traffic,6,2026-01-05T06:00:00Z,baseline,file_rename_events,33.0,complete,True,20260907
campaign_traffic,7,2026-01-05T07:00:00Z,baseline,file_rename_events,44.0,complete,True,20260907
campaign_traffic,8,2026-01-05T08:00:00Z,baseline,file_rename_events,44.0,complete,True,20260907
campaign_traffic,9,2026-01-05T09:00:00Z,baseline,file_rename_events,46.0,complete,True,20260907
campaign_traffic,10,2026-01-05T10:00:00Z,baseline,file_rename_events,53.0,complete,True,20260907
campaign_traffic,11,2026-01-05T11:00:00Z,baseline,file_rename_events,49.0,complete,True,20260907
campaign_traffic,12,2026-01-05T12:00:00Z,baseline,file_rename_events,45.0,complete,True,20260907
campaign_traffic,13,2026-01-05T13:00:00Z,baseline,file_rename_events,43.0,complete,True,20260907
campaign_traffic,14,2026-01-05T14:00:00Z,baseline,file_rename_events,61.0,complete,True,20260907
campaign_traffic,15,2026-01-05T15:00:00Z,baseline,file_rename_events,49.0,complete,True,20260907
campaign_traffic,16,2026-01-05T16:00:00Z,baseline,file_rename_events,56.0,complete,True,20260907
campaign_traffic,17,2026-01-05T17:00:00Z,baseline,file_rename_events,54.0,complete,True,20260907
campaign_traffic,18,2026-01-05T18:00:00Z,baseline,file_rename_events,45.0,complete,True,20260907
campaign_traffic,19,2026-01-05T19:00:00Z,baseline,file_rename_events,44.0,complete,True,20260907
campaign_traffic,20,2026-01-05T20:00:00Z,baseline,file_rename_events,45.0,complete,True,20260907
campaign_traffic,21,2026-01-05T21:00:00Z,baseline,file_rename_events,44.0,complete,True,20260907
campaign_traffic,22,2026-01-05T22:00:00Z,baseline,file_rename_events,25.0,complete,True,20260907
campaign_traffic,23,2026-01-05T23:00:00Z,baseline,file_rename_events,37.0,complete,True,20260907
campaign_traffic,24,2026-01-06T00:00:00Z,baseline,file_rename_events,38.0,complete,True,20260907
campaign_traffic,25,2026-01-06T01:00:00Z,baseline,file_rename_events,35.0,complete,True,20260907
campaign_traffic,26,2026-01-06T02:00:00Z,baseline,file_rename_events,30.0,complete,True,20260907
campaign_traffic,27,2026-01-06T03:00:00Z,baseline,file_rename_events,34.0,complete,True,20260907
campaign_traffic,28,2026-01-06T04:00:00Z,baseline,file_rename_events,36.0,complete,True,20260907
campaign_traffic,29,2026-01-06T05:00:00Z,baseline,file_rename_events,32.0,complete,True,20260907
campaign_traffic,30,2026-01-06T06:00:00Z,baseline,file_rename_events,38.0,complete,True,20260907
campaign_traffic,31,2026-01-06T07:00:00Z,baseline,file_rename_events,44.0,complete,True,20260907
campaign_traffic,32,2026-01-06T08:00:00Z,baseline,file_rename_events,46.0,complete,True,20260907
campaign_traffic,33,2026-01-06T09:00:00Z,baseline,file_rename_events,52.0,complete,True,20260907
campaign_traffic,34,2026-01-06T10:00:00Z,baseline,file_rename_events,37.0,complete,True,20260907
campaign_traffic,35,2026-01-06T11:00:00Z,baseline,file_rename_events,51.0,complete,True,20260907
campaign_traffic,36,2026-01-06T12:00:00Z,baseline,file_rename_events,44.0,complete,True,20260907
campaign_traffic,37,2026-01-06T13:00:00Z,baseline,file_rename_events,58.0,complete,True,20260907
campaign_traffic,38,2026-01-06T14:00:00Z,baseline,file_rename_events,43.0,complete,True,20260907
campaign_traffic,39,2026-01-06T15:00:00Z,baseline,file_rename_events,59.0,complete,True,20260907
campaign_traffic,40,2026-01-06T16:00:00Z,baseline,file_rename_events,49.0,complete,True,20260907
campaign_traffic,41,2026-01-06T17:00:00Z,baseline,file_rename_events,51.0,complete,True,20260907
campaign_traffic,42,2026-01-06T18:00:00Z,baseline,file_rename_events,47.0,complete,True,20260907
campaign_traffic,43,2026-01-06T19:00:00Z,baseline,file_rename_events,40.0,complete,True,20260907
campaign_traffic,44,2026-01-06T20:00:00Z,baseline,file_rename_events,46.0,complete,True,20260907
campaign_traffic,45,2026-01-06T21:00:00Z,baseline,file_rename_events,45.0,complete,True,20260907
campaign_traffic,46,2026-01-06T22:00:00Z,baseline,file_rename_events,43.0,complete,True,20260907
campaign_traffic,47,2026-01-06T23:00:00Z,baseline,file_rename_events,33.0,complete,True,20260907
campaign_traffic,48,2026-01-07T00:00:00Z,target,file_rename_events,35,complete,True,20260907
campaign_traffic,0,2026-01-05T00:00:00Z,baseline,inbound_requests,28800.0,complete,True,20260907
campaign_traffic,1,2026-01-05T01:00:00Z,baseline,inbound_requests,27115.0,complete,True,20260907
campaign_traffic,2,2026-01-05T02:00:00Z,baseline,inbound_requests,25472.0,complete,True,20260907
campaign_traffic,3,2026-01-05T03:00:00Z,baseline,inbound_requests,29050.0,complete,True,20260907
campaign_traffic,4,2026-01-05T04:00:00Z,baseline,inbound_requests,33248.0,complete,True,20260907
campaign_traffic,5,2026-01-05T05:00:00Z,baseline,inbound_requests,33910.0,complete,True,20260907
campaign_traffic,6,2026-01-05T06:00:00Z,baseline,inbound_requests,36655.0,complete,True,20260907
campaign_traffic,7,2026-01-05T07:00:00Z,baseline,inbound_requests,46677.0,complete,True,20260907
campaign_traffic,8,2026-01-05T08:00:00Z,baseline,inbound_requests,48497.0,complete,True,20260907
campaign_traffic,9,2026-01-05T09:00:00Z,baseline,inbound_requests,56713.0,complete,True,20260907
campaign_traffic,10,2026-01-05T10:00:00Z,baseline,inbound_requests,61256.0,complete,True,20260907
campaign_traffic,11,2026-01-05T11:00:00Z,baseline,inbound_requests,69535.0,complete,True,20260907
campaign_traffic,12,2026-01-05T12:00:00Z,baseline,inbound_requests,66998.0,complete,True,20260907
campaign_traffic,13,2026-01-05T13:00:00Z,baseline,inbound_requests,70582.0,complete,True,20260907
campaign_traffic,14,2026-01-05T14:00:00Z,baseline,inbound_requests,70916.0,complete,True,20260907
campaign_traffic,15,2026-01-05T15:00:00Z,baseline,inbound_requests,78925.0,complete,True,20260907
campaign_traffic,16,2026-01-05T16:00:00Z,baseline,inbound_requests,73914.0,complete,True,20260907
campaign_traffic,17,2026-01-05T17:00:00Z,baseline,inbound_requests,71097.0,complete,True,20260907
campaign_traffic,18,2026-01-05T18:00:00Z,baseline,inbound_requests,66214.0,complete,True,20260907
campaign_traffic,19,2026-01-05T19:00:00Z,baseline,inbound_requests,51330.0,complete,True,20260907
campaign_traffic,20,2026-01-05T20:00:00Z,baseline,inbound_requests,49956.0,complete,True,20260907
campaign_traffic,21,2026-01-05T21:00:00Z,baseline,inbound_requests,44739.0,complete,True,20260907
campaign_traffic,22,2026-01-05T22:00:00Z,baseline,inbound_requests,39185.0,complete,True,20260907
campaign_traffic,23,2026-01-05T23:00:00Z,baseline,inbound_requests,34902.0,complete,True,20260907
campaign_traffic,24,2026-01-06T00:00:00Z,baseline,inbound_requests,28704.0,complete,True,20260907
campaign_traffic,25,2026-01-06T01:00:00Z,baseline,inbound_requests,26642.0,complete,True,20260907
campaign_traffic,26,2026-01-06T02:00:00Z,baseline,inbound_requests,28992.0,complete,True,20260907
campaign_traffic,27,2026-01-06T03:00:00Z,baseline,inbound_requests,27450.0,complete,True,20260907
campaign_traffic,28,2026-01-06T04:00:00Z,baseline,inbound_requests,30822.0,complete,True,20260907
campaign_traffic,29,2026-01-06T05:00:00Z,baseline,inbound_requests,36202.0,complete,True,20260907
campaign_traffic,30,2026-01-06T06:00:00Z,baseline,inbound_requests,37543.0,complete,True,20260907
campaign_traffic,31,2026-01-06T07:00:00Z,baseline,inbound_requests,47376.0,complete,True,20260907
campaign_traffic,32,2026-01-06T08:00:00Z,baseline,inbound_requests,52672.0,complete,True,20260907
campaign_traffic,33,2026-01-06T09:00:00Z,baseline,inbound_requests,63494.0,complete,True,20260907
campaign_traffic,34,2026-01-06T10:00:00Z,baseline,inbound_requests,63323.0,complete,True,20260907
campaign_traffic,35,2026-01-06T11:00:00Z,baseline,inbound_requests,69230.0,complete,True,20260907
campaign_traffic,36,2026-01-06T12:00:00Z,baseline,inbound_requests,70068.0,complete,True,20260907
campaign_traffic,37,2026-01-06T13:00:00Z,baseline,inbound_requests,79450.0,complete,True,20260907
campaign_traffic,38,2026-01-06T14:00:00Z,baseline,inbound_requests,75769.0,complete,True,20260907
campaign_traffic,39,2026-01-06T15:00:00Z,baseline,inbound_requests,74906.0,complete,True,20260907
campaign_traffic,40,2026-01-06T16:00:00Z,baseline,inbound_requests,70948.0,complete,True,20260907
campaign_traffic,41,2026-01-06T17:00:00Z,baseline,inbound_requests,63190.0,complete,True,20260907
campaign_traffic,42,2026-01-06T18:00:00Z,baseline,inbound_requests,66173.0,complete,True,20260907
campaign_traffic,43,2026-01-06T19:00:00Z,baseline,inbound_requests,52654.0,complete,True,20260907
campaign_traffic,44,2026-01-06T20:00:00Z,baseline,inbound_requests,50154.0,complete,True,20260907
campaign_traffic,45,2026-01-06T21:00:00Z,baseline,inbound_requests,45340.0,complete,True,20260907
campaign_traffic,46,2026-01-06T22:00:00Z,baseline,inbound_requests,38053.0,complete,True,20260907
campaign_traffic,47,2026-01-06T23:00:00Z,baseline,inbound_requests,34261.0,complete,True,20260907
campaign_traffic,48,2026-01-07T00:00:00Z,target,inbound_requests,90600,complete,True,20260907
password_spray,0,2026-01-05T00:00:00Z,baseline,auth_failures,91.0,complete,True,20260908
password_spray,1,2026-01-05T01:00:00Z,baseline,auth_failures,76.0,complete,True,20260908
password_spray,2,2026-01-05T02:00:00Z,baseline,auth_failures,93.0,complete,True,20260908
password_spray,3,2026-01-05T03:00:00Z,baseline,auth_failures,81.0,complete,True,20260908
password_spray,4,2026-01-05T04:00:00Z,baseline,auth_failures,99.0,complete,True,20260908
password_spray,5,2026-01-05T05:00:00Z,baseline,auth_failures,108.0,complete,True,20260908
password_spray,6,2026-01-05T06:00:00Z,baseline,auth_failures,91.0,complete,True,20260908
password_spray,7,2026-01-05T07:00:00Z,baseline,auth_failures,108.0,complete,True,20260908
password_spray,8,2026-01-05T08:00:00Z,baseline,auth_failures,120.0,complete,True,20260908
password_spray,9,2026-01-05T09:00:00Z,baseline,auth_failures,124.0,complete,True,20260908
password_spray,10,2026-01-05T10:00:00Z,baseline,auth_failures,140.0,complete,True,20260908
password_spray,11,2026-01-05T11:00:00Z,baseline,auth_failures,138.0,complete,True,20260908
password_spray,12,2026-01-05T12:00:00Z,baseline,auth_failures,149.0,complete,True,20260908
password_spray,13,2026-01-05T13:00:00Z,baseline,auth_failures,132.0,complete,True,20260908
password_spray,14,2026-01-05T14:00:00Z,baseline,auth_failures,121.0,complete,True,20260908
password_spray,15,2026-01-05T15:00:00Z,baseline,auth_failures,150.0,complete,True,20260908
password_spray,16,2026-01-05T16:00:00Z,baseline,auth_failures,169.0,complete,True,20260908
password_spray,17,2026-01-05T17:00:00Z,baseline,auth_failures,129.0,complete,True,20260908
password_spray,18,2026-01-05T18:00:00Z,baseline,auth_failures,144.0,complete,True,20260908
password_spray,19,2026-01-05T19:00:00Z,baseline,auth_failures,134.0,complete,True,20260908
password_spray,20,2026-01-05T20:00:00Z,baseline,auth_failures,123.0,complete,True,20260908
password_spray,21,2026-01-05T21:00:00Z,baseline,auth_failures,104.0,complete,True,20260908
password_spray,22,2026-01-05T22:00:00Z,baseline,auth_failures,95.0,complete,True,20260908
password_spray,23,2026-01-05T23:00:00Z,baseline,auth_failures,85.0,complete,True,20260908
password_spray,24,2026-01-06T00:00:00Z,baseline,auth_failures,77.0,complete,True,20260908
password_spray,25,2026-01-06T01:00:00Z,baseline,auth_failures,108.0,complete,True,20260908
password_spray,26,2026-01-06T02:00:00Z,baseline,auth_failures,82.0,complete,True,20260908
password_spray,27,2026-01-06T03:00:00Z,baseline,auth_failures,91.0,complete,True,20260908
password_spray,28,2026-01-06T04:00:00Z,baseline,auth_failures,80.0,complete,True,20260908
password_spray,29,2026-01-06T05:00:00Z,baseline,auth_failures,112.0,complete,True,20260908
password_spray,30,2026-01-06T06:00:00Z,baseline,auth_failures,109.0,complete,True,20260908
password_spray,31,2026-01-06T07:00:00Z,baseline,auth_failures,119.0,complete,True,20260908
password_spray,32,2026-01-06T08:00:00Z,baseline,auth_failures,138.0,complete,True,20260908
password_spray,33,2026-01-06T09:00:00Z,baseline,auth_failures,143.0,complete,True,20260908
password_spray,34,2026-01-06T10:00:00Z,baseline,auth_failures,113.0,complete,True,20260908
password_spray,35,2026-01-06T11:00:00Z,baseline,auth_failures,139.0,complete,True,20260908
password_spray,36,2026-01-06T12:00:00Z,baseline,auth_failures,134.0,complete,True,20260908
password_spray,37,2026-01-06T13:00:00Z,baseline,auth_failures,172.0,complete,True,20260908
password_spray,38,2026-01-06T14:00:00Z,baseline,auth_failures,170.0,complete,True,20260908
password_spray,39,2026-01-06T15:00:00Z,baseline,auth_failures,155.0,complete,True,20260908
password_spray,40,2026-01-06T16:00:00Z,baseline,auth_failures,157.0,complete,True,20260908
password_spray,41,2026-01-06T17:00:00Z,baseline,auth_failures,163.0,complete,True,20260908
password_spray,42,2026-01-06T18:00:00Z,baseline,auth_failures,137.0,complete,True,20260908
password_spray,43,2026-01-06T19:00:00Z,baseline,auth_failures,121.0,complete,True,20260908
password_spray,44,2026-01-06T20:00:00Z,baseline,auth_failures,109.0,complete,True,20260908
password_spray,45,2026-01-06T21:00:00Z,baseline,auth_failures,110.0,complete,True,20260908
password_spray,46,2026-01-06T22:00:00Z,baseline,auth_failures,86.0,complete,True,20260908
password_spray,47,2026-01-06T23:00:00Z,baseline,auth_failures,93.0,complete,True,20260908
password_spray,48,2026-01-07T00:00:00Z,target,auth_failures,594,complete,True,20260908
password_spray,0,2026-01-05T00:00:00Z,baseline,unique_failed_accounts,24.0,complete,True,20260908
password_spray,1,2026-01-05T01:00:00Z,baseline,unique_failed_accounts,26.0,complete,True,20260908
password_spray,2,2026-01-05T02:00:00Z,baseline,unique_failed_accounts,26.0,complete,True,20260908
password_spray,3,2026-01-05T03:00:00Z,baseline,unique_failed_accounts,23.0,complete,True,20260908
password_spray,4,2026-01-05T04:00:00Z,baseline,unique_failed_accounts,20.0,complete,True,20260908
password_spray,5,2026-01-05T05:00:00Z,baseline,unique_failed_accounts,27.0,complete,True,20260908
password_spray,6,2026-01-05T06:00:00Z,baseline,unique_failed_accounts,26.0,complete,True,20260908
password_spray,7,2026-01-05T07:00:00Z,baseline,unique_failed_accounts,31.0,complete,True,20260908
password_spray,8,2026-01-05T08:00:00Z,baseline,unique_failed_accounts,33.0,complete,True,20260908
password_spray,9,2026-01-05T09:00:00Z,baseline,unique_failed_accounts,32.0,complete,True,20260908
password_spray,10,2026-01-05T10:00:00Z,baseline,unique_failed_accounts,37.0,complete,True,20260908
password_spray,11,2026-01-05T11:00:00Z,baseline,unique_failed_accounts,44.0,complete,True,20260908
password_spray,12,2026-01-05T12:00:00Z,baseline,unique_failed_accounts,33.0,complete,True,20260908
password_spray,13,2026-01-05T13:00:00Z,baseline,unique_failed_accounts,51.0,complete,True,20260908
password_spray,14,2026-01-05T14:00:00Z,baseline,unique_failed_accounts,44.0,complete,True,20260908
password_spray,15,2026-01-05T15:00:00Z,baseline,unique_failed_accounts,38.0,complete,True,20260908
password_spray,16,2026-01-05T16:00:00Z,baseline,unique_failed_accounts,44.0,complete,True,20260908
password_spray,17,2026-01-05T17:00:00Z,baseline,unique_failed_accounts,40.0,complete,True,20260908
password_spray,18,2026-01-05T18:00:00Z,baseline,unique_failed_accounts,35.0,complete,True,20260908
password_spray,19,2026-01-05T19:00:00Z,baseline,unique_failed_accounts,32.0,complete,True,20260908
password_spray,20,2026-01-05T20:00:00Z,baseline,unique_failed_accounts,30.0,complete,True,20260908
password_spray,21,2026-01-05T21:00:00Z,baseline,unique_failed_accounts,35.0,complete,True,20260908
password_spray,22,2026-01-05T22:00:00Z,baseline,unique_failed_accounts,29.0,complete,True,20260908
password_spray,23,2026-01-05T23:00:00Z,baseline,unique_failed_accounts,24.0,complete,True,20260908
password_spray,24,2026-01-06T00:00:00Z,baseline,unique_failed_accounts,26.0,complete,True,20260908
password_spray,25,2026-01-06T01:00:00Z,baseline,unique_failed_accounts,32.0,complete,True,20260908
password_spray,26,2026-01-06T02:00:00Z,baseline,unique_failed_accounts,25.0,complete,True,20260908
password_spray,27,2026-01-06T03:00:00Z,baseline,unique_failed_accounts,28.0,complete,True,20260908
password_spray,28,2026-01-06T04:00:00Z,baseline,unique_failed_accounts,31.0,complete,True,20260908
password_spray,29,2026-01-06T05:00:00Z,baseline,unique_failed_accounts,25.0,complete,True,20260908
password_spray,30,2026-01-06T06:00:00Z,baseline,unique_failed_accounts,35.0,complete,True,20260908
password_spray,31,2026-01-06T07:00:00Z,baseline,unique_failed_accounts,34.0,complete,True,20260908
password_spray,32,2026-01-06T08:00:00Z,baseline,unique_failed_accounts,35.0,complete,True,20260908
password_spray,33,2026-01-06T09:00:00Z,baseline,unique_failed_accounts,34.0,complete,True,20260908
password_spray,34,2026-01-06T10:00:00Z,baseline,unique_failed_accounts,38.0,complete,True,20260908
password_spray,35,2026-01-06T11:00:00Z,baseline,unique_failed_accounts,40.0,complete,True,20260908
password_spray,36,2026-01-06T12:00:00Z,baseline,unique_failed_accounts,44.0,complete,True,20260908
password_spray,37,2026-01-06T13:00:00Z,baseline,unique_failed_accounts,38.0,complete,True,20260908
password_spray,38,2026-01-06T14:00:00Z,baseline,unique_failed_accounts,43.0,complete,True,20260908
password_spray,39,2026-01-06T15:00:00Z,baseline,unique_failed_accounts,49.0,complete,True,20260908
password_spray,40,2026-01-06T16:00:00Z,baseline,unique_failed_accounts,35.0,complete,True,20260908
password_spray,41,2026-01-06T17:00:00Z,baseline,unique_failed_accounts,42.0,complete,True,20260908
password_spray,42,2026-01-06T18:00:00Z,baseline,unique_failed_accounts,36.0,complete,True,20260908
password_spray,43,2026-01-06T19:00:00Z,baseline,unique_failed_accounts,43.0,complete,True,20260908
password_spray,44,2026-01-06T20:00:00Z,baseline,unique_failed_accounts,34.0,complete,True,20260908
password_spray,45,2026-01-06T21:00:00Z,baseline,unique_failed_accounts,31.0,complete,True,20260908
password_spray,46,2026-01-06T22:00:00Z,baseline,unique_failed_accounts,33.0,complete,True,20260908
password_spray,47,2026-01-06T23:00:00Z,baseline,unique_failed_accounts,27.0,complete,True,20260908
password_spray,48,2026-01-07T00:00:00Z,target,unique_failed_accounts,112,complete,True,20260908
password_spray,0,2026-01-05T00:00:00Z,baseline,unique_source_ips,235.0,complete,True,20260908
password_spray,1,2026-01-05T01:00:00Z,baseline,unique_source_ips,225.0,complete,True,20260908
password_spray,2,2026-01-05T02:00:00Z,baseline,unique_source_ips,190.0,complete,True,20260908
password_spray,3,2026-01-05T03:00:00Z,baseline,unique_source_ips,210.0,complete,True,20260908
password_spray,4,2026-01-05T04:00:00Z,baseline,unique_source_ips,203.0,complete,True,20260908
password_spray,5,2026-01-05T05:00:00Z,baseline,unique_source_ips,210.0,complete,True,20260908
password_spray,6,2026-01-05T06:00:00Z,baseline,unique_source_ips,248.0,complete,True,20260908
password_spray,7,2026-01-05T07:00:00Z,baseline,unique_source_ips,255.0,complete,True,20260908
password_spray,8,2026-01-05T08:00:00Z,baseline,unique_source_ips,250.0,complete,True,20260908
password_spray,9,2026-01-05T09:00:00Z,baseline,unique_source_ips,264.0,complete,True,20260908
password_spray,10,2026-01-05T10:00:00Z,baseline,unique_source_ips,283.0,complete,True,20260908
password_spray,11,2026-01-05T11:00:00Z,baseline,unique_source_ips,263.0,complete,True,20260908
password_spray,12,2026-01-05T12:00:00Z,baseline,unique_source_ips,255.0,complete,True,20260908
password_spray,13,2026-01-05T13:00:00Z,baseline,unique_source_ips,313.0,complete,True,20260908
password_spray,14,2026-01-05T14:00:00Z,baseline,unique_source_ips,310.0,complete,True,20260908
password_spray,15,2026-01-05T15:00:00Z,baseline,unique_source_ips,261.0,complete,True,20260908
password_spray,16,2026-01-05T16:00:00Z,baseline,unique_source_ips,318.0,complete,True,20260908
password_spray,17,2026-01-05T17:00:00Z,baseline,unique_source_ips,283.0,complete,True,20260908
password_spray,18,2026-01-05T18:00:00Z,baseline,unique_source_ips,282.0,complete,True,20260908
password_spray,19,2026-01-05T19:00:00Z,baseline,unique_source_ips,264.0,complete,True,20260908
password_spray,20,2026-01-05T20:00:00Z,baseline,unique_source_ips,231.0,complete,True,20260908
password_spray,21,2026-01-05T21:00:00Z,baseline,unique_source_ips,226.0,complete,True,20260908
password_spray,22,2026-01-05T22:00:00Z,baseline,unique_source_ips,247.0,complete,True,20260908
password_spray,23,2026-01-05T23:00:00Z,baseline,unique_source_ips,227.0,complete,True,20260908
password_spray,24,2026-01-06T00:00:00Z,baseline,unique_source_ips,210.0,complete,True,20260908
password_spray,25,2026-01-06T01:00:00Z,baseline,unique_source_ips,194.0,complete,True,20260908
password_spray,26,2026-01-06T02:00:00Z,baseline,unique_source_ips,202.0,complete,True,20260908
password_spray,27,2026-01-06T03:00:00Z,baseline,unique_source_ips,183.0,complete,True,20260908
password_spray,28,2026-01-06T04:00:00Z,baseline,unique_source_ips,200.0,complete,True,20260908
password_spray,29,2026-01-06T05:00:00Z,baseline,unique_source_ips,187.0,complete,True,20260908
password_spray,30,2026-01-06T06:00:00Z,baseline,unique_source_ips,215.0,complete,True,20260908
password_spray,31,2026-01-06T07:00:00Z,baseline,unique_source_ips,217.0,complete,True,20260908
password_spray,32,2026-01-06T08:00:00Z,baseline,unique_source_ips,246.0,complete,True,20260908
password_spray,33,2026-01-06T09:00:00Z,baseline,unique_source_ips,274.0,complete,True,20260908
password_spray,34,2026-01-06T10:00:00Z,baseline,unique_source_ips,304.0,complete,True,20260908
password_spray,35,2026-01-06T11:00:00Z,baseline,unique_source_ips,335.0,complete,True,20260908
password_spray,36,2026-01-06T12:00:00Z,baseline,unique_source_ips,289.0,complete,True,20260908
password_spray,37,2026-01-06T13:00:00Z,baseline,unique_source_ips,311.0,complete,True,20260908
password_spray,38,2026-01-06T14:00:00Z,baseline,unique_source_ips,266.0,complete,True,20260908
password_spray,39,2026-01-06T15:00:00Z,baseline,unique_source_ips,273.0,complete,True,20260908
password_spray,40,2026-01-06T16:00:00Z,baseline,unique_source_ips,312.0,complete,True,20260908
password_spray,41,2026-01-06T17:00:00Z,baseline,unique_source_ips,254.0,complete,True,20260908
password_spray,42,2026-01-06T18:00:00Z,baseline,unique_source_ips,293.0,complete,True,20260908
password_spray,43,2026-01-06T19:00:00Z,baseline,unique_source_ips,290.0,complete,True,20260908
password_spray,44,2026-01-06T20:00:00Z,baseline,unique_source_ips,270.0,complete,True,20260908
password_spray,45,2026-01-06T21:00:00Z,baseline,unique_source_ips,220.0,complete,True,20260908
password_spray,46,2026-01-06T22:00:00Z,baseline,unique_source_ips,224.0,complete,True,20260908
password_spray,47,2026-01-06T23:00:00Z,baseline,unique_source_ips,236.0,complete,True,20260908
password_spray,48,2026-01-07T00:00:00Z,target,unique_source_ips,684,complete,True,20260908
password_spray,0,2026-01-05T00:00:00Z,baseline,successful_logins,919.0,complete,True,20260908
password_spray,1,2026-01-05T01:00:00Z,baseline,successful_logins,972.0,complete,True,20260908
password_spray,2,2026-01-05T02:00:00Z,baseline,successful_logins,895.0,complete,True,20260908
password_spray,3,2026-01-05T03:00:00Z,baseline,successful_logins,926.0,complete,True,20260908
password_spray,4,2026-01-05T04:00:00Z,baseline,successful_logins,988.0,complete,True,20260908
password_spray,5,2026-01-05T05:00:00Z,baseline,successful_logins,1151.0,complete,True,20260908
password_spray,6,2026-01-05T06:00:00Z,baseline,successful_logins,1231.0,complete,True,20260908
password_spray,7,2026-01-05T07:00:00Z,baseline,successful_logins,1400.0,complete,True,20260908
password_spray,8,2026-01-05T08:00:00Z,baseline,successful_logins,1539.0,complete,True,20260908
password_spray,9,2026-01-05T09:00:00Z,baseline,successful_logins,1738.0,complete,True,20260908
password_spray,10,2026-01-05T10:00:00Z,baseline,successful_logins,1736.0,complete,True,20260908
password_spray,11,2026-01-05T11:00:00Z,baseline,successful_logins,1830.0,complete,True,20260908
password_spray,12,2026-01-05T12:00:00Z,baseline,successful_logins,1836.0,complete,True,20260908
password_spray,13,2026-01-05T13:00:00Z,baseline,successful_logins,2061.0,complete,True,20260908
password_spray,14,2026-01-05T14:00:00Z,baseline,successful_logins,2201.0,complete,True,20260908
password_spray,15,2026-01-05T15:00:00Z,baseline,successful_logins,2063.0,complete,True,20260908
password_spray,16,2026-01-05T16:00:00Z,baseline,successful_logins,1915.0,complete,True,20260908
password_spray,17,2026-01-05T17:00:00Z,baseline,successful_logins,2020.0,complete,True,20260908
password_spray,18,2026-01-05T18:00:00Z,baseline,successful_logins,1825.0,complete,True,20260908
password_spray,19,2026-01-05T19:00:00Z,baseline,successful_logins,1691.0,complete,True,20260908
password_spray,20,2026-01-05T20:00:00Z,baseline,successful_logins,1525.0,complete,True,20260908
password_spray,21,2026-01-05T21:00:00Z,baseline,successful_logins,1341.0,complete,True,20260908
password_spray,22,2026-01-05T22:00:00Z,baseline,successful_logins,1154.0,complete,True,20260908
password_spray,23,2026-01-05T23:00:00Z,baseline,successful_logins,1070.0,complete,True,20260908
password_spray,24,2026-01-06T00:00:00Z,baseline,successful_logins,1029.0,complete,True,20260908
password_spray,25,2026-01-06T01:00:00Z,baseline,successful_logins,1016.0,complete,True,20260908
password_spray,26,2026-01-06T02:00:00Z,baseline,successful_logins,887.0,complete,True,20260908
password_spray,27,2026-01-06T03:00:00Z,baseline,successful_logins,926.0,complete,True,20260908
password_spray,28,2026-01-06T04:00:00Z,baseline,successful_logins,995.0,complete,True,20260908
password_spray,29,2026-01-06T05:00:00Z,baseline,successful_logins,1051.0,complete,True,20260908
password_spray,30,2026-01-06T06:00:00Z,baseline,successful_logins,1208.0,complete,True,20260908
password_spray,31,2026-01-06T07:00:00Z,baseline,successful_logins,1437.0,complete,True,20260908
password_spray,32,2026-01-06T08:00:00Z,baseline,successful_logins,1468.0,complete,True,20260908
password_spray,33,2026-01-06T09:00:00Z,baseline,successful_logins,1480.0,complete,True,20260908
password_spray,34,2026-01-06T10:00:00Z,baseline,successful_logins,1894.0,complete,True,20260908
password_spray,35,2026-01-06T11:00:00Z,baseline,successful_logins,1904.0,complete,True,20260908
password_spray,36,2026-01-06T12:00:00Z,baseline,successful_logins,2202.0,complete,True,20260908
password_spray,37,2026-01-06T13:00:00Z,baseline,successful_logins,2125.0,complete,True,20260908
password_spray,38,2026-01-06T14:00:00Z,baseline,successful_logins,2131.0,complete,True,20260908
password_spray,39,2026-01-06T15:00:00Z,baseline,successful_logins,2137.0,complete,True,20260908
password_spray,40,2026-01-06T16:00:00Z,baseline,successful_logins,2007.0,complete,True,20260908
password_spray,41,2026-01-06T17:00:00Z,baseline,successful_logins,2137.0,complete,True,20260908
password_spray,42,2026-01-06T18:00:00Z,baseline,successful_logins,1934.0,complete,True,20260908
password_spray,43,2026-01-06T19:00:00Z,baseline,successful_logins,1518.0,complete,True,20260908
password_spray,44,2026-01-06T20:00:00Z,baseline,successful_logins,1483.0,complete,True,20260908
password_spray,45,2026-01-06T21:00:00Z,baseline,successful_logins,1298.0,complete,True,20260908
password_spray,46,2026-01-06T22:00:00Z,baseline,successful_logins,1205.0,complete,True,20260908
password_spray,47,2026-01-06T23:00:00Z,baseline,successful_logins,1100.0,complete,True,20260908
password_spray,48,2026-01-07T00:00:00Z,target,successful_logins,1069,complete,True,20260908
password_spray,0,2026-01-05T00:00:00Z,baseline,privileged_changes,1.0,complete,True,20260908
password_spray,1,2026-01-05T01:00:00Z,baseline,privileged_changes,2.0,complete,True,20260908
password_spray,2,2026-01-05T02:00:00Z,baseline,privileged_changes,1.0,complete,True,20260908
password_spray,3,2026-01-05T03:00:00Z,baseline,privileged_changes,1.0,complete,True,20260908
password_spray,4,2026-01-05T04:00:00Z,baseline,privileged_changes,1.0,complete,True,20260908
password_spray,5,2026-01-05T05:00:00Z,baseline,privileged_changes,2.0,complete,True,20260908
password_spray,6,2026-01-05T06:00:00Z,baseline,privileged_changes,2.0,complete,True,20260908
password_spray,7,2026-01-05T07:00:00Z,baseline,privileged_changes,2.0,complete,True,20260908
password_spray,8,2026-01-05T08:00:00Z,baseline,privileged_changes,2.0,complete,True,20260908
password_spray,9,2026-01-05T09:00:00Z,baseline,privileged_changes,2.0,complete,True,20260908
password_spray,10,2026-01-05T10:00:00Z,baseline,privileged_changes,2.0,complete,True,20260908
password_spray,11,2026-01-05T11:00:00Z,baseline,privileged_changes,2.0,complete,True,20260908
password_spray,12,2026-01-05T12:00:00Z,baseline,privileged_changes,2.0,complete,True,20260908
password_spray,13,2026-01-05T13:00:00Z,baseline,privileged_changes,2.0,complete,True,20260908
password_spray,14,2026-01-05T14:00:00Z,baseline,privileged_changes,2.0,complete,True,20260908
password_spray,15,2026-01-05T15:00:00Z,baseline,privileged_changes,2.0,complete,True,20260908
password_spray,16,2026-01-05T16:00:00Z,baseline,privileged_changes,1.0,complete,True,20260908
password_spray,17,2026-01-05T17:00:00Z,baseline,privileged_changes,2.0,complete,True,20260908
password_spray,18,2026-01-05T18:00:00Z,baseline,privileged_changes,2.0,complete,True,20260908
password_spray,19,2026-01-05T19:00:00Z,baseline,privileged_changes,1.0,complete,True,20260908
password_spray,20,2026-01-05T20:00:00Z,baseline,privileged_changes,2.0,complete,True,20260908
password_spray,21,2026-01-05T21:00:00Z,baseline,privileged_changes,3.0,complete,True,20260908
password_spray,22,2026-01-05T22:00:00Z,baseline,privileged_changes,1.0,complete,True,20260908
password_spray,23,2026-01-05T23:00:00Z,baseline,privileged_changes,1.0,complete,True,20260908
password_spray,24,2026-01-06T00:00:00Z,baseline,privileged_changes,2.0,complete,True,20260908
password_spray,25,2026-01-06T01:00:00Z,baseline,privileged_changes,1.0,complete,True,20260908
password_spray,26,2026-01-06T02:00:00Z,baseline,privileged_changes,2.0,complete,True,20260908
password_spray,27,2026-01-06T03:00:00Z,baseline,privileged_changes,1.0,complete,True,20260908
password_spray,28,2026-01-06T04:00:00Z,baseline,privileged_changes,2.0,complete,True,20260908
password_spray,29,2026-01-06T05:00:00Z,baseline,privileged_changes,1.0,complete,True,20260908
password_spray,30,2026-01-06T06:00:00Z,baseline,privileged_changes,2.0,complete,True,20260908
password_spray,31,2026-01-06T07:00:00Z,baseline,privileged_changes,2.0,complete,True,20260908
password_spray,32,2026-01-06T08:00:00Z,baseline,privileged_changes,1.0,complete,True,20260908
password_spray,33,2026-01-06T09:00:00Z,baseline,privileged_changes,3.0,complete,True,20260908
password_spray,34,2026-01-06T10:00:00Z,baseline,privileged_changes,2.0,complete,True,20260908
password_spray,35,2026-01-06T11:00:00Z,baseline,privileged_changes,3.0,complete,True,20260908
password_spray,36,2026-01-06T12:00:00Z,baseline,privileged_changes,2.0,complete,True,20260908
password_spray,37,2026-01-06T13:00:00Z,baseline,privileged_changes,2.0,complete,True,20260908
password_spray,38,2026-01-06T14:00:00Z,baseline,privileged_changes,2.0,complete,True,20260908
password_spray,39,2026-01-06T15:00:00Z,baseline,privileged_changes,2.0,complete,True,20260908
password_spray,40,2026-01-06T16:00:00Z,baseline,privileged_changes,1.0,complete,True,20260908
password_spray,41,2026-01-06T17:00:00Z,baseline,privileged_changes,2.0,complete,True,20260908
password_spray,42,2026-01-06T18:00:00Z,baseline,privileged_changes,2.0,complete,True,20260908
password_spray,43,2026-01-06T19:00:00Z,baseline,privileged_changes,3.0,complete,True,20260908
password_spray,44,2026-01-06T20:00:00Z,baseline,privileged_changes,1.0,complete,True,20260908
password_spray,45,2026-01-06T21:00:00Z,baseline,privileged_changes,2.0,complete,True,20260908
password_spray,46,2026-01-06T22:00:00Z,baseline,privileged_changes,2.0,complete,True,20260908
password_spray,47,2026-01-06T23:00:00Z,baseline,privileged_changes,1.0,complete,True,20260908
password_spray,48,2026-01-07T00:00:00Z,target,privileged_changes,2,complete,True,20260908
password_spray,0,2026-01-05T00:00:00Z,baseline,outbound_mb,663.677,complete,True,20260908
password_spray,1,2026-01-05T01:00:00Z,baseline,outbound_mb,554.953,complete,True,20260908
password_spray,2,2026-01-05T02:00:00Z,baseline,outbound_mb,501.836,complete,True,20260908
password_spray,3,2026-01-05T03:00:00Z,baseline,outbound_mb,568.588,complete,True,20260908
password_spray,4,2026-01-05T04:00:00Z,baseline,outbound_mb,634.669,complete,True,20260908
password_spray,5,2026-01-05T05:00:00Z,baseline,outbound_mb,616.989,complete,True,20260908
password_spray,6,2026-01-05T06:00:00Z,baseline,outbound_mb,684.485,complete,True,20260908
password_spray,7,2026-01-05T07:00:00Z,baseline,outbound_mb,696.675,complete,True,20260908
password_spray,8,2026-01-05T08:00:00Z,baseline,outbound_mb,886.517,complete,True,20260908
password_spray,9,2026-01-05T09:00:00Z,baseline,outbound_mb,929.427,complete,True,20260908
password_spray,10,2026-01-05T10:00:00Z,baseline,outbound_mb,948.181,complete,True,20260908
password_spray,11,2026-01-05T11:00:00Z,baseline,outbound_mb,1124.439,complete,True,20260908
password_spray,12,2026-01-05T12:00:00Z,baseline,outbound_mb,1204.335,complete,True,20260908
password_spray,13,2026-01-05T13:00:00Z,baseline,outbound_mb,1082.072,complete,True,20260908
password_spray,14,2026-01-05T14:00:00Z,baseline,outbound_mb,1137.889,complete,True,20260908
password_spray,15,2026-01-05T15:00:00Z,baseline,outbound_mb,1139.556,complete,True,20260908
password_spray,16,2026-01-05T16:00:00Z,baseline,outbound_mb,955.83,complete,True,20260908
password_spray,17,2026-01-05T17:00:00Z,baseline,outbound_mb,1100.481,complete,True,20260908
password_spray,18,2026-01-05T18:00:00Z,baseline,outbound_mb,1026.289,complete,True,20260908
password_spray,19,2026-01-05T19:00:00Z,baseline,outbound_mb,899.386,complete,True,20260908
password_spray,20,2026-01-05T20:00:00Z,baseline,outbound_mb,930.723,complete,True,20260908
password_spray,21,2026-01-05T21:00:00Z,baseline,outbound_mb,913.012,complete,True,20260908
password_spray,22,2026-01-05T22:00:00Z,baseline,outbound_mb,758.052,complete,True,20260908
password_spray,23,2026-01-05T23:00:00Z,baseline,outbound_mb,662.024,complete,True,20260908
password_spray,24,2026-01-06T00:00:00Z,baseline,outbound_mb,696.918,complete,True,20260908
password_spray,25,2026-01-06T01:00:00Z,baseline,outbound_mb,568.697,complete,True,20260908
password_spray,26,2026-01-06T02:00:00Z,baseline,outbound_mb,523.42,complete,True,20260908
password_spray,27,2026-01-06T03:00:00Z,baseline,outbound_mb,650.895,complete,True,20260908
password_spray,28,2026-01-06T04:00:00Z,baseline,outbound_mb,494.719,complete,True,20260908
password_spray,29,2026-01-06T05:00:00Z,baseline,outbound_mb,663.988,complete,True,20260908
password_spray,30,2026-01-06T06:00:00Z,baseline,outbound_mb,638.743,complete,True,20260908
password_spray,31,2026-01-06T07:00:00Z,baseline,outbound_mb,871.599,complete,True,20260908
password_spray,32,2026-01-06T08:00:00Z,baseline,outbound_mb,972.959,complete,True,20260908
password_spray,33,2026-01-06T09:00:00Z,baseline,outbound_mb,1108.131,complete,True,20260908
password_spray,34,2026-01-06T10:00:00Z,baseline,outbound_mb,1069.273,complete,True,20260908
password_spray,35,2026-01-06T11:00:00Z,baseline,outbound_mb,1105.46,complete,True,20260908
password_spray,36,2026-01-06T12:00:00Z,baseline,outbound_mb,1243.526,complete,True,20260908
password_spray,37,2026-01-06T13:00:00Z,baseline,outbound_mb,1160.293,complete,True,20260908
password_spray,38,2026-01-06T14:00:00Z,baseline,outbound_mb,1153.717,complete,True,20260908
password_spray,39,2026-01-06T15:00:00Z,baseline,outbound_mb,1247.931,complete,True,20260908
password_spray,40,2026-01-06T16:00:00Z,baseline,outbound_mb,1159.619,complete,True,20260908
password_spray,41,2026-01-06T17:00:00Z,baseline,outbound_mb,1191.918,complete,True,20260908
password_spray,42,2026-01-06T18:00:00Z,baseline,outbound_mb,1023.665,complete,True,20260908
password_spray,43,2026-01-06T19:00:00Z,baseline,outbound_mb,982.131,complete,True,20260908
password_spray,44,2026-01-06T20:00:00Z,baseline,outbound_mb,867.672,complete,True,20260908
password_spray,45,2026-01-06T21:00:00Z,baseline,outbound_mb,888.217,complete,True,20260908
password_spray,46,2026-01-06T22:00:00Z,baseline,outbound_mb,712.169,complete,True,20260908
password_spray,47,2026-01-06T23:00:00Z,baseline,outbound_mb,683.401,complete,True,20260908
password_spray,48,2026-01-07T00:00:00Z,target,outbound_mb,623.686,complete,True,20260908
password_spray,0,2026-01-05T00:00:00Z,baseline,api_5xx,14.0,complete,True,20260908
password_spray,1,2026-01-05T01:00:00Z,baseline,api_5xx,15.0,complete,True,20260908
password_spray,2,2026-01-05T02:00:00Z,baseline,api_5xx,14.0,complete,True,20260908
password_spray,3,2026-01-05T03:00:00Z,baseline,api_5xx,16.0,complete,True,20260908
password_spray,4,2026-01-05T04:00:00Z,baseline,api_5xx,16.0,complete,True,20260908
password_spray,5,2026-01-05T05:00:00Z,baseline,api_5xx,18.0,complete,True,20260908
password_spray,6,2026-01-05T06:00:00Z,baseline,api_5xx,14.0,complete,True,20260908
password_spray,7,2026-01-05T07:00:00Z,baseline,api_5xx,13.0,complete,True,20260908
password_spray,8,2026-01-05T08:00:00Z,baseline,api_5xx,9.0,complete,True,20260908
password_spray,9,2026-01-05T09:00:00Z,baseline,api_5xx,20.0,complete,True,20260908
password_spray,10,2026-01-05T10:00:00Z,baseline,api_5xx,24.0,complete,True,20260908
password_spray,11,2026-01-05T11:00:00Z,baseline,api_5xx,23.0,complete,True,20260908
password_spray,12,2026-01-05T12:00:00Z,baseline,api_5xx,29.0,complete,True,20260908
password_spray,13,2026-01-05T13:00:00Z,baseline,api_5xx,23.0,complete,True,20260908
password_spray,14,2026-01-05T14:00:00Z,baseline,api_5xx,17.0,complete,True,20260908
password_spray,15,2026-01-05T15:00:00Z,baseline,api_5xx,27.0,complete,True,20260908
password_spray,16,2026-01-05T16:00:00Z,baseline,api_5xx,21.0,complete,True,20260908
password_spray,17,2026-01-05T17:00:00Z,baseline,api_5xx,21.0,complete,True,20260908
password_spray,18,2026-01-05T18:00:00Z,baseline,api_5xx,17.0,complete,True,20260908
password_spray,19,2026-01-05T19:00:00Z,baseline,api_5xx,21.0,complete,True,20260908
password_spray,20,2026-01-05T20:00:00Z,baseline,api_5xx,20.0,complete,True,20260908
password_spray,21,2026-01-05T21:00:00Z,baseline,api_5xx,17.0,complete,True,20260908
password_spray,22,2026-01-05T22:00:00Z,baseline,api_5xx,15.0,complete,True,20260908
password_spray,23,2026-01-05T23:00:00Z,baseline,api_5xx,13.0,complete,True,20260908
password_spray,24,2026-01-06T00:00:00Z,baseline,api_5xx,11.0,complete,True,20260908
password_spray,25,2026-01-06T01:00:00Z,baseline,api_5xx,9.0,complete,True,20260908
password_spray,26,2026-01-06T02:00:00Z,baseline,api_5xx,14.0,complete,True,20260908
password_spray,27,2026-01-06T03:00:00Z,baseline,api_5xx,13.0,complete,True,20260908
password_spray,28,2026-01-06T04:00:00Z,baseline,api_5xx,14.0,complete,True,20260908
password_spray,29,2026-01-06T05:00:00Z,baseline,api_5xx,14.0,complete,True,20260908
password_spray,30,2026-01-06T06:00:00Z,baseline,api_5xx,17.0,complete,True,20260908
password_spray,31,2026-01-06T07:00:00Z,baseline,api_5xx,18.0,complete,True,20260908
password_spray,32,2026-01-06T08:00:00Z,baseline,api_5xx,20.0,complete,True,20260908
password_spray,33,2026-01-06T09:00:00Z,baseline,api_5xx,23.0,complete,True,20260908
password_spray,34,2026-01-06T10:00:00Z,baseline,api_5xx,18.0,complete,True,20260908
password_spray,35,2026-01-06T11:00:00Z,baseline,api_5xx,29.0,complete,True,20260908
password_spray,36,2026-01-06T12:00:00Z,baseline,api_5xx,24.0,complete,True,20260908
password_spray,37,2026-01-06T13:00:00Z,baseline,api_5xx,16.0,complete,True,20260908
password_spray,38,2026-01-06T14:00:00Z,baseline,api_5xx,27.0,complete,True,20260908
password_spray,39,2026-01-06T15:00:00Z,baseline,api_5xx,22.0,complete,True,20260908
password_spray,40,2026-01-06T16:00:00Z,baseline,api_5xx,27.0,complete,True,20260908
password_spray,41,2026-01-06T17:00:00Z,baseline,api_5xx,25.0,complete,True,20260908
password_spray,42,2026-01-06T18:00:00Z,baseline,api_5xx,19.0,complete,True,20260908
password_spray,43,2026-01-06T19:00:00Z,baseline,api_5xx,20.0,complete,True,20260908
password_spray,44,2026-01-06T20:00:00Z,baseline,api_5xx,19.0,complete,True,20260908
password_spray,45,2026-01-06T21:00:00Z,baseline,api_5xx,17.0,complete,True,20260908
password_spray,46,2026-01-06T22:00:00Z,baseline,api_5xx,14.0,complete,True,20260908
password_spray,47,2026-01-06T23:00:00Z,baseline,api_5xx,12.0,complete,True,20260908
password_spray,48,2026-01-07T00:00:00Z,target,api_5xx,14,complete,True,20260908
password_spray,0,2026-01-05T00:00:00Z,baseline,endpoint_alerts,5.0,complete,True,20260908
password_spray,1,2026-01-05T01:00:00Z,baseline,endpoint_alerts,6.0,complete,True,20260908
password_spray,2,2026-01-05T02:00:00Z,baseline,endpoint_alerts,3.0,complete,True,20260908
password_spray,3,2026-01-05T03:00:00Z,baseline,endpoint_alerts,5.0,complete,True,20260908
password_spray,4,2026-01-05T04:00:00Z,baseline,endpoint_alerts,3.0,complete,True,20260908
password_spray,5,2026-01-05T05:00:00Z,baseline,endpoint_alerts,4.0,complete,True,20260908
password_spray,6,2026-01-05T06:00:00Z,baseline,endpoint_alerts,4.0,complete,True,20260908
password_spray,7,2026-01-05T07:00:00Z,baseline,endpoint_alerts,7.0,complete,True,20260908
password_spray,8,2026-01-05T08:00:00Z,baseline,endpoint_alerts,6.0,complete,True,20260908
password_spray,9,2026-01-05T09:00:00Z,baseline,endpoint_alerts,6.0,complete,True,20260908
password_spray,10,2026-01-05T10:00:00Z,baseline,endpoint_alerts,6.0,complete,True,20260908
password_spray,11,2026-01-05T11:00:00Z,baseline,endpoint_alerts,5.0,complete,True,20260908
password_spray,12,2026-01-05T12:00:00Z,baseline,endpoint_alerts,4.0,complete,True,20260908
password_spray,13,2026-01-05T13:00:00Z,baseline,endpoint_alerts,4.0,complete,True,20260908
password_spray,14,2026-01-05T14:00:00Z,baseline,endpoint_alerts,6.0,complete,True,20260908
password_spray,15,2026-01-05T15:00:00Z,baseline,endpoint_alerts,6.0,complete,True,20260908
password_spray,16,2026-01-05T16:00:00Z,baseline,endpoint_alerts,6.0,complete,True,20260908
password_spray,17,2026-01-05T17:00:00Z,baseline,endpoint_alerts,4.0,complete,True,20260908
password_spray,18,2026-01-05T18:00:00Z,baseline,endpoint_alerts,2.0,complete,True,20260908
password_spray,19,2026-01-05T19:00:00Z,baseline,endpoint_alerts,3.0,complete,True,20260908
password_spray,20,2026-01-05T20:00:00Z,baseline,endpoint_alerts,4.0,complete,True,20260908
password_spray,21,2026-01-05T21:00:00Z,baseline,endpoint_alerts,3.0,complete,True,20260908
password_spray,22,2026-01-05T22:00:00Z,baseline,endpoint_alerts,5.0,complete,True,20260908
password_spray,23,2026-01-05T23:00:00Z,baseline,endpoint_alerts,4.0,complete,True,20260908
password_spray,24,2026-01-06T00:00:00Z,baseline,endpoint_alerts,5.0,complete,True,20260908
password_spray,25,2026-01-06T01:00:00Z,baseline,endpoint_alerts,5.0,complete,True,20260908
password_spray,26,2026-01-06T02:00:00Z,baseline,endpoint_alerts,5.0,complete,True,20260908
password_spray,27,2026-01-06T03:00:00Z,baseline,endpoint_alerts,6.0,complete,True,20260908
password_spray,28,2026-01-06T04:00:00Z,baseline,endpoint_alerts,4.0,complete,True,20260908
password_spray,29,2026-01-06T05:00:00Z,baseline,endpoint_alerts,2.0,complete,True,20260908
password_spray,30,2026-01-06T06:00:00Z,baseline,endpoint_alerts,5.0,complete,True,20260908
password_spray,31,2026-01-06T07:00:00Z,baseline,endpoint_alerts,6.0,complete,True,20260908
password_spray,32,2026-01-06T08:00:00Z,baseline,endpoint_alerts,5.0,complete,True,20260908
password_spray,33,2026-01-06T09:00:00Z,baseline,endpoint_alerts,3.0,complete,True,20260908
password_spray,34,2026-01-06T10:00:00Z,baseline,endpoint_alerts,5.0,complete,True,20260908
password_spray,35,2026-01-06T11:00:00Z,baseline,endpoint_alerts,4.0,complete,True,20260908
password_spray,36,2026-01-06T12:00:00Z,baseline,endpoint_alerts,3.0,complete,True,20260908
password_spray,37,2026-01-06T13:00:00Z,baseline,endpoint_alerts,3.0,complete,True,20260908
password_spray,38,2026-01-06T14:00:00Z,baseline,endpoint_alerts,4.0,complete,True,20260908
password_spray,39,2026-01-06T15:00:00Z,baseline,endpoint_alerts,5.0,complete,True,20260908
password_spray,40,2026-01-06T16:00:00Z,baseline,endpoint_alerts,5.0,complete,True,20260908
password_spray,41,2026-01-06T17:00:00Z,baseline,endpoint_alerts,5.0,complete,True,20260908
password_spray,42,2026-01-06T18:00:00Z,baseline,endpoint_alerts,2.0,complete,True,20260908
password_spray,43,2026-01-06T19:00:00Z,baseline,endpoint_alerts,3.0,complete,True,20260908
password_spray,44,2026-01-06T20:00:00Z,baseline,endpoint_alerts,5.0,complete,True,20260908
password_spray,45,2026-01-06T21:00:00Z,baseline,endpoint_alerts,5.0,complete,True,20260908
password_spray,46,2026-01-06T22:00:00Z,baseline,endpoint_alerts,5.0,complete,True,20260908
password_spray,47,2026-01-06T23:00:00Z,baseline,endpoint_alerts,5.0,complete,True,20260908
password_spray,48,2026-01-07T00:00:00Z,target,endpoint_alerts,3,complete,True,20260908
password_spray,0,2026-01-05T00:00:00Z,baseline,file_rename_events,30.0,complete,True,20260908
password_spray,1,2026-01-05T01:00:00Z,baseline,file_rename_events,33.0,complete,True,20260908
password_spray,2,2026-01-05T02:00:00Z,baseline,file_rename_events,37.0,complete,True,20260908
password_spray,3,2026-01-05T03:00:00Z,baseline,file_rename_events,29.0,complete,True,20260908
password_spray,4,2026-01-05T04:00:00Z,baseline,file_rename_events,38.0,complete,True,20260908
password_spray,5,2026-01-05T05:00:00Z,baseline,file_rename_events,39.0,complete,True,20260908
password_spray,6,2026-01-05T06:00:00Z,baseline,file_rename_events,36.0,complete,True,20260908
password_spray,7,2026-01-05T07:00:00Z,baseline,file_rename_events,38.0,complete,True,20260908
password_spray,8,2026-01-05T08:00:00Z,baseline,file_rename_events,46.0,complete,True,20260908
password_spray,9,2026-01-05T09:00:00Z,baseline,file_rename_events,42.0,complete,True,20260908
password_spray,10,2026-01-05T10:00:00Z,baseline,file_rename_events,43.0,complete,True,20260908
password_spray,11,2026-01-05T11:00:00Z,baseline,file_rename_events,39.0,complete,True,20260908
password_spray,12,2026-01-05T12:00:00Z,baseline,file_rename_events,55.0,complete,True,20260908
password_spray,13,2026-01-05T13:00:00Z,baseline,file_rename_events,51.0,complete,True,20260908
password_spray,14,2026-01-05T14:00:00Z,baseline,file_rename_events,51.0,complete,True,20260908
password_spray,15,2026-01-05T15:00:00Z,baseline,file_rename_events,43.0,complete,True,20260908
password_spray,16,2026-01-05T16:00:00Z,baseline,file_rename_events,41.0,complete,True,20260908
password_spray,17,2026-01-05T17:00:00Z,baseline,file_rename_events,48.0,complete,True,20260908
password_spray,18,2026-01-05T18:00:00Z,baseline,file_rename_events,50.0,complete,True,20260908
password_spray,19,2026-01-05T19:00:00Z,baseline,file_rename_events,44.0,complete,True,20260908
password_spray,20,2026-01-05T20:00:00Z,baseline,file_rename_events,43.0,complete,True,20260908
password_spray,21,2026-01-05T21:00:00Z,baseline,file_rename_events,42.0,complete,True,20260908
password_spray,22,2026-01-05T22:00:00Z,baseline,file_rename_events,40.0,complete,True,20260908
password_spray,23,2026-01-05T23:00:00Z,baseline,file_rename_events,44.0,complete,True,20260908
password_spray,24,2026-01-06T00:00:00Z,baseline,file_rename_events,38.0,complete,True,20260908
password_spray,25,2026-01-06T01:00:00Z,baseline,file_rename_events,34.0,complete,True,20260908
password_spray,26,2026-01-06T02:00:00Z,baseline,file_rename_events,33.0,complete,True,20260908
password_spray,27,2026-01-06T03:00:00Z,baseline,file_rename_events,36.0,complete,True,20260908
password_spray,28,2026-01-06T04:00:00Z,baseline,file_rename_events,32.0,complete,True,20260908
password_spray,29,2026-01-06T05:00:00Z,baseline,file_rename_events,38.0,complete,True,20260908
password_spray,30,2026-01-06T06:00:00Z,baseline,file_rename_events,38.0,complete,True,20260908
password_spray,31,2026-01-06T07:00:00Z,baseline,file_rename_events,35.0,complete,True,20260908
password_spray,32,2026-01-06T08:00:00Z,baseline,file_rename_events,28.0,complete,True,20260908
password_spray,33,2026-01-06T09:00:00Z,baseline,file_rename_events,52.0,complete,True,20260908
password_spray,34,2026-01-06T10:00:00Z,baseline,file_rename_events,43.0,complete,True,20260908
password_spray,35,2026-01-06T11:00:00Z,baseline,file_rename_events,50.0,complete,True,20260908
password_spray,36,2026-01-06T12:00:00Z,baseline,file_rename_events,54.0,complete,True,20260908
password_spray,37,2026-01-06T13:00:00Z,baseline,file_rename_events,58.0,complete,True,20260908
password_spray,38,2026-01-06T14:00:00Z,baseline,file_rename_events,56.0,complete,True,20260908
password_spray,39,2026-01-06T15:00:00Z,baseline,file_rename_events,62.0,complete,True,20260908
password_spray,40,2026-01-06T16:00:00Z,baseline,file_rename_events,51.0,complete,True,20260908
password_spray,41,2026-01-06T17:00:00Z,baseline,file_rename_events,51.0,complete,True,20260908
password_spray,42,2026-01-06T18:00:00Z,baseline,file_rename_events,49.0,complete,True,20260908
password_spray,43,2026-01-06T19:00:00Z,baseline,file_rename_events,43.0,complete,True,20260908
password_spray,44,2026-01-06T20:00:00Z,baseline,file_rename_events,36.0,complete,True,20260908
password_spray,45,2026-01-06T21:00:00Z,baseline,file_rename_events,53.0,complete,True,20260908
password_spray,46,2026-01-06T22:00:00Z,baseline,file_rename_events,35.0,complete,True,20260908
password_spray,47,2026-01-06T23:00:00Z,baseline,file_rename_events,37.0,complete,True,20260908
password_spray,48,2026-01-07T00:00:00Z,target,file_rename_events,42,complete,True,20260908
password_spray,0,2026-01-05T00:00:00Z,baseline,inbound_requests,30103.0,complete,True,20260908
password_spray,1,2026-01-05T01:00:00Z,baseline,inbound_requests,27491.0,complete,True,20260908
password_spray,2,2026-01-05T02:00:00Z,baseline,inbound_requests,27534.0,complete,True,20260908
password_spray,3,2026-01-05T03:00:00Z,baseline,inbound_requests,26012.0,complete,True,20260908
password_spray,4,2026-01-05T04:00:00Z,baseline,inbound_requests,28676.0,complete,True,20260908
password_spray,5,2026-01-05T05:00:00Z,baseline,inbound_requests,38256.0,complete,True,20260908
password_spray,6,2026-01-05T06:00:00Z,baseline,inbound_requests,39112.0,complete,True,20260908
password_spray,7,2026-01-05T07:00:00Z,baseline,inbound_requests,43635.0,complete,True,20260908
password_spray,8,2026-01-05T08:00:00Z,baseline,inbound_requests,52373.0,complete,True,20260908
password_spray,9,2026-01-05T09:00:00Z,baseline,inbound_requests,56640.0,complete,True,20260908
password_spray,10,2026-01-05T10:00:00Z,baseline,inbound_requests,63153.0,complete,True,20260908
password_spray,11,2026-01-05T11:00:00Z,baseline,inbound_requests,59825.0,complete,True,20260908
password_spray,12,2026-01-05T12:00:00Z,baseline,inbound_requests,71396.0,complete,True,20260908
password_spray,13,2026-01-05T13:00:00Z,baseline,inbound_requests,64866.0,complete,True,20260908
password_spray,14,2026-01-05T14:00:00Z,baseline,inbound_requests,72324.0,complete,True,20260908
password_spray,15,2026-01-05T15:00:00Z,baseline,inbound_requests,77218.0,complete,True,20260908
password_spray,16,2026-01-05T16:00:00Z,baseline,inbound_requests,76064.0,complete,True,20260908
password_spray,17,2026-01-05T17:00:00Z,baseline,inbound_requests,62175.0,complete,True,20260908
password_spray,18,2026-01-05T18:00:00Z,baseline,inbound_requests,61623.0,complete,True,20260908
password_spray,19,2026-01-05T19:00:00Z,baseline,inbound_requests,54088.0,complete,True,20260908
password_spray,20,2026-01-05T20:00:00Z,baseline,inbound_requests,53194.0,complete,True,20260908
password_spray,21,2026-01-05T21:00:00Z,baseline,inbound_requests,46068.0,complete,True,20260908
password_spray,22,2026-01-05T22:00:00Z,baseline,inbound_requests,40681.0,complete,True,20260908
password_spray,23,2026-01-05T23:00:00Z,baseline,inbound_requests,35605.0,complete,True,20260908
password_spray,24,2026-01-06T00:00:00Z,baseline,inbound_requests,34847.0,complete,True,20260908
password_spray,25,2026-01-06T01:00:00Z,baseline,inbound_requests,27479.0,complete,True,20260908
password_spray,26,2026-01-06T02:00:00Z,baseline,inbound_requests,27971.0,complete,True,20260908
password_spray,27,2026-01-06T03:00:00Z,baseline,inbound_requests,27436.0,complete,True,20260908
password_spray,28,2026-01-06T04:00:00Z,baseline,inbound_requests,31208.0,complete,True,20260908
password_spray,29,2026-01-06T05:00:00Z,baseline,inbound_requests,35556.0,complete,True,20260908
password_spray,30,2026-01-06T06:00:00Z,baseline,inbound_requests,41336.0,complete,True,20260908
password_spray,31,2026-01-06T07:00:00Z,baseline,inbound_requests,45863.0,complete,True,20260908
password_spray,32,2026-01-06T08:00:00Z,baseline,inbound_requests,48693.0,complete,True,20260908
password_spray,33,2026-01-06T09:00:00Z,baseline,inbound_requests,59578.0,complete,True,20260908
password_spray,34,2026-01-06T10:00:00Z,baseline,inbound_requests,62525.0,complete,True,20260908
password_spray,35,2026-01-06T11:00:00Z,baseline,inbound_requests,66809.0,complete,True,20260908
password_spray,36,2026-01-06T12:00:00Z,baseline,inbound_requests,73504.0,complete,True,20260908
password_spray,37,2026-01-06T13:00:00Z,baseline,inbound_requests,72432.0,complete,True,20260908
password_spray,38,2026-01-06T14:00:00Z,baseline,inbound_requests,66387.0,complete,True,20260908
password_spray,39,2026-01-06T15:00:00Z,baseline,inbound_requests,76162.0,complete,True,20260908
password_spray,40,2026-01-06T16:00:00Z,baseline,inbound_requests,71938.0,complete,True,20260908
password_spray,41,2026-01-06T17:00:00Z,baseline,inbound_requests,61825.0,complete,True,20260908
password_spray,42,2026-01-06T18:00:00Z,baseline,inbound_requests,59710.0,complete,True,20260908
password_spray,43,2026-01-06T19:00:00Z,baseline,inbound_requests,59080.0,complete,True,20260908
password_spray,44,2026-01-06T20:00:00Z,baseline,inbound_requests,52606.0,complete,True,20260908
password_spray,45,2026-01-06T21:00:00Z,baseline,inbound_requests,44238.0,complete,True,20260908
password_spray,46,2026-01-06T22:00:00Z,baseline,inbound_requests,42718.0,complete,True,20260908
password_spray,47,2026-01-06T23:00:00Z,baseline,inbound_requests,34660.0,complete,True,20260908
password_spray,48,2026-01-07T00:00:00Z,target,inbound_requests,30410,complete,True,20260908
credential_stuffing,0,2026-01-05T00:00:00Z,baseline,auth_failures,75.0,complete,True,20260909
credential_stuffing,1,2026-01-05T01:00:00Z,baseline,auth_failures,77.0,complete,True,20260909
credential_stuffing,2,2026-01-05T02:00:00Z,baseline,auth_failures,82.0,complete,True,20260909
credential_stuffing,3,2026-01-05T03:00:00Z,baseline,auth_failures,74.0,complete,True,20260909
credential_stuffing,4,2026-01-05T04:00:00Z,baseline,auth_failures,89.0,complete,True,20260909
credential_stuffing,5,2026-01-05T05:00:00Z,baseline,auth_failures,97.0,complete,True,20260909
credential_stuffing,6,2026-01-05T06:00:00Z,baseline,auth_failures,88.0,complete,True,20260909
credential_stuffing,7,2026-01-05T07:00:00Z,baseline,auth_failures,124.0,complete,True,20260909
credential_stuffing,8,2026-01-05T08:00:00Z,baseline,auth_failures,125.0,complete,True,20260909
credential_stuffing,9,2026-01-05T09:00:00Z,baseline,auth_failures,114.0,complete,True,20260909
credential_stuffing,10,2026-01-05T10:00:00Z,baseline,auth_failures,155.0,complete,True,20260909
credential_stuffing,11,2026-01-05T11:00:00Z,baseline,auth_failures,147.0,complete,True,20260909
credential_stuffing,12,2026-01-05T12:00:00Z,baseline,auth_failures,146.0,complete,True,20260909
credential_stuffing,13,2026-01-05T13:00:00Z,baseline,auth_failures,166.0,complete,True,20260909
credential_stuffing,14,2026-01-05T14:00:00Z,baseline,auth_failures,154.0,complete,True,20260909
credential_stuffing,15,2026-01-05T15:00:00Z,baseline,auth_failures,157.0,complete,True,20260909
credential_stuffing,16,2026-01-05T16:00:00Z,baseline,auth_failures,171.0,complete,True,20260909
credential_stuffing,17,2026-01-05T17:00:00Z,baseline,auth_failures,137.0,complete,True,20260909
credential_stuffing,18,2026-01-05T18:00:00Z,baseline,auth_failures,124.0,complete,True,20260909
credential_stuffing,19,2026-01-05T19:00:00Z,baseline,auth_failures,135.0,complete,True,20260909
credential_stuffing,20,2026-01-05T20:00:00Z,baseline,auth_failures,113.0,complete,True,20260909
credential_stuffing,21,2026-01-05T21:00:00Z,baseline,auth_failures,109.0,complete,True,20260909
credential_stuffing,22,2026-01-05T22:00:00Z,baseline,auth_failures,83.0,complete,True,20260909
credential_stuffing,23,2026-01-05T23:00:00Z,baseline,auth_failures,109.0,complete,True,20260909
credential_stuffing,24,2026-01-06T00:00:00Z,baseline,auth_failures,84.0,complete,True,20260909
credential_stuffing,25,2026-01-06T01:00:00Z,baseline,auth_failures,95.0,complete,True,20260909
credential_stuffing,26,2026-01-06T02:00:00Z,baseline,auth_failures,83.0,complete,True,20260909
credential_stuffing,27,2026-01-06T03:00:00Z,baseline,auth_failures,86.0,complete,True,20260909
credential_stuffing,28,2026-01-06T04:00:00Z,baseline,auth_failures,103.0,complete,True,20260909
credential_stuffing,29,2026-01-06T05:00:00Z,baseline,auth_failures,97.0,complete,True,20260909
credential_stuffing,30,2026-01-06T06:00:00Z,baseline,auth_failures,117.0,complete,True,20260909
credential_stuffing,31,2026-01-06T07:00:00Z,baseline,auth_failures,111.0,complete,True,20260909
credential_stuffing,32,2026-01-06T08:00:00Z,baseline,auth_failures,120.0,complete,True,20260909
credential_stuffing,33,2026-01-06T09:00:00Z,baseline,auth_failures,145.0,complete,True,20260909
credential_stuffing,34,2026-01-06T10:00:00Z,baseline,auth_failures,136.0,complete,True,20260909
credential_stuffing,35,2026-01-06T11:00:00Z,baseline,auth_failures,145.0,complete,True,20260909
credential_stuffing,36,2026-01-06T12:00:00Z,baseline,auth_failures,166.0,complete,True,20260909
credential_stuffing,37,2026-01-06T13:00:00Z,baseline,auth_failures,145.0,complete,True,20260909
credential_stuffing,38,2026-01-06T14:00:00Z,baseline,auth_failures,164.0,complete,True,20260909
credential_stuffing,39,2026-01-06T15:00:00Z,baseline,auth_failures,151.0,complete,True,20260909
credential_stuffing,40,2026-01-06T16:00:00Z,baseline,auth_failures,147.0,complete,True,20260909
credential_stuffing,41,2026-01-06T17:00:00Z,baseline,auth_failures,141.0,complete,True,20260909
credential_stuffing,42,2026-01-06T18:00:00Z,baseline,auth_failures,146.0,complete,True,20260909
credential_stuffing,43,2026-01-06T19:00:00Z,baseline,auth_failures,109.0,complete,True,20260909
credential_stuffing,44,2026-01-06T20:00:00Z,baseline,auth_failures,117.0,complete,True,20260909
credential_stuffing,45,2026-01-06T21:00:00Z,baseline,auth_failures,95.0,complete,True,20260909
credential_stuffing,46,2026-01-06T22:00:00Z,baseline,auth_failures,83.0,complete,True,20260909
credential_stuffing,47,2026-01-06T23:00:00Z,baseline,auth_failures,106.0,complete,True,20260909
credential_stuffing,48,2026-01-07T00:00:00Z,target,auth_failures,1010,complete,True,20260909
credential_stuffing,0,2026-01-05T00:00:00Z,baseline,unique_failed_accounts,26.0,complete,True,20260909
credential_stuffing,1,2026-01-05T01:00:00Z,baseline,unique_failed_accounts,23.0,complete,True,20260909
credential_stuffing,2,2026-01-05T02:00:00Z,baseline,unique_failed_accounts,27.0,complete,True,20260909
credential_stuffing,3,2026-01-05T03:00:00Z,baseline,unique_failed_accounts,26.0,complete,True,20260909
credential_stuffing,4,2026-01-05T04:00:00Z,baseline,unique_failed_accounts,24.0,complete,True,20260909
credential_stuffing,5,2026-01-05T05:00:00Z,baseline,unique_failed_accounts,30.0,complete,True,20260909
credential_stuffing,6,2026-01-05T06:00:00Z,baseline,unique_failed_accounts,30.0,complete,True,20260909
credential_stuffing,7,2026-01-05T07:00:00Z,baseline,unique_failed_accounts,31.0,complete,True,20260909
credential_stuffing,8,2026-01-05T08:00:00Z,baseline,unique_failed_accounts,39.0,complete,True,20260909
credential_stuffing,9,2026-01-05T09:00:00Z,baseline,unique_failed_accounts,33.0,complete,True,20260909
credential_stuffing,10,2026-01-05T10:00:00Z,baseline,unique_failed_accounts,38.0,complete,True,20260909
credential_stuffing,11,2026-01-05T11:00:00Z,baseline,unique_failed_accounts,37.0,complete,True,20260909
credential_stuffing,12,2026-01-05T12:00:00Z,baseline,unique_failed_accounts,43.0,complete,True,20260909
credential_stuffing,13,2026-01-05T13:00:00Z,baseline,unique_failed_accounts,46.0,complete,True,20260909
credential_stuffing,14,2026-01-05T14:00:00Z,baseline,unique_failed_accounts,50.0,complete,True,20260909
credential_stuffing,15,2026-01-05T15:00:00Z,baseline,unique_failed_accounts,48.0,complete,True,20260909
credential_stuffing,16,2026-01-05T16:00:00Z,baseline,unique_failed_accounts,36.0,complete,True,20260909
credential_stuffing,17,2026-01-05T17:00:00Z,baseline,unique_failed_accounts,41.0,complete,True,20260909
credential_stuffing,18,2026-01-05T18:00:00Z,baseline,unique_failed_accounts,39.0,complete,True,20260909
credential_stuffing,19,2026-01-05T19:00:00Z,baseline,unique_failed_accounts,39.0,complete,True,20260909
credential_stuffing,20,2026-01-05T20:00:00Z,baseline,unique_failed_accounts,41.0,complete,True,20260909
credential_stuffing,21,2026-01-05T21:00:00Z,baseline,unique_failed_accounts,34.0,complete,True,20260909
credential_stuffing,22,2026-01-05T22:00:00Z,baseline,unique_failed_accounts,29.0,complete,True,20260909
credential_stuffing,23,2026-01-05T23:00:00Z,baseline,unique_failed_accounts,27.0,complete,True,20260909
credential_stuffing,24,2026-01-06T00:00:00Z,baseline,unique_failed_accounts,27.0,complete,True,20260909
credential_stuffing,25,2026-01-06T01:00:00Z,baseline,unique_failed_accounts,25.0,complete,True,20260909
credential_stuffing,26,2026-01-06T02:00:00Z,baseline,unique_failed_accounts,26.0,complete,True,20260909
credential_stuffing,27,2026-01-06T03:00:00Z,baseline,unique_failed_accounts,18.0,complete,True,20260909
credential_stuffing,28,2026-01-06T04:00:00Z,baseline,unique_failed_accounts,30.0,complete,True,20260909
credential_stuffing,29,2026-01-06T05:00:00Z,baseline,unique_failed_accounts,33.0,complete,True,20260909
credential_stuffing,30,2026-01-06T06:00:00Z,baseline,unique_failed_accounts,30.0,complete,True,20260909
credential_stuffing,31,2026-01-06T07:00:00Z,baseline,unique_failed_accounts,35.0,complete,True,20260909
credential_stuffing,32,2026-01-06T08:00:00Z,baseline,unique_failed_accounts,32.0,complete,True,20260909
credential_stuffing,33,2026-01-06T09:00:00Z,baseline,unique_failed_accounts,34.0,complete,True,20260909
credential_stuffing,34,2026-01-06T10:00:00Z,baseline,unique_failed_accounts,36.0,complete,True,20260909
credential_stuffing,35,2026-01-06T11:00:00Z,baseline,unique_failed_accounts,37.0,complete,True,20260909
credential_stuffing,36,2026-01-06T12:00:00Z,baseline,unique_failed_accounts,44.0,complete,True,20260909
credential_stuffing,37,2026-01-06T13:00:00Z,baseline,unique_failed_accounts,46.0,complete,True,20260909
credential_stuffing,38,2026-01-06T14:00:00Z,baseline,unique_failed_accounts,41.0,complete,True,20260909
credential_stuffing,39,2026-01-06T15:00:00Z,baseline,unique_failed_accounts,39.0,complete,True,20260909
credential_stuffing,40,2026-01-06T16:00:00Z,baseline,unique_failed_accounts,44.0,complete,True,20260909
credential_stuffing,41,2026-01-06T17:00:00Z,baseline,unique_failed_accounts,42.0,complete,True,20260909
credential_stuffing,42,2026-01-06T18:00:00Z,baseline,unique_failed_accounts,37.0,complete,True,20260909
credential_stuffing,43,2026-01-06T19:00:00Z,baseline,unique_failed_accounts,37.0,complete,True,20260909
credential_stuffing,44,2026-01-06T20:00:00Z,baseline,unique_failed_accounts,33.0,complete,True,20260909
credential_stuffing,45,2026-01-06T21:00:00Z,baseline,unique_failed_accounts,32.0,complete,True,20260909
credential_stuffing,46,2026-01-06T22:00:00Z,baseline,unique_failed_accounts,34.0,complete,True,20260909
credential_stuffing,47,2026-01-06T23:00:00Z,baseline,unique_failed_accounts,29.0,complete,True,20260909
credential_stuffing,48,2026-01-07T00:00:00Z,target,unique_failed_accounts,30,complete,True,20260909
credential_stuffing,0,2026-01-05T00:00:00Z,baseline,unique_source_ips,215.0,complete,True,20260909
credential_stuffing,1,2026-01-05T01:00:00Z,baseline,unique_source_ips,174.0,complete,True,20260909
credential_stuffing,2,2026-01-05T02:00:00Z,baseline,unique_source_ips,206.0,complete,True,20260909
credential_stuffing,3,2026-01-05T03:00:00Z,baseline,unique_source_ips,181.0,complete,True,20260909
credential_stuffing,4,2026-01-05T04:00:00Z,baseline,unique_source_ips,222.0,complete,True,20260909
credential_stuffing,5,2026-01-05T05:00:00Z,baseline,unique_source_ips,208.0,complete,True,20260909
credential_stuffing,6,2026-01-05T06:00:00Z,baseline,unique_source_ips,185.0,complete,True,20260909
credential_stuffing,7,2026-01-05T07:00:00Z,baseline,unique_source_ips,226.0,complete,True,20260909
credential_stuffing,8,2026-01-05T08:00:00Z,baseline,unique_source_ips,279.0,complete,True,20260909
credential_stuffing,9,2026-01-05T09:00:00Z,baseline,unique_source_ips,264.0,complete,True,20260909
credential_stuffing,10,2026-01-05T10:00:00Z,baseline,unique_source_ips,283.0,complete,True,20260909
credential_stuffing,11,2026-01-05T11:00:00Z,baseline,unique_source_ips,277.0,complete,True,20260909
credential_stuffing,12,2026-01-05T12:00:00Z,baseline,unique_source_ips,314.0,complete,True,20260909
credential_stuffing,13,2026-01-05T13:00:00Z,baseline,unique_source_ips,276.0,complete,True,20260909
credential_stuffing,14,2026-01-05T14:00:00Z,baseline,unique_source_ips,335.0,complete,True,20260909
credential_stuffing,15,2026-01-05T15:00:00Z,baseline,unique_source_ips,318.0,complete,True,20260909
credential_stuffing,16,2026-01-05T16:00:00Z,baseline,unique_source_ips,277.0,complete,True,20260909
credential_stuffing,17,2026-01-05T17:00:00Z,baseline,unique_source_ips,306.0,complete,True,20260909
credential_stuffing,18,2026-01-05T18:00:00Z,baseline,unique_source_ips,291.0,complete,True,20260909
credential_stuffing,19,2026-01-05T19:00:00Z,baseline,unique_source_ips,281.0,complete,True,20260909
credential_stuffing,20,2026-01-05T20:00:00Z,baseline,unique_source_ips,253.0,complete,True,20260909
credential_stuffing,21,2026-01-05T21:00:00Z,baseline,unique_source_ips,255.0,complete,True,20260909
credential_stuffing,22,2026-01-05T22:00:00Z,baseline,unique_source_ips,217.0,complete,True,20260909
credential_stuffing,23,2026-01-05T23:00:00Z,baseline,unique_source_ips,205.0,complete,True,20260909
credential_stuffing,24,2026-01-06T00:00:00Z,baseline,unique_source_ips,238.0,complete,True,20260909
credential_stuffing,25,2026-01-06T01:00:00Z,baseline,unique_source_ips,170.0,complete,True,20260909
credential_stuffing,26,2026-01-06T02:00:00Z,baseline,unique_source_ips,183.0,complete,True,20260909
credential_stuffing,27,2026-01-06T03:00:00Z,baseline,unique_source_ips,204.0,complete,True,20260909
credential_stuffing,28,2026-01-06T04:00:00Z,baseline,unique_source_ips,218.0,complete,True,20260909
credential_stuffing,29,2026-01-06T05:00:00Z,baseline,unique_source_ips,206.0,complete,True,20260909
credential_stuffing,30,2026-01-06T06:00:00Z,baseline,unique_source_ips,209.0,complete,True,20260909
credential_stuffing,31,2026-01-06T07:00:00Z,baseline,unique_source_ips,260.0,complete,True,20260909
credential_stuffing,32,2026-01-06T08:00:00Z,baseline,unique_source_ips,281.0,complete,True,20260909
credential_stuffing,33,2026-01-06T09:00:00Z,baseline,unique_source_ips,247.0,complete,True,20260909
credential_stuffing,34,2026-01-06T10:00:00Z,baseline,unique_source_ips,307.0,complete,True,20260909
credential_stuffing,35,2026-01-06T11:00:00Z,baseline,unique_source_ips,299.0,complete,True,20260909
credential_stuffing,36,2026-01-06T12:00:00Z,baseline,unique_source_ips,240.0,complete,True,20260909
credential_stuffing,37,2026-01-06T13:00:00Z,baseline,unique_source_ips,324.0,complete,True,20260909
credential_stuffing,38,2026-01-06T14:00:00Z,baseline,unique_source_ips,268.0,complete,True,20260909
credential_stuffing,39,2026-01-06T15:00:00Z,baseline,unique_source_ips,312.0,complete,True,20260909
credential_stuffing,40,2026-01-06T16:00:00Z,baseline,unique_source_ips,313.0,complete,True,20260909
credential_stuffing,41,2026-01-06T17:00:00Z,baseline,unique_source_ips,280.0,complete,True,20260909
credential_stuffing,42,2026-01-06T18:00:00Z,baseline,unique_source_ips,265.0,complete,True,20260909
credential_stuffing,43,2026-01-06T19:00:00Z,baseline,unique_source_ips,259.0,complete,True,20260909
credential_stuffing,44,2026-01-06T20:00:00Z,baseline,unique_source_ips,230.0,complete,True,20260909
credential_stuffing,45,2026-01-06T21:00:00Z,baseline,unique_source_ips,192.0,complete,True,20260909
credential_stuffing,46,2026-01-06T22:00:00Z,baseline,unique_source_ips,219.0,complete,True,20260909
credential_stuffing,47,2026-01-06T23:00:00Z,baseline,unique_source_ips,237.0,complete,True,20260909
credential_stuffing,48,2026-01-07T00:00:00Z,target,unique_source_ips,975,complete,True,20260909
credential_stuffing,0,2026-01-05T00:00:00Z,baseline,successful_logins,892.0,complete,True,20260909
credential_stuffing,1,2026-01-05T01:00:00Z,baseline,successful_logins,903.0,complete,True,20260909
credential_stuffing,2,2026-01-05T02:00:00Z,baseline,successful_logins,851.0,complete,True,20260909
credential_stuffing,3,2026-01-05T03:00:00Z,baseline,successful_logins,902.0,complete,True,20260909
credential_stuffing,4,2026-01-05T04:00:00Z,baseline,successful_logins,1077.0,complete,True,20260909
credential_stuffing,5,2026-01-05T05:00:00Z,baseline,successful_logins,1081.0,complete,True,20260909
credential_stuffing,6,2026-01-05T06:00:00Z,baseline,successful_logins,1133.0,complete,True,20260909
credential_stuffing,7,2026-01-05T07:00:00Z,baseline,successful_logins,1355.0,complete,True,20260909
credential_stuffing,8,2026-01-05T08:00:00Z,baseline,successful_logins,1547.0,complete,True,20260909
credential_stuffing,9,2026-01-05T09:00:00Z,baseline,successful_logins,1785.0,complete,True,20260909
credential_stuffing,10,2026-01-05T10:00:00Z,baseline,successful_logins,1848.0,complete,True,20260909
credential_stuffing,11,2026-01-05T11:00:00Z,baseline,successful_logins,1926.0,complete,True,20260909
credential_stuffing,12,2026-01-05T12:00:00Z,baseline,successful_logins,2099.0,complete,True,20260909
credential_stuffing,13,2026-01-05T13:00:00Z,baseline,successful_logins,2117.0,complete,True,20260909
credential_stuffing,14,2026-01-05T14:00:00Z,baseline,successful_logins,1947.0,complete,True,20260909
credential_stuffing,15,2026-01-05T15:00:00Z,baseline,successful_logins,2032.0,complete,True,20260909
credential_stuffing,16,2026-01-05T16:00:00Z,baseline,successful_logins,2260.0,complete,True,20260909
credential_stuffing,17,2026-01-05T17:00:00Z,baseline,successful_logins,1782.0,complete,True,20260909
credential_stuffing,18,2026-01-05T18:00:00Z,baseline,successful_logins,1712.0,complete,True,20260909
credential_stuffing,19,2026-01-05T19:00:00Z,baseline,successful_logins,1697.0,complete,True,20260909
credential_stuffing,20,2026-01-05T20:00:00Z,baseline,successful_logins,1481.0,complete,True,20260909
credential_stuffing,21,2026-01-05T21:00:00Z,baseline,successful_logins,1309.0,complete,True,20260909
credential_stuffing,22,2026-01-05T22:00:00Z,baseline,successful_logins,1203.0,complete,True,20260909
credential_stuffing,23,2026-01-05T23:00:00Z,baseline,successful_logins,1100.0,complete,True,20260909
credential_stuffing,24,2026-01-06T00:00:00Z,baseline,successful_logins,948.0,complete,True,20260909
credential_stuffing,25,2026-01-06T01:00:00Z,baseline,successful_logins,972.0,complete,True,20260909
credential_stuffing,26,2026-01-06T02:00:00Z,baseline,successful_logins,922.0,complete,True,20260909
credential_stuffing,27,2026-01-06T03:00:00Z,baseline,successful_logins,836.0,complete,True,20260909
credential_stuffing,28,2026-01-06T04:00:00Z,baseline,successful_logins,1016.0,complete,True,20260909
credential_stuffing,29,2026-01-06T05:00:00Z,baseline,successful_logins,1062.0,complete,True,20260909
credential_stuffing,30,2026-01-06T06:00:00Z,baseline,successful_logins,1112.0,complete,True,20260909
credential_stuffing,31,2026-01-06T07:00:00Z,baseline,successful_logins,1407.0,complete,True,20260909
credential_stuffing,32,2026-01-06T08:00:00Z,baseline,successful_logins,1570.0,complete,True,20260909
credential_stuffing,33,2026-01-06T09:00:00Z,baseline,successful_logins,1662.0,complete,True,20260909
credential_stuffing,34,2026-01-06T10:00:00Z,baseline,successful_logins,1642.0,complete,True,20260909
credential_stuffing,35,2026-01-06T11:00:00Z,baseline,successful_logins,2125.0,complete,True,20260909
credential_stuffing,36,2026-01-06T12:00:00Z,baseline,successful_logins,2162.0,complete,True,20260909
credential_stuffing,37,2026-01-06T13:00:00Z,baseline,successful_logins,2174.0,complete,True,20260909
credential_stuffing,38,2026-01-06T14:00:00Z,baseline,successful_logins,2167.0,complete,True,20260909
credential_stuffing,39,2026-01-06T15:00:00Z,baseline,successful_logins,2076.0,complete,True,20260909
credential_stuffing,40,2026-01-06T16:00:00Z,baseline,successful_logins,2067.0,complete,True,20260909
credential_stuffing,41,2026-01-06T17:00:00Z,baseline,successful_logins,1751.0,complete,True,20260909
credential_stuffing,42,2026-01-06T18:00:00Z,baseline,successful_logins,1746.0,complete,True,20260909
credential_stuffing,43,2026-01-06T19:00:00Z,baseline,successful_logins,1652.0,complete,True,20260909
credential_stuffing,44,2026-01-06T20:00:00Z,baseline,successful_logins,1635.0,complete,True,20260909
credential_stuffing,45,2026-01-06T21:00:00Z,baseline,successful_logins,1451.0,complete,True,20260909
credential_stuffing,46,2026-01-06T22:00:00Z,baseline,successful_logins,1295.0,complete,True,20260909
credential_stuffing,47,2026-01-06T23:00:00Z,baseline,successful_logins,1213.0,complete,True,20260909
credential_stuffing,48,2026-01-07T00:00:00Z,target,successful_logins,1778,complete,True,20260909
credential_stuffing,0,2026-01-05T00:00:00Z,baseline,privileged_changes,1.0,complete,True,20260909
credential_stuffing,1,2026-01-05T01:00:00Z,baseline,privileged_changes,1.0,complete,True,20260909
credential_stuffing,2,2026-01-05T02:00:00Z,baseline,privileged_changes,1.0,complete,True,20260909
credential_stuffing,3,2026-01-05T03:00:00Z,baseline,privileged_changes,1.0,complete,True,20260909
credential_stuffing,4,2026-01-05T04:00:00Z,baseline,privileged_changes,1.0,complete,True,20260909
credential_stuffing,5,2026-01-05T05:00:00Z,baseline,privileged_changes,2.0,complete,True,20260909
credential_stuffing,6,2026-01-05T06:00:00Z,baseline,privileged_changes,2.0,complete,True,20260909
credential_stuffing,7,2026-01-05T07:00:00Z,baseline,privileged_changes,1.0,complete,True,20260909
credential_stuffing,8,2026-01-05T08:00:00Z,baseline,privileged_changes,2.0,complete,True,20260909
credential_stuffing,9,2026-01-05T09:00:00Z,baseline,privileged_changes,2.0,complete,True,20260909
credential_stuffing,10,2026-01-05T10:00:00Z,baseline,privileged_changes,2.0,complete,True,20260909
credential_stuffing,11,2026-01-05T11:00:00Z,baseline,privileged_changes,2.0,complete,True,20260909
credential_stuffing,12,2026-01-05T12:00:00Z,baseline,privileged_changes,2.0,complete,True,20260909
credential_stuffing,13,2026-01-05T13:00:00Z,baseline,privileged_changes,1.0,complete,True,20260909
credential_stuffing,14,2026-01-05T14:00:00Z,baseline,privileged_changes,2.0,complete,True,20260909
credential_stuffing,15,2026-01-05T15:00:00Z,baseline,privileged_changes,3.0,complete,True,20260909
credential_stuffing,16,2026-01-05T16:00:00Z,baseline,privileged_changes,2.0,complete,True,20260909
credential_stuffing,17,2026-01-05T17:00:00Z,baseline,privileged_changes,2.0,complete,True,20260909
credential_stuffing,18,2026-01-05T18:00:00Z,baseline,privileged_changes,2.0,complete,True,20260909
credential_stuffing,19,2026-01-05T19:00:00Z,baseline,privileged_changes,2.0,complete,True,20260909
credential_stuffing,20,2026-01-05T20:00:00Z,baseline,privileged_changes,2.0,complete,True,20260909
credential_stuffing,21,2026-01-05T21:00:00Z,baseline,privileged_changes,1.0,complete,True,20260909
credential_stuffing,22,2026-01-05T22:00:00Z,baseline,privileged_changes,2.0,complete,True,20260909
credential_stuffing,23,2026-01-05T23:00:00Z,baseline,privileged_changes,2.0,complete,True,20260909
credential_stuffing,24,2026-01-06T00:00:00Z,baseline,privileged_changes,1.0,complete,True,20260909
credential_stuffing,25,2026-01-06T01:00:00Z,baseline,privileged_changes,1.0,complete,True,20260909
credential_stuffing,26,2026-01-06T02:00:00Z,baseline,privileged_changes,2.0,complete,True,20260909
credential_stuffing,27,2026-01-06T03:00:00Z,baseline,privileged_changes,2.0,complete,True,20260909
credential_stuffing,28,2026-01-06T04:00:00Z,baseline,privileged_changes,1.0,complete,True,20260909
credential_stuffing,29,2026-01-06T05:00:00Z,baseline,privileged_changes,2.0,complete,True,20260909
credential_stuffing,30,2026-01-06T06:00:00Z,baseline,privileged_changes,2.0,complete,True,20260909
credential_stuffing,31,2026-01-06T07:00:00Z,baseline,privileged_changes,2.0,complete,True,20260909
credential_stuffing,32,2026-01-06T08:00:00Z,baseline,privileged_changes,2.0,complete,True,20260909
credential_stuffing,33,2026-01-06T09:00:00Z,baseline,privileged_changes,2.0,complete,True,20260909
credential_stuffing,34,2026-01-06T10:00:00Z,baseline,privileged_changes,1.0,complete,True,20260909
credential_stuffing,35,2026-01-06T11:00:00Z,baseline,privileged_changes,1.0,complete,True,20260909
credential_stuffing,36,2026-01-06T12:00:00Z,baseline,privileged_changes,3.0,complete,True,20260909
credential_stuffing,37,2026-01-06T13:00:00Z,baseline,privileged_changes,2.0,complete,True,20260909
credential_stuffing,38,2026-01-06T14:00:00Z,baseline,privileged_changes,2.0,complete,True,20260909
credential_stuffing,39,2026-01-06T15:00:00Z,baseline,privileged_changes,2.0,complete,True,20260909
credential_stuffing,40,2026-01-06T16:00:00Z,baseline,privileged_changes,2.0,complete,True,20260909
credential_stuffing,41,2026-01-06T17:00:00Z,baseline,privileged_changes,2.0,complete,True,20260909
credential_stuffing,42,2026-01-06T18:00:00Z,baseline,privileged_changes,1.0,complete,True,20260909
credential_stuffing,43,2026-01-06T19:00:00Z,baseline,privileged_changes,2.0,complete,True,20260909
credential_stuffing,44,2026-01-06T20:00:00Z,baseline,privileged_changes,1.0,complete,True,20260909
credential_stuffing,45,2026-01-06T21:00:00Z,baseline,privileged_changes,2.0,complete,True,20260909
credential_stuffing,46,2026-01-06T22:00:00Z,baseline,privileged_changes,2.0,complete,True,20260909
credential_stuffing,47,2026-01-06T23:00:00Z,baseline,privileged_changes,2.0,complete,True,20260909
credential_stuffing,48,2026-01-07T00:00:00Z,target,privileged_changes,2,complete,True,20260909
credential_stuffing,0,2026-01-05T00:00:00Z,baseline,outbound_mb,614.303,complete,True,20260909
credential_stuffing,1,2026-01-05T01:00:00Z,baseline,outbound_mb,586.831,complete,True,20260909
credential_stuffing,2,2026-01-05T02:00:00Z,baseline,outbound_mb,554.432,complete,True,20260909
credential_stuffing,3,2026-01-05T03:00:00Z,baseline,outbound_mb,488.581,complete,True,20260909
credential_stuffing,4,2026-01-05T04:00:00Z,baseline,outbound_mb,593.438,complete,True,20260909
credential_stuffing,5,2026-01-05T05:00:00Z,baseline,outbound_mb,673.269,complete,True,20260909
credential_stuffing,6,2026-01-05T06:00:00Z,baseline,outbound_mb,769.777,complete,True,20260909
credential_stuffing,7,2026-01-05T07:00:00Z,baseline,outbound_mb,753.459,complete,True,20260909
credential_stuffing,8,2026-01-05T08:00:00Z,baseline,outbound_mb,949.85,complete,True,20260909
credential_stuffing,9,2026-01-05T09:00:00Z,baseline,outbound_mb,947.353,complete,True,20260909
credential_stuffing,10,2026-01-05T10:00:00Z,baseline,outbound_mb,960.455,complete,True,20260909
credential_stuffing,11,2026-01-05T11:00:00Z,baseline,outbound_mb,1064.663,complete,True,20260909
credential_stuffing,12,2026-01-05T12:00:00Z,baseline,outbound_mb,1104.562,complete,True,20260909
credential_stuffing,13,2026-01-05T13:00:00Z,baseline,outbound_mb,1138.275,complete,True,20260909
credential_stuffing,14,2026-01-05T14:00:00Z,baseline,outbound_mb,1259.235,complete,True,20260909
credential_stuffing,15,2026-01-05T15:00:00Z,baseline,outbound_mb,1154.966,complete,True,20260909
credential_stuffing,16,2026-01-05T16:00:00Z,baseline,outbound_mb,1105.29,complete,True,20260909
credential_stuffing,17,2026-01-05T17:00:00Z,baseline,outbound_mb,985.014,complete,True,20260909
credential_stuffing,18,2026-01-05T18:00:00Z,baseline,outbound_mb,989.806,complete,True,20260909
credential_stuffing,19,2026-01-05T19:00:00Z,baseline,outbound_mb,1028.141,complete,True,20260909
credential_stuffing,20,2026-01-05T20:00:00Z,baseline,outbound_mb,909.513,complete,True,20260909
credential_stuffing,21,2026-01-05T21:00:00Z,baseline,outbound_mb,743.932,complete,True,20260909
credential_stuffing,22,2026-01-05T22:00:00Z,baseline,outbound_mb,649.975,complete,True,20260909
credential_stuffing,23,2026-01-05T23:00:00Z,baseline,outbound_mb,633.887,complete,True,20260909
credential_stuffing,24,2026-01-06T00:00:00Z,baseline,outbound_mb,583.409,complete,True,20260909
credential_stuffing,25,2026-01-06T01:00:00Z,baseline,outbound_mb,649.681,complete,True,20260909
credential_stuffing,26,2026-01-06T02:00:00Z,baseline,outbound_mb,494.886,complete,True,20260909
credential_stuffing,27,2026-01-06T03:00:00Z,baseline,outbound_mb,592.4,complete,True,20260909
credential_stuffing,28,2026-01-06T04:00:00Z,baseline,outbound_mb,606.072,complete,True,20260909
credential_stuffing,29,2026-01-06T05:00:00Z,baseline,outbound_mb,614.735,complete,True,20260909
credential_stuffing,30,2026-01-06T06:00:00Z,baseline,outbound_mb,715.793,complete,True,20260909
credential_stuffing,31,2026-01-06T07:00:00Z,baseline,outbound_mb,724.774,complete,True,20260909
credential_stuffing,32,2026-01-06T08:00:00Z,baseline,outbound_mb,926.795,complete,True,20260909
credential_stuffing,33,2026-01-06T09:00:00Z,baseline,outbound_mb,859.313,complete,True,20260909
credential_stuffing,34,2026-01-06T10:00:00Z,baseline,outbound_mb,1154.91,complete,True,20260909
credential_stuffing,35,2026-01-06T11:00:00Z,baseline,outbound_mb,1010.737,complete,True,20260909
credential_stuffing,36,2026-01-06T12:00:00Z,baseline,outbound_mb,1149.888,complete,True,20260909
credential_stuffing,37,2026-01-06T13:00:00Z,baseline,outbound_mb,1145.595,complete,True,20260909
credential_stuffing,38,2026-01-06T14:00:00Z,baseline,outbound_mb,1172.773,complete,True,20260909
credential_stuffing,39,2026-01-06T15:00:00Z,baseline,outbound_mb,1334.083,complete,True,20260909
credential_stuffing,40,2026-01-06T16:00:00Z,baseline,outbound_mb,1182.793,complete,True,20260909
credential_stuffing,41,2026-01-06T17:00:00Z,baseline,outbound_mb,995.828,complete,True,20260909
credential_stuffing,42,2026-01-06T18:00:00Z,baseline,outbound_mb,1156.408,complete,True,20260909
credential_stuffing,43,2026-01-06T19:00:00Z,baseline,outbound_mb,855.092,complete,True,20260909
credential_stuffing,44,2026-01-06T20:00:00Z,baseline,outbound_mb,812.905,complete,True,20260909
credential_stuffing,45,2026-01-06T21:00:00Z,baseline,outbound_mb,680.168,complete,True,20260909
credential_stuffing,46,2026-01-06T22:00:00Z,baseline,outbound_mb,705.95,complete,True,20260909
credential_stuffing,47,2026-01-06T23:00:00Z,baseline,outbound_mb,675.856,complete,True,20260909
credential_stuffing,48,2026-01-07T00:00:00Z,target,outbound_mb,594.034,complete,True,20260909
credential_stuffing,0,2026-01-05T00:00:00Z,baseline,api_5xx,14.0,complete,True,20260909
credential_stuffing,1,2026-01-05T01:00:00Z,baseline,api_5xx,15.0,complete,True,20260909
credential_stuffing,2,2026-01-05T02:00:00Z,baseline,api_5xx,12.0,complete,True,20260909
credential_stuffing,3,2026-01-05T03:00:00Z,baseline,api_5xx,13.0,complete,True,20260909
credential_stuffing,4,2026-01-05T04:00:00Z,baseline,api_5xx,12.0,complete,True,20260909
credential_stuffing,5,2026-01-05T05:00:00Z,baseline,api_5xx,8.0,complete,True,20260909
credential_stuffing,6,2026-01-05T06:00:00Z,baseline,api_5xx,15.0,complete,True,20260909
credential_stuffing,7,2026-01-05T07:00:00Z,baseline,api_5xx,19.0,complete,True,20260909
credential_stuffing,8,2026-01-05T08:00:00Z,baseline,api_5xx,20.0,complete,True,20260909
credential_stuffing,9,2026-01-05T09:00:00Z,baseline,api_5xx,24.0,complete,True,20260909
credential_stuffing,10,2026-01-05T10:00:00Z,baseline,api_5xx,22.0,complete,True,20260909
credential_stuffing,11,2026-01-05T11:00:00Z,baseline,api_5xx,22.0,complete,True,20260909
credential_stuffing,12,2026-01-05T12:00:00Z,baseline,api_5xx,23.0,complete,True,20260909
credential_stuffing,13,2026-01-05T13:00:00Z,baseline,api_5xx,24.0,complete,True,20260909
credential_stuffing,14,2026-01-05T14:00:00Z,baseline,api_5xx,27.0,complete,True,20260909
credential_stuffing,15,2026-01-05T15:00:00Z,baseline,api_5xx,30.0,complete,True,20260909
credential_stuffing,16,2026-01-05T16:00:00Z,baseline,api_5xx,29.0,complete,True,20260909
credential_stuffing,17,2026-01-05T17:00:00Z,baseline,api_5xx,23.0,complete,True,20260909
credential_stuffing,18,2026-01-05T18:00:00Z,baseline,api_5xx,15.0,complete,True,20260909
credential_stuffing,19,2026-01-05T19:00:00Z,baseline,api_5xx,23.0,complete,True,20260909
credential_stuffing,20,2026-01-05T20:00:00Z,baseline,api_5xx,16.0,complete,True,20260909
credential_stuffing,21,2026-01-05T21:00:00Z,baseline,api_5xx,20.0,complete,True,20260909
credential_stuffing,22,2026-01-05T22:00:00Z,baseline,api_5xx,13.0,complete,True,20260909
credential_stuffing,23,2026-01-05T23:00:00Z,baseline,api_5xx,15.0,complete,True,20260909
credential_stuffing,24,2026-01-06T00:00:00Z,baseline,api_5xx,11.0,complete,True,20260909
credential_stuffing,25,2026-01-06T01:00:00Z,baseline,api_5xx,14.0,complete,True,20260909
credential_stuffing,26,2026-01-06T02:00:00Z,baseline,api_5xx,11.0,complete,True,20260909
credential_stuffing,27,2026-01-06T03:00:00Z,baseline,api_5xx,15.0,complete,True,20260909
credential_stuffing,28,2026-01-06T04:00:00Z,baseline,api_5xx,12.0,complete,True,20260909
credential_stuffing,29,2026-01-06T05:00:00Z,baseline,api_5xx,14.0,complete,True,20260909
credential_stuffing,30,2026-01-06T06:00:00Z,baseline,api_5xx,18.0,complete,True,20260909
credential_stuffing,31,2026-01-06T07:00:00Z,baseline,api_5xx,17.0,complete,True,20260909
credential_stuffing,32,2026-01-06T08:00:00Z,baseline,api_5xx,19.0,complete,True,20260909
credential_stuffing,33,2026-01-06T09:00:00Z,baseline,api_5xx,17.0,complete,True,20260909
credential_stuffing,34,2026-01-06T10:00:00Z,baseline,api_5xx,26.0,complete,True,20260909
credential_stuffing,35,2026-01-06T11:00:00Z,baseline,api_5xx,17.0,complete,True,20260909
credential_stuffing,36,2026-01-06T12:00:00Z,baseline,api_5xx,24.0,complete,True,20260909
credential_stuffing,37,2026-01-06T13:00:00Z,baseline,api_5xx,21.0,complete,True,20260909
credential_stuffing,38,2026-01-06T14:00:00Z,baseline,api_5xx,25.0,complete,True,20260909
credential_stuffing,39,2026-01-06T15:00:00Z,baseline,api_5xx,22.0,complete,True,20260909
credential_stuffing,40,2026-01-06T16:00:00Z,baseline,api_5xx,24.0,complete,True,20260909
credential_stuffing,41,2026-01-06T17:00:00Z,baseline,api_5xx,24.0,complete,True,20260909
credential_stuffing,42,2026-01-06T18:00:00Z,baseline,api_5xx,24.0,complete,True,20260909
credential_stuffing,43,2026-01-06T19:00:00Z,baseline,api_5xx,21.0,complete,True,20260909
credential_stuffing,44,2026-01-06T20:00:00Z,baseline,api_5xx,16.0,complete,True,20260909
credential_stuffing,45,2026-01-06T21:00:00Z,baseline,api_5xx,16.0,complete,True,20260909
credential_stuffing,46,2026-01-06T22:00:00Z,baseline,api_5xx,19.0,complete,True,20260909
credential_stuffing,47,2026-01-06T23:00:00Z,baseline,api_5xx,13.0,complete,True,20260909
credential_stuffing,48,2026-01-07T00:00:00Z,target,api_5xx,14,complete,True,20260909
credential_stuffing,0,2026-01-05T00:00:00Z,baseline,endpoint_alerts,4.0,complete,True,20260909
credential_stuffing,1,2026-01-05T01:00:00Z,baseline,endpoint_alerts,3.0,complete,True,20260909
credential_stuffing,2,2026-01-05T02:00:00Z,baseline,endpoint_alerts,5.0,complete,True,20260909
credential_stuffing,3,2026-01-05T03:00:00Z,baseline,endpoint_alerts,4.0,complete,True,20260909
credential_stuffing,4,2026-01-05T04:00:00Z,baseline,endpoint_alerts,5.0,complete,True,20260909
credential_stuffing,5,2026-01-05T05:00:00Z,baseline,endpoint_alerts,6.0,complete,True,20260909
credential_stuffing,6,2026-01-05T06:00:00Z,baseline,endpoint_alerts,3.0,complete,True,20260909
credential_stuffing,7,2026-01-05T07:00:00Z,baseline,endpoint_alerts,4.0,complete,True,20260909
credential_stuffing,8,2026-01-05T08:00:00Z,baseline,endpoint_alerts,6.0,complete,True,20260909
credential_stuffing,9,2026-01-05T09:00:00Z,baseline,endpoint_alerts,4.0,complete,True,20260909
credential_stuffing,10,2026-01-05T10:00:00Z,baseline,endpoint_alerts,4.0,complete,True,20260909
credential_stuffing,11,2026-01-05T11:00:00Z,baseline,endpoint_alerts,2.0,complete,True,20260909
credential_stuffing,12,2026-01-05T12:00:00Z,baseline,endpoint_alerts,6.0,complete,True,20260909
credential_stuffing,13,2026-01-05T13:00:00Z,baseline,endpoint_alerts,5.0,complete,True,20260909
credential_stuffing,14,2026-01-05T14:00:00Z,baseline,endpoint_alerts,5.0,complete,True,20260909
credential_stuffing,15,2026-01-05T15:00:00Z,baseline,endpoint_alerts,4.0,complete,True,20260909
credential_stuffing,16,2026-01-05T16:00:00Z,baseline,endpoint_alerts,5.0,complete,True,20260909
credential_stuffing,17,2026-01-05T17:00:00Z,baseline,endpoint_alerts,5.0,complete,True,20260909
credential_stuffing,18,2026-01-05T18:00:00Z,baseline,endpoint_alerts,6.0,complete,True,20260909
credential_stuffing,19,2026-01-05T19:00:00Z,baseline,endpoint_alerts,4.0,complete,True,20260909
credential_stuffing,20,2026-01-05T20:00:00Z,baseline,endpoint_alerts,4.0,complete,True,20260909
credential_stuffing,21,2026-01-05T21:00:00Z,baseline,endpoint_alerts,5.0,complete,True,20260909
credential_stuffing,22,2026-01-05T22:00:00Z,baseline,endpoint_alerts,3.0,complete,True,20260909
credential_stuffing,23,2026-01-05T23:00:00Z,baseline,endpoint_alerts,3.0,complete,True,20260909
credential_stuffing,24,2026-01-06T00:00:00Z,baseline,endpoint_alerts,4.0,complete,True,20260909
credential_stuffing,25,2026-01-06T01:00:00Z,baseline,endpoint_alerts,4.0,complete,True,20260909
credential_stuffing,26,2026-01-06T02:00:00Z,baseline,endpoint_alerts,6.0,complete,True,20260909
credential_stuffing,27,2026-01-06T03:00:00Z,baseline,endpoint_alerts,4.0,complete,True,20260909
credential_stuffing,28,2026-01-06T04:00:00Z,baseline,endpoint_alerts,7.0,complete,True,20260909
credential_stuffing,29,2026-01-06T05:00:00Z,baseline,endpoint_alerts,3.0,complete,True,20260909
credential_stuffing,30,2026-01-06T06:00:00Z,baseline,endpoint_alerts,4.0,complete,True,20260909
credential_stuffing,31,2026-01-06T07:00:00Z,baseline,endpoint_alerts,4.0,complete,True,20260909
credential_stuffing,32,2026-01-06T08:00:00Z,baseline,endpoint_alerts,2.0,complete,True,20260909
credential_stuffing,33,2026-01-06T09:00:00Z,baseline,endpoint_alerts,5.0,complete,True,20260909
credential_stuffing,34,2026-01-06T10:00:00Z,baseline,endpoint_alerts,5.0,complete,True,20260909
credential_stuffing,35,2026-01-06T11:00:00Z,baseline,endpoint_alerts,6.0,complete,True,20260909
credential_stuffing,36,2026-01-06T12:00:00Z,baseline,endpoint_alerts,5.0,complete,True,20260909
credential_stuffing,37,2026-01-06T13:00:00Z,baseline,endpoint_alerts,4.0,complete,True,20260909
credential_stuffing,38,2026-01-06T14:00:00Z,baseline,endpoint_alerts,5.0,complete,True,20260909
credential_stuffing,39,2026-01-06T15:00:00Z,baseline,endpoint_alerts,5.0,complete,True,20260909
credential_stuffing,40,2026-01-06T16:00:00Z,baseline,endpoint_alerts,5.0,complete,True,20260909
credential_stuffing,41,2026-01-06T17:00:00Z,baseline,endpoint_alerts,4.0,complete,True,20260909
credential_stuffing,42,2026-01-06T18:00:00Z,baseline,endpoint_alerts,6.0,complete,True,20260909
credential_stuffing,43,2026-01-06T19:00:00Z,baseline,endpoint_alerts,5.0,complete,True,20260909
credential_stuffing,44,2026-01-06T20:00:00Z,baseline,endpoint_alerts,5.0,complete,True,20260909
credential_stuffing,45,2026-01-06T21:00:00Z,baseline,endpoint_alerts,5.0,complete,True,20260909
credential_stuffing,46,2026-01-06T22:00:00Z,baseline,endpoint_alerts,5.0,complete,True,20260909
credential_stuffing,47,2026-01-06T23:00:00Z,baseline,endpoint_alerts,5.0,complete,True,20260909
credential_stuffing,48,2026-01-07T00:00:00Z,target,endpoint_alerts,3,complete,True,20260909
credential_stuffing,0,2026-01-05T00:00:00Z,baseline,file_rename_events,36.0,complete,True,20260909
credential_stuffing,1,2026-01-05T01:00:00Z,baseline,file_rename_events,34.0,complete,True,20260909
credential_stuffing,2,2026-01-05T02:00:00Z,baseline,file_rename_events,34.0,complete,True,20260909
credential_stuffing,3,2026-01-05T03:00:00Z,baseline,file_rename_events,34.0,complete,True,20260909
credential_stuffing,4,2026-01-05T04:00:00Z,baseline,file_rename_events,30.0,complete,True,20260909
credential_stuffing,5,2026-01-05T05:00:00Z,baseline,file_rename_events,38.0,complete,True,20260909
credential_stuffing,6,2026-01-05T06:00:00Z,baseline,file_rename_events,40.0,complete,True,20260909
credential_stuffing,7,2026-01-05T07:00:00Z,baseline,file_rename_events,29.0,complete,True,20260909
credential_stuffing,8,2026-01-05T08:00:00Z,baseline,file_rename_events,42.0,complete,True,20260909
credential_stuffing,9,2026-01-05T09:00:00Z,baseline,file_rename_events,42.0,complete,True,20260909
credential_stuffing,10,2026-01-05T10:00:00Z,baseline,file_rename_events,40.0,complete,True,20260909
credential_stuffing,11,2026-01-05T11:00:00Z,baseline,file_rename_events,38.0,complete,True,20260909
credential_stuffing,12,2026-01-05T12:00:00Z,baseline,file_rename_events,40.0,complete,True,20260909
credential_stuffing,13,2026-01-05T13:00:00Z,baseline,file_rename_events,44.0,complete,True,20260909
credential_stuffing,14,2026-01-05T14:00:00Z,baseline,file_rename_events,55.0,complete,True,20260909
credential_stuffing,15,2026-01-05T15:00:00Z,baseline,file_rename_events,50.0,complete,True,20260909
credential_stuffing,16,2026-01-05T16:00:00Z,baseline,file_rename_events,43.0,complete,True,20260909
credential_stuffing,17,2026-01-05T17:00:00Z,baseline,file_rename_events,55.0,complete,True,20260909
credential_stuffing,18,2026-01-05T18:00:00Z,baseline,file_rename_events,41.0,complete,True,20260909
credential_stuffing,19,2026-01-05T19:00:00Z,baseline,file_rename_events,44.0,complete,True,20260909
credential_stuffing,20,2026-01-05T20:00:00Z,baseline,file_rename_events,41.0,complete,True,20260909
credential_stuffing,21,2026-01-05T21:00:00Z,baseline,file_rename_events,35.0,complete,True,20260909
credential_stuffing,22,2026-01-05T22:00:00Z,baseline,file_rename_events,30.0,complete,True,20260909
credential_stuffing,23,2026-01-05T23:00:00Z,baseline,file_rename_events,33.0,complete,True,20260909
credential_stuffing,24,2026-01-06T00:00:00Z,baseline,file_rename_events,34.0,complete,True,20260909
credential_stuffing,25,2026-01-06T01:00:00Z,baseline,file_rename_events,32.0,complete,True,20260909
credential_stuffing,26,2026-01-06T02:00:00Z,baseline,file_rename_events,35.0,complete,True,20260909
credential_stuffing,27,2026-01-06T03:00:00Z,baseline,file_rename_events,27.0,complete,True,20260909
credential_stuffing,28,2026-01-06T04:00:00Z,baseline,file_rename_events,35.0,complete,True,20260909
credential_stuffing,29,2026-01-06T05:00:00Z,baseline,file_rename_events,38.0,complete,True,20260909
credential_stuffing,30,2026-01-06T06:00:00Z,baseline,file_rename_events,38.0,complete,True,20260909
credential_stuffing,31,2026-01-06T07:00:00Z,baseline,file_rename_events,34.0,complete,True,20260909
credential_stuffing,32,2026-01-06T08:00:00Z,baseline,file_rename_events,41.0,complete,True,20260909
credential_stuffing,33,2026-01-06T09:00:00Z,baseline,file_rename_events,48.0,complete,True,20260909
credential_stuffing,34,2026-01-06T10:00:00Z,baseline,file_rename_events,51.0,complete,True,20260909
credential_stuffing,35,2026-01-06T11:00:00Z,baseline,file_rename_events,37.0,complete,True,20260909
credential_stuffing,36,2026-01-06T12:00:00Z,baseline,file_rename_events,41.0,complete,True,20260909
credential_stuffing,37,2026-01-06T13:00:00Z,baseline,file_rename_events,52.0,complete,True,20260909
credential_stuffing,38,2026-01-06T14:00:00Z,baseline,file_rename_events,52.0,complete,True,20260909
credential_stuffing,39,2026-01-06T15:00:00Z,baseline,file_rename_events,54.0,complete,True,20260909
credential_stuffing,40,2026-01-06T16:00:00Z,baseline,file_rename_events,46.0,complete,True,20260909
credential_stuffing,41,2026-01-06T17:00:00Z,baseline,file_rename_events,54.0,complete,True,20260909
credential_stuffing,42,2026-01-06T18:00:00Z,baseline,file_rename_events,44.0,complete,True,20260909
credential_stuffing,43,2026-01-06T19:00:00Z,baseline,file_rename_events,45.0,complete,True,20260909
credential_stuffing,44,2026-01-06T20:00:00Z,baseline,file_rename_events,30.0,complete,True,20260909
credential_stuffing,45,2026-01-06T21:00:00Z,baseline,file_rename_events,50.0,complete,True,20260909
credential_stuffing,46,2026-01-06T22:00:00Z,baseline,file_rename_events,36.0,complete,True,20260909
credential_stuffing,47,2026-01-06T23:00:00Z,baseline,file_rename_events,36.0,complete,True,20260909
credential_stuffing,48,2026-01-07T00:00:00Z,target,file_rename_events,29,complete,True,20260909
credential_stuffing,0,2026-01-05T00:00:00Z,baseline,inbound_requests,28645.0,complete,True,20260909
credential_stuffing,1,2026-01-05T01:00:00Z,baseline,inbound_requests,27158.0,complete,True,20260909
credential_stuffing,2,2026-01-05T02:00:00Z,baseline,inbound_requests,28911.0,complete,True,20260909
credential_stuffing,3,2026-01-05T03:00:00Z,baseline,inbound_requests,26973.0,complete,True,20260909
credential_stuffing,4,2026-01-05T04:00:00Z,baseline,inbound_requests,28391.0,complete,True,20260909
credential_stuffing,5,2026-01-05T05:00:00Z,baseline,inbound_requests,33791.0,complete,True,20260909
credential_stuffing,6,2026-01-05T06:00:00Z,baseline,inbound_requests,36818.0,complete,True,20260909
credential_stuffing,7,2026-01-05T07:00:00Z,baseline,inbound_requests,43195.0,complete,True,20260909
credential_stuffing,8,2026-01-05T08:00:00Z,baseline,inbound_requests,50523.0,complete,True,20260909
credential_stuffing,9,2026-01-05T09:00:00Z,baseline,inbound_requests,56254.0,complete,True,20260909
credential_stuffing,10,2026-01-05T10:00:00Z,baseline,inbound_requests,52494.0,complete,True,20260909
credential_stuffing,11,2026-01-05T11:00:00Z,baseline,inbound_requests,62456.0,complete,True,20260909
credential_stuffing,12,2026-01-05T12:00:00Z,baseline,inbound_requests,71726.0,complete,True,20260909
credential_stuffing,13,2026-01-05T13:00:00Z,baseline,inbound_requests,72224.0,complete,True,20260909
credential_stuffing,14,2026-01-05T14:00:00Z,baseline,inbound_requests,74726.0,complete,True,20260909
credential_stuffing,15,2026-01-05T15:00:00Z,baseline,inbound_requests,72542.0,complete,True,20260909
credential_stuffing,16,2026-01-05T16:00:00Z,baseline,inbound_requests,68739.0,complete,True,20260909
credential_stuffing,17,2026-01-05T17:00:00Z,baseline,inbound_requests,65687.0,complete,True,20260909
credential_stuffing,18,2026-01-05T18:00:00Z,baseline,inbound_requests,58548.0,complete,True,20260909
credential_stuffing,19,2026-01-05T19:00:00Z,baseline,inbound_requests,54159.0,complete,True,20260909
credential_stuffing,20,2026-01-05T20:00:00Z,baseline,inbound_requests,46851.0,complete,True,20260909
credential_stuffing,21,2026-01-05T21:00:00Z,baseline,inbound_requests,45202.0,complete,True,20260909
credential_stuffing,22,2026-01-05T22:00:00Z,baseline,inbound_requests,40228.0,complete,True,20260909
credential_stuffing,23,2026-01-05T23:00:00Z,baseline,inbound_requests,35213.0,complete,True,20260909
credential_stuffing,24,2026-01-06T00:00:00Z,baseline,inbound_requests,29903.0,complete,True,20260909
credential_stuffing,25,2026-01-06T01:00:00Z,baseline,inbound_requests,28605.0,complete,True,20260909
credential_stuffing,26,2026-01-06T02:00:00Z,baseline,inbound_requests,26062.0,complete,True,20260909
credential_stuffing,27,2026-01-06T03:00:00Z,baseline,inbound_requests,30516.0,complete,True,20260909
credential_stuffing,28,2026-01-06T04:00:00Z,baseline,inbound_requests,28000.0,complete,True,20260909
credential_stuffing,29,2026-01-06T05:00:00Z,baseline,inbound_requests,32832.0,complete,True,20260909
credential_stuffing,30,2026-01-06T06:00:00Z,baseline,inbound_requests,39743.0,complete,True,20260909
credential_stuffing,31,2026-01-06T07:00:00Z,baseline,inbound_requests,45365.0,complete,True,20260909
credential_stuffing,32,2026-01-06T08:00:00Z,baseline,inbound_requests,53794.0,complete,True,20260909
credential_stuffing,33,2026-01-06T09:00:00Z,baseline,inbound_requests,53659.0,complete,True,20260909
credential_stuffing,34,2026-01-06T10:00:00Z,baseline,inbound_requests,60323.0,complete,True,20260909
credential_stuffing,35,2026-01-06T11:00:00Z,baseline,inbound_requests,72746.0,complete,True,20260909
credential_stuffing,36,2026-01-06T12:00:00Z,baseline,inbound_requests,69079.0,complete,True,20260909
credential_stuffing,37,2026-01-06T13:00:00Z,baseline,inbound_requests,69910.0,complete,True,20260909
credential_stuffing,38,2026-01-06T14:00:00Z,baseline,inbound_requests,74881.0,complete,True,20260909
credential_stuffing,39,2026-01-06T15:00:00Z,baseline,inbound_requests,75133.0,complete,True,20260909
credential_stuffing,40,2026-01-06T16:00:00Z,baseline,inbound_requests,66379.0,complete,True,20260909
credential_stuffing,41,2026-01-06T17:00:00Z,baseline,inbound_requests,69872.0,complete,True,20260909
credential_stuffing,42,2026-01-06T18:00:00Z,baseline,inbound_requests,60714.0,complete,True,20260909
credential_stuffing,43,2026-01-06T19:00:00Z,baseline,inbound_requests,53121.0,complete,True,20260909
credential_stuffing,44,2026-01-06T20:00:00Z,baseline,inbound_requests,53670.0,complete,True,20260909
credential_stuffing,45,2026-01-06T21:00:00Z,baseline,inbound_requests,45023.0,complete,True,20260909
credential_stuffing,46,2026-01-06T22:00:00Z,baseline,inbound_requests,39955.0,complete,True,20260909
credential_stuffing,47,2026-01-06T23:00:00Z,baseline,inbound_requests,35546.0,complete,True,20260909
credential_stuffing,48,2026-01-07T00:00:00Z,target,inbound_requests,31563,complete,True,20260909
ddos_burst,0,2026-01-05T00:00:00Z,baseline,auth_failures,91.0,complete,True,20260910
ddos_burst,1,2026-01-05T01:00:00Z,baseline,auth_failures,90.0,complete,True,20260910
ddos_burst,2,2026-01-05T02:00:00Z,baseline,auth_failures,87.0,complete,True,20260910
ddos_burst,3,2026-01-05T03:00:00Z,baseline,auth_failures,87.0,complete,True,20260910
ddos_burst,4,2026-01-05T04:00:00Z,baseline,auth_failures,96.0,complete,True,20260910
ddos_burst,5,2026-01-05T05:00:00Z,baseline,auth_failures,104.0,complete,True,20260910
ddos_burst,6,2026-01-05T06:00:00Z,baseline,auth_failures,86.0,complete,True,20260910
ddos_burst,7,2026-01-05T07:00:00Z,baseline,auth_failures,112.0,complete,True,20260910
ddos_burst,8,2026-01-05T08:00:00Z,baseline,auth_failures,114.0,complete,True,20260910
ddos_burst,9,2026-01-05T09:00:00Z,baseline,auth_failures,138.0,complete,True,20260910
ddos_burst,10,2026-01-05T10:00:00Z,baseline,auth_failures,142.0,complete,True,20260910
ddos_burst,11,2026-01-05T11:00:00Z,baseline,auth_failures,129.0,complete,True,20260910
ddos_burst,12,2026-01-05T12:00:00Z,baseline,auth_failures,160.0,complete,True,20260910
ddos_burst,13,2026-01-05T13:00:00Z,baseline,auth_failures,158.0,complete,True,20260910
ddos_burst,14,2026-01-05T14:00:00Z,baseline,auth_failures,185.0,complete,True,20260910
ddos_burst,15,2026-01-05T15:00:00Z,baseline,auth_failures,147.0,complete,True,20260910
ddos_burst,16,2026-01-05T16:00:00Z,baseline,auth_failures,165.0,complete,True,20260910
ddos_burst,17,2026-01-05T17:00:00Z,baseline,auth_failures,161.0,complete,True,20260910
ddos_burst,18,2026-01-05T18:00:00Z,baseline,auth_failures,142.0,complete,True,20260910
ddos_burst,19,2026-01-05T19:00:00Z,baseline,auth_failures,116.0,complete,True,20260910
ddos_burst,20,2026-01-05T20:00:00Z,baseline,auth_failures,141.0,complete,True,20260910
ddos_burst,21,2026-01-05T21:00:00Z,baseline,auth_failures,112.0,complete,True,20260910
ddos_burst,22,2026-01-05T22:00:00Z,baseline,auth_failures,107.0,complete,True,20260910
ddos_burst,23,2026-01-05T23:00:00Z,baseline,auth_failures,87.0,complete,True,20260910
ddos_burst,24,2026-01-06T00:00:00Z,baseline,auth_failures,91.0,complete,True,20260910
ddos_burst,25,2026-01-06T01:00:00Z,baseline,auth_failures,78.0,complete,True,20260910
ddos_burst,26,2026-01-06T02:00:00Z,baseline,auth_failures,93.0,complete,True,20260910
ddos_burst,27,2026-01-06T03:00:00Z,baseline,auth_failures,89.0,complete,True,20260910
ddos_burst,28,2026-01-06T04:00:00Z,baseline,auth_failures,91.0,complete,True,20260910
ddos_burst,29,2026-01-06T05:00:00Z,baseline,auth_failures,86.0,complete,True,20260910
ddos_burst,30,2026-01-06T06:00:00Z,baseline,auth_failures,102.0,complete,True,20260910
ddos_burst,31,2026-01-06T07:00:00Z,baseline,auth_failures,114.0,complete,True,20260910
ddos_burst,32,2026-01-06T08:00:00Z,baseline,auth_failures,137.0,complete,True,20260910
ddos_burst,33,2026-01-06T09:00:00Z,baseline,auth_failures,120.0,complete,True,20260910
ddos_burst,34,2026-01-06T10:00:00Z,baseline,auth_failures,168.0,complete,True,20260910
ddos_burst,35,2026-01-06T11:00:00Z,baseline,auth_failures,184.0,complete,True,20260910
ddos_burst,36,2026-01-06T12:00:00Z,baseline,auth_failures,160.0,complete,True,20260910
ddos_burst,37,2026-01-06T13:00:00Z,baseline,auth_failures,156.0,complete,True,20260910
ddos_burst,38,2026-01-06T14:00:00Z,baseline,auth_failures,177.0,complete,True,20260910
ddos_burst,39,2026-01-06T15:00:00Z,baseline,auth_failures,153.0,complete,True,20260910
ddos_burst,40,2026-01-06T16:00:00Z,baseline,auth_failures,147.0,complete,True,20260910
ddos_burst,41,2026-01-06T17:00:00Z,baseline,auth_failures,172.0,complete,True,20260910
ddos_burst,42,2026-01-06T18:00:00Z,baseline,auth_failures,157.0,complete,True,20260910
ddos_burst,43,2026-01-06T19:00:00Z,baseline,auth_failures,153.0,complete,True,20260910
ddos_burst,44,2026-01-06T20:00:00Z,baseline,auth_failures,136.0,complete,True,20260910
ddos_burst,45,2026-01-06T21:00:00Z,baseline,auth_failures,130.0,complete,True,20260910
ddos_burst,46,2026-01-06T22:00:00Z,baseline,auth_failures,96.0,complete,True,20260910
ddos_burst,47,2026-01-06T23:00:00Z,baseline,auth_failures,91.0,complete,True,20260910
ddos_burst,48,2026-01-07T00:00:00Z,target,auth_failures,91,complete,True,20260910
ddos_burst,0,2026-01-05T00:00:00Z,baseline,unique_failed_accounts,26.0,complete,True,20260910
ddos_burst,1,2026-01-05T01:00:00Z,baseline,unique_failed_accounts,24.0,complete,True,20260910
ddos_burst,2,2026-01-05T02:00:00Z,baseline,unique_failed_accounts,27.0,complete,True,20260910
ddos_burst,3,2026-01-05T03:00:00Z,baseline,unique_failed_accounts,27.0,complete,True,20260910
ddos_burst,4,2026-01-05T04:00:00Z,baseline,unique_failed_accounts,24.0,complete,True,20260910
ddos_burst,5,2026-01-05T05:00:00Z,baseline,unique_failed_accounts,26.0,complete,True,20260910
ddos_burst,6,2026-01-05T06:00:00Z,baseline,unique_failed_accounts,31.0,complete,True,20260910
ddos_burst,7,2026-01-05T07:00:00Z,baseline,unique_failed_accounts,26.0,complete,True,20260910
ddos_burst,8,2026-01-05T08:00:00Z,baseline,unique_failed_accounts,38.0,complete,True,20260910
ddos_burst,9,2026-01-05T09:00:00Z,baseline,unique_failed_accounts,38.0,complete,True,20260910
ddos_burst,10,2026-01-05T10:00:00Z,baseline,unique_failed_accounts,36.0,complete,True,20260910
ddos_burst,11,2026-01-05T11:00:00Z,baseline,unique_failed_accounts,44.0,complete,True,20260910
ddos_burst,12,2026-01-05T12:00:00Z,baseline,unique_failed_accounts,37.0,complete,True,20260910
ddos_burst,13,2026-01-05T13:00:00Z,baseline,unique_failed_accounts,36.0,complete,True,20260910
ddos_burst,14,2026-01-05T14:00:00Z,baseline,unique_failed_accounts,45.0,complete,True,20260910
ddos_burst,15,2026-01-05T15:00:00Z,baseline,unique_failed_accounts,37.0,complete,True,20260910
ddos_burst,16,2026-01-05T16:00:00Z,baseline,unique_failed_accounts,37.0,complete,True,20260910
ddos_burst,17,2026-01-05T17:00:00Z,baseline,unique_failed_accounts,43.0,complete,True,20260910
ddos_burst,18,2026-01-05T18:00:00Z,baseline,unique_failed_accounts,41.0,complete,True,20260910
ddos_burst,19,2026-01-05T19:00:00Z,baseline,unique_failed_accounts,38.0,complete,True,20260910
ddos_burst,20,2026-01-05T20:00:00Z,baseline,unique_failed_accounts,35.0,complete,True,20260910
ddos_burst,21,2026-01-05T21:00:00Z,baseline,unique_failed_accounts,32.0,complete,True,20260910
ddos_burst,22,2026-01-05T22:00:00Z,baseline,unique_failed_accounts,30.0,complete,True,20260910
ddos_burst,23,2026-01-05T23:00:00Z,baseline,unique_failed_accounts,30.0,complete,True,20260910
ddos_burst,24,2026-01-06T00:00:00Z,baseline,unique_failed_accounts,26.0,complete,True,20260910
ddos_burst,25,2026-01-06T01:00:00Z,baseline,unique_failed_accounts,25.0,complete,True,20260910
ddos_burst,26,2026-01-06T02:00:00Z,baseline,unique_failed_accounts,29.0,complete,True,20260910
ddos_burst,27,2026-01-06T03:00:00Z,baseline,unique_failed_accounts,27.0,complete,True,20260910
ddos_burst,28,2026-01-06T04:00:00Z,baseline,unique_failed_accounts,23.0,complete,True,20260910
ddos_burst,29,2026-01-06T05:00:00Z,baseline,unique_failed_accounts,30.0,complete,True,20260910
ddos_burst,30,2026-01-06T06:00:00Z,baseline,unique_failed_accounts,31.0,complete,True,20260910
ddos_burst,31,2026-01-06T07:00:00Z,baseline,unique_failed_accounts,35.0,complete,True,20260910
ddos_burst,32,2026-01-06T08:00:00Z,baseline,unique_failed_accounts,32.0,complete,True,20260910
ddos_burst,33,2026-01-06T09:00:00Z,baseline,unique_failed_accounts,37.0,complete,True,20260910
ddos_burst,34,2026-01-06T10:00:00Z,baseline,unique_failed_accounts,39.0,complete,True,20260910
ddos_burst,35,2026-01-06T11:00:00Z,baseline,unique_failed_accounts,44.0,complete,True,20260910
ddos_burst,36,2026-01-06T12:00:00Z,baseline,unique_failed_accounts,46.0,complete,True,20260910
ddos_burst,37,2026-01-06T13:00:00Z,baseline,unique_failed_accounts,48.0,complete,True,20260910
ddos_burst,38,2026-01-06T14:00:00Z,baseline,unique_failed_accounts,47.0,complete,True,20260910
ddos_burst,39,2026-01-06T15:00:00Z,baseline,unique_failed_accounts,43.0,complete,True,20260910
ddos_burst,40,2026-01-06T16:00:00Z,baseline,unique_failed_accounts,47.0,complete,True,20260910
ddos_burst,41,2026-01-06T17:00:00Z,baseline,unique_failed_accounts,42.0,complete,True,20260910
ddos_burst,42,2026-01-06T18:00:00Z,baseline,unique_failed_accounts,40.0,complete,True,20260910
ddos_burst,43,2026-01-06T19:00:00Z,baseline,unique_failed_accounts,38.0,complete,True,20260910
ddos_burst,44,2026-01-06T20:00:00Z,baseline,unique_failed_accounts,33.0,complete,True,20260910
ddos_burst,45,2026-01-06T21:00:00Z,baseline,unique_failed_accounts,33.0,complete,True,20260910
ddos_burst,46,2026-01-06T22:00:00Z,baseline,unique_failed_accounts,33.0,complete,True,20260910
ddos_burst,47,2026-01-06T23:00:00Z,baseline,unique_failed_accounts,27.0,complete,True,20260910
ddos_burst,48,2026-01-07T00:00:00Z,target,unique_failed_accounts,27,complete,True,20260910
ddos_burst,0,2026-01-05T00:00:00Z,baseline,unique_source_ips,186.0,complete,True,20260910
ddos_burst,1,2026-01-05T01:00:00Z,baseline,unique_source_ips,167.0,complete,True,20260910
ddos_burst,2,2026-01-05T02:00:00Z,baseline,unique_source_ips,222.0,complete,True,20260910
ddos_burst,3,2026-01-05T03:00:00Z,baseline,unique_source_ips,203.0,complete,True,20260910
ddos_burst,4,2026-01-05T04:00:00Z,baseline,unique_source_ips,189.0,complete,True,20260910
ddos_burst,5,2026-01-05T05:00:00Z,baseline,unique_source_ips,212.0,complete,True,20260910
ddos_burst,6,2026-01-05T06:00:00Z,baseline,unique_source_ips,235.0,complete,True,20260910
ddos_burst,7,2026-01-05T07:00:00Z,baseline,unique_source_ips,234.0,complete,True,20260910
ddos_burst,8,2026-01-05T08:00:00Z,baseline,unique_source_ips,246.0,complete,True,20260910
ddos_burst,9,2026-01-05T09:00:00Z,baseline,unique_source_ips,272.0,complete,True,20260910
ddos_burst,10,2026-01-05T10:00:00Z,baseline,unique_source_ips,296.0,complete,True,20260910
ddos_burst,11,2026-01-05T11:00:00Z,baseline,unique_source_ips,248.0,complete,True,20260910
ddos_burst,12,2026-01-05T12:00:00Z,baseline,unique_source_ips,280.0,complete,True,20260910
ddos_burst,13,2026-01-05T13:00:00Z,baseline,unique_source_ips,240.0,complete,True,20260910
ddos_burst,14,2026-01-05T14:00:00Z,baseline,unique_source_ips,274.0,complete,True,20260910
ddos_burst,15,2026-01-05T15:00:00Z,baseline,unique_source_ips,330.0,complete,True,20260910
ddos_burst,16,2026-01-05T16:00:00Z,baseline,unique_source_ips,305.0,complete,True,20260910
ddos_burst,17,2026-01-05T17:00:00Z,baseline,unique_source_ips,268.0,complete,True,20260910
ddos_burst,18,2026-01-05T18:00:00Z,baseline,unique_source_ips,308.0,complete,True,20260910
ddos_burst,19,2026-01-05T19:00:00Z,baseline,unique_source_ips,259.0,complete,True,20260910
ddos_burst,20,2026-01-05T20:00:00Z,baseline,unique_source_ips,246.0,complete,True,20260910
ddos_burst,21,2026-01-05T21:00:00Z,baseline,unique_source_ips,215.0,complete,True,20260910
ddos_burst,22,2026-01-05T22:00:00Z,baseline,unique_source_ips,240.0,complete,True,20260910
ddos_burst,23,2026-01-05T23:00:00Z,baseline,unique_source_ips,178.0,complete,True,20260910
ddos_burst,24,2026-01-06T00:00:00Z,baseline,unique_source_ips,200.0,complete,True,20260910
ddos_burst,25,2026-01-06T01:00:00Z,baseline,unique_source_ips,187.0,complete,True,20260910
ddos_burst,26,2026-01-06T02:00:00Z,baseline,unique_source_ips,214.0,complete,True,20260910
ddos_burst,27,2026-01-06T03:00:00Z,baseline,unique_source_ips,204.0,complete,True,20260910
ddos_burst,28,2026-01-06T04:00:00Z,baseline,unique_source_ips,200.0,complete,True,20260910
ddos_burst,29,2026-01-06T05:00:00Z,baseline,unique_source_ips,215.0,complete,True,20260910
ddos_burst,30,2026-01-06T06:00:00Z,baseline,unique_source_ips,226.0,complete,True,20260910
ddos_burst,31,2026-01-06T07:00:00Z,baseline,unique_source_ips,251.0,complete,True,20260910
ddos_burst,32,2026-01-06T08:00:00Z,baseline,unique_source_ips,253.0,complete,True,20260910
ddos_burst,33,2026-01-06T09:00:00Z,baseline,unique_source_ips,286.0,complete,True,20260910
ddos_burst,34,2026-01-06T10:00:00Z,baseline,unique_source_ips,276.0,complete,True,20260910
ddos_burst,35,2026-01-06T11:00:00Z,baseline,unique_source_ips,237.0,complete,True,20260910
ddos_burst,36,2026-01-06T12:00:00Z,baseline,unique_source_ips,334.0,complete,True,20260910
ddos_burst,37,2026-01-06T13:00:00Z,baseline,unique_source_ips,295.0,complete,True,20260910
ddos_burst,38,2026-01-06T14:00:00Z,baseline,unique_source_ips,292.0,complete,True,20260910
ddos_burst,39,2026-01-06T15:00:00Z,baseline,unique_source_ips,300.0,complete,True,20260910
ddos_burst,40,2026-01-06T16:00:00Z,baseline,unique_source_ips,291.0,complete,True,20260910
ddos_burst,41,2026-01-06T17:00:00Z,baseline,unique_source_ips,264.0,complete,True,20260910
ddos_burst,42,2026-01-06T18:00:00Z,baseline,unique_source_ips,301.0,complete,True,20260910
ddos_burst,43,2026-01-06T19:00:00Z,baseline,unique_source_ips,257.0,complete,True,20260910
ddos_burst,44,2026-01-06T20:00:00Z,baseline,unique_source_ips,254.0,complete,True,20260910
ddos_burst,45,2026-01-06T21:00:00Z,baseline,unique_source_ips,241.0,complete,True,20260910
ddos_burst,46,2026-01-06T22:00:00Z,baseline,unique_source_ips,239.0,complete,True,20260910
ddos_burst,47,2026-01-06T23:00:00Z,baseline,unique_source_ips,209.0,complete,True,20260910
ddos_burst,48,2026-01-07T00:00:00Z,target,unique_source_ips,242,complete,True,20260910
ddos_burst,0,2026-01-05T00:00:00Z,baseline,successful_logins,856.0,complete,True,20260910
ddos_burst,1,2026-01-05T01:00:00Z,baseline,successful_logins,828.0,complete,True,20260910
ddos_burst,2,2026-01-05T02:00:00Z,baseline,successful_logins,926.0,complete,True,20260910
ddos_burst,3,2026-01-05T03:00:00Z,baseline,successful_logins,843.0,complete,True,20260910
ddos_burst,4,2026-01-05T04:00:00Z,baseline,successful_logins,933.0,complete,True,20260910
ddos_burst,5,2026-01-05T05:00:00Z,baseline,successful_logins,1115.0,complete,True,20260910
ddos_burst,6,2026-01-05T06:00:00Z,baseline,successful_logins,1258.0,complete,True,20260910
ddos_burst,7,2026-01-05T07:00:00Z,baseline,successful_logins,1285.0,complete,True,20260910
ddos_burst,8,2026-01-05T08:00:00Z,baseline,successful_logins,1550.0,complete,True,20260910
ddos_burst,9,2026-01-05T09:00:00Z,baseline,successful_logins,1430.0,complete,True,20260910
ddos_burst,10,2026-01-05T10:00:00Z,baseline,successful_logins,1658.0,complete,True,20260910
ddos_burst,11,2026-01-05T11:00:00Z,baseline,successful_logins,1998.0,complete,True,20260910
ddos_burst,12,2026-01-05T12:00:00Z,baseline,successful_logins,2089.0,complete,True,20260910
ddos_burst,13,2026-01-05T13:00:00Z,baseline,successful_logins,2009.0,complete,True,20260910
ddos_burst,14,2026-01-05T14:00:00Z,baseline,successful_logins,2275.0,complete,True,20260910
ddos_burst,15,2026-01-05T15:00:00Z,baseline,successful_logins,2265.0,complete,True,20260910
ddos_burst,16,2026-01-05T16:00:00Z,baseline,successful_logins,2036.0,complete,True,20260910
ddos_burst,17,2026-01-05T17:00:00Z,baseline,successful_logins,1868.0,complete,True,20260910
ddos_burst,18,2026-01-05T18:00:00Z,baseline,successful_logins,1875.0,complete,True,20260910
ddos_burst,19,2026-01-05T19:00:00Z,baseline,successful_logins,1639.0,complete,True,20260910
ddos_burst,20,2026-01-05T20:00:00Z,baseline,successful_logins,1561.0,complete,True,20260910
ddos_burst,21,2026-01-05T21:00:00Z,baseline,successful_logins,1273.0,complete,True,20260910
ddos_burst,22,2026-01-05T22:00:00Z,baseline,successful_logins,1236.0,complete,True,20260910
ddos_burst,23,2026-01-05T23:00:00Z,baseline,successful_logins,1096.0,complete,True,20260910
ddos_burst,24,2026-01-06T00:00:00Z,baseline,successful_logins,1000.0,complete,True,20260910
ddos_burst,25,2026-01-06T01:00:00Z,baseline,successful_logins,954.0,complete,True,20260910
ddos_burst,26,2026-01-06T02:00:00Z,baseline,successful_logins,849.0,complete,True,20260910
ddos_burst,27,2026-01-06T03:00:00Z,baseline,successful_logins,1028.0,complete,True,20260910
ddos_burst,28,2026-01-06T04:00:00Z,baseline,successful_logins,968.0,complete,True,20260910
ddos_burst,29,2026-01-06T05:00:00Z,baseline,successful_logins,1250.0,complete,True,20260910
ddos_burst,30,2026-01-06T06:00:00Z,baseline,successful_logins,1099.0,complete,True,20260910
ddos_burst,31,2026-01-06T07:00:00Z,baseline,successful_logins,1461.0,complete,True,20260910
ddos_burst,32,2026-01-06T08:00:00Z,baseline,successful_logins,1462.0,complete,True,20260910
ddos_burst,33,2026-01-06T09:00:00Z,baseline,successful_logins,1795.0,complete,True,20260910
ddos_burst,34,2026-01-06T10:00:00Z,baseline,successful_logins,1885.0,complete,True,20260910
ddos_burst,35,2026-01-06T11:00:00Z,baseline,successful_logins,1985.0,complete,True,20260910
ddos_burst,36,2026-01-06T12:00:00Z,baseline,successful_logins,1947.0,complete,True,20260910
ddos_burst,37,2026-01-06T13:00:00Z,baseline,successful_logins,2292.0,complete,True,20260910
ddos_burst,38,2026-01-06T14:00:00Z,baseline,successful_logins,2001.0,complete,True,20260910
ddos_burst,39,2026-01-06T15:00:00Z,baseline,successful_logins,2255.0,complete,True,20260910
ddos_burst,40,2026-01-06T16:00:00Z,baseline,successful_logins,1994.0,complete,True,20260910
ddos_burst,41,2026-01-06T17:00:00Z,baseline,successful_logins,1941.0,complete,True,20260910
ddos_burst,42,2026-01-06T18:00:00Z,baseline,successful_logins,1699.0,complete,True,20260910
ddos_burst,43,2026-01-06T19:00:00Z,baseline,successful_logins,1662.0,complete,True,20260910
ddos_burst,44,2026-01-06T20:00:00Z,baseline,successful_logins,1720.0,complete,True,20260910
ddos_burst,45,2026-01-06T21:00:00Z,baseline,successful_logins,1446.0,complete,True,20260910
ddos_burst,46,2026-01-06T22:00:00Z,baseline,successful_logins,1283.0,complete,True,20260910
ddos_burst,47,2026-01-06T23:00:00Z,baseline,successful_logins,1082.0,complete,True,20260910
ddos_burst,48,2026-01-07T00:00:00Z,target,successful_logins,940,complete,True,20260910
ddos_burst,0,2026-01-05T00:00:00Z,baseline,privileged_changes,2.0,complete,True,20260910
ddos_burst,1,2026-01-05T01:00:00Z,baseline,privileged_changes,2.0,complete,True,20260910
ddos_burst,2,2026-01-05T02:00:00Z,baseline,privileged_changes,2.0,complete,True,20260910
ddos_burst,3,2026-01-05T03:00:00Z,baseline,privileged_changes,2.0,complete,True,20260910
ddos_burst,4,2026-01-05T04:00:00Z,baseline,privileged_changes,2.0,complete,True,20260910
ddos_burst,5,2026-01-05T05:00:00Z,baseline,privileged_changes,2.0,complete,True,20260910
ddos_burst,6,2026-01-05T06:00:00Z,baseline,privileged_changes,2.0,complete,True,20260910
ddos_burst,7,2026-01-05T07:00:00Z,baseline,privileged_changes,2.0,complete,True,20260910
ddos_burst,8,2026-01-05T08:00:00Z,baseline,privileged_changes,2.0,complete,True,20260910
ddos_burst,9,2026-01-05T09:00:00Z,baseline,privileged_changes,2.0,complete,True,20260910
ddos_burst,10,2026-01-05T10:00:00Z,baseline,privileged_changes,3.0,complete,True,20260910
ddos_burst,11,2026-01-05T11:00:00Z,baseline,privileged_changes,2.0,complete,True,20260910
ddos_burst,12,2026-01-05T12:00:00Z,baseline,privileged_changes,1.0,complete,True,20260910
ddos_burst,13,2026-01-05T13:00:00Z,baseline,privileged_changes,2.0,complete,True,20260910
ddos_burst,14,2026-01-05T14:00:00Z,baseline,privileged_changes,3.0,complete,True,20260910
ddos_burst,15,2026-01-05T15:00:00Z,baseline,privileged_changes,3.0,complete,True,20260910
ddos_burst,16,2026-01-05T16:00:00Z,baseline,privileged_changes,3.0,complete,True,20260910
ddos_burst,17,2026-01-05T17:00:00Z,baseline,privileged_changes,2.0,complete,True,20260910
ddos_burst,18,2026-01-05T18:00:00Z,baseline,privileged_changes,1.0,complete,True,20260910
ddos_burst,19,2026-01-05T19:00:00Z,baseline,privileged_changes,2.0,complete,True,20260910
ddos_burst,20,2026-01-05T20:00:00Z,baseline,privileged_changes,2.0,complete,True,20260910
ddos_burst,21,2026-01-05T21:00:00Z,baseline,privileged_changes,1.0,complete,True,20260910
ddos_burst,22,2026-01-05T22:00:00Z,baseline,privileged_changes,2.0,complete,True,20260910
ddos_burst,23,2026-01-05T23:00:00Z,baseline,privileged_changes,1.0,complete,True,20260910
ddos_burst,24,2026-01-06T00:00:00Z,baseline,privileged_changes,2.0,complete,True,20260910
ddos_burst,25,2026-01-06T01:00:00Z,baseline,privileged_changes,1.0,complete,True,20260910
ddos_burst,26,2026-01-06T02:00:00Z,baseline,privileged_changes,2.0,complete,True,20260910
ddos_burst,27,2026-01-06T03:00:00Z,baseline,privileged_changes,2.0,complete,True,20260910
ddos_burst,28,2026-01-06T04:00:00Z,baseline,privileged_changes,2.0,complete,True,20260910
ddos_burst,29,2026-01-06T05:00:00Z,baseline,privileged_changes,2.0,complete,True,20260910
ddos_burst,30,2026-01-06T06:00:00Z,baseline,privileged_changes,2.0,complete,True,20260910
ddos_burst,31,2026-01-06T07:00:00Z,baseline,privileged_changes,1.0,complete,True,20260910
ddos_burst,32,2026-01-06T08:00:00Z,baseline,privileged_changes,2.0,complete,True,20260910
ddos_burst,33,2026-01-06T09:00:00Z,baseline,privileged_changes,2.0,complete,True,20260910
ddos_burst,34,2026-01-06T10:00:00Z,baseline,privileged_changes,2.0,complete,True,20260910
ddos_burst,35,2026-01-06T11:00:00Z,baseline,privileged_changes,2.0,complete,True,20260910
ddos_burst,36,2026-01-06T12:00:00Z,baseline,privileged_changes,2.0,complete,True,20260910
ddos_burst,37,2026-01-06T13:00:00Z,baseline,privileged_changes,1.0,complete,True,20260910
ddos_burst,38,2026-01-06T14:00:00Z,baseline,privileged_changes,2.0,complete,True,20260910
ddos_burst,39,2026-01-06T15:00:00Z,baseline,privileged_changes,1.0,complete,True,20260910
ddos_burst,40,2026-01-06T16:00:00Z,baseline,privileged_changes,3.0,complete,True,20260910
ddos_burst,41,2026-01-06T17:00:00Z,baseline,privileged_changes,2.0,complete,True,20260910
ddos_burst,42,2026-01-06T18:00:00Z,baseline,privileged_changes,2.0,complete,True,20260910
ddos_burst,43,2026-01-06T19:00:00Z,baseline,privileged_changes,3.0,complete,True,20260910
ddos_burst,44,2026-01-06T20:00:00Z,baseline,privileged_changes,2.0,complete,True,20260910
ddos_burst,45,2026-01-06T21:00:00Z,baseline,privileged_changes,1.0,complete,True,20260910
ddos_burst,46,2026-01-06T22:00:00Z,baseline,privileged_changes,2.0,complete,True,20260910
ddos_burst,47,2026-01-06T23:00:00Z,baseline,privileged_changes,2.0,complete,True,20260910
ddos_burst,48,2026-01-07T00:00:00Z,target,privileged_changes,2,complete,True,20260910
ddos_burst,0,2026-01-05T00:00:00Z,baseline,outbound_mb,648.579,complete,True,20260910
ddos_burst,1,2026-01-05T01:00:00Z,baseline,outbound_mb,554.536,complete,True,20260910
ddos_burst,2,2026-01-05T02:00:00Z,baseline,outbound_mb,541.283,complete,True,20260910
ddos_burst,3,2026-01-05T03:00:00Z,baseline,outbound_mb,552.268,complete,True,20260910
ddos_burst,4,2026-01-05T04:00:00Z,baseline,outbound_mb,579.978,complete,True,20260910
ddos_burst,5,2026-01-05T05:00:00Z,baseline,outbound_mb,608.352,complete,True,20260910
ddos_burst,6,2026-01-05T06:00:00Z,baseline,outbound_mb,741.29,complete,True,20260910
ddos_burst,7,2026-01-05T07:00:00Z,baseline,outbound_mb,761.017,complete,True,20260910
ddos_burst,8,2026-01-05T08:00:00Z,baseline,outbound_mb,863.082,complete,True,20260910
ddos_burst,9,2026-01-05T09:00:00Z,baseline,outbound_mb,885.424,complete,True,20260910
ddos_burst,10,2026-01-05T10:00:00Z,baseline,outbound_mb,909.602,complete,True,20260910
ddos_burst,11,2026-01-05T11:00:00Z,baseline,outbound_mb,1089.069,complete,True,20260910
ddos_burst,12,2026-01-05T12:00:00Z,baseline,outbound_mb,1090.723,complete,True,20260910
ddos_burst,13,2026-01-05T13:00:00Z,baseline,outbound_mb,1155.062,complete,True,20260910
ddos_burst,14,2026-01-05T14:00:00Z,baseline,outbound_mb,1089.604,complete,True,20260910
ddos_burst,15,2026-01-05T15:00:00Z,baseline,outbound_mb,1055.896,complete,True,20260910
ddos_burst,16,2026-01-05T16:00:00Z,baseline,outbound_mb,1045.389,complete,True,20260910
ddos_burst,17,2026-01-05T17:00:00Z,baseline,outbound_mb,1048.734,complete,True,20260910
ddos_burst,18,2026-01-05T18:00:00Z,baseline,outbound_mb,972.589,complete,True,20260910
ddos_burst,19,2026-01-05T19:00:00Z,baseline,outbound_mb,927.125,complete,True,20260910
ddos_burst,20,2026-01-05T20:00:00Z,baseline,outbound_mb,843.345,complete,True,20260910
ddos_burst,21,2026-01-05T21:00:00Z,baseline,outbound_mb,821.924,complete,True,20260910
ddos_burst,22,2026-01-05T22:00:00Z,baseline,outbound_mb,689.266,complete,True,20260910
ddos_burst,23,2026-01-05T23:00:00Z,baseline,outbound_mb,675.355,complete,True,20260910
ddos_burst,24,2026-01-06T00:00:00Z,baseline,outbound_mb,722.285,complete,True,20260910
ddos_burst,25,2026-01-06T01:00:00Z,baseline,outbound_mb,564.633,complete,True,20260910
ddos_burst,26,2026-01-06T02:00:00Z,baseline,outbound_mb,592.331,complete,True,20260910
ddos_burst,27,2026-01-06T03:00:00Z,baseline,outbound_mb,619.803,complete,True,20260910
ddos_burst,28,2026-01-06T04:00:00Z,baseline,outbound_mb,566.372,complete,True,20260910
ddos_burst,29,2026-01-06T05:00:00Z,baseline,outbound_mb,617.311,complete,True,20260910
ddos_burst,30,2026-01-06T06:00:00Z,baseline,outbound_mb,720.006,complete,True,20260910
ddos_burst,31,2026-01-06T07:00:00Z,baseline,outbound_mb,721.961,complete,True,20260910
ddos_burst,32,2026-01-06T08:00:00Z,baseline,outbound_mb,932.029,complete,True,20260910
ddos_burst,33,2026-01-06T09:00:00Z,baseline,outbound_mb,951.116,complete,True,20260910
ddos_burst,34,2026-01-06T10:00:00Z,baseline,outbound_mb,910.111,complete,True,20260910
ddos_burst,35,2026-01-06T11:00:00Z,baseline,outbound_mb,1091.872,complete,True,20260910
ddos_burst,36,2026-01-06T12:00:00Z,baseline,outbound_mb,1123.989,complete,True,20260910
ddos_burst,37,2026-01-06T13:00:00Z,baseline,outbound_mb,1174.728,complete,True,20260910
ddos_burst,38,2026-01-06T14:00:00Z,baseline,outbound_mb,1057.813,complete,True,20260910
ddos_burst,39,2026-01-06T15:00:00Z,baseline,outbound_mb,1234.106,complete,True,20260910
ddos_burst,40,2026-01-06T16:00:00Z,baseline,outbound_mb,1039.652,complete,True,20260910
ddos_burst,41,2026-01-06T17:00:00Z,baseline,outbound_mb,1209.194,complete,True,20260910
ddos_burst,42,2026-01-06T18:00:00Z,baseline,outbound_mb,911.83,complete,True,20260910
ddos_burst,43,2026-01-06T19:00:00Z,baseline,outbound_mb,860.156,complete,True,20260910
ddos_burst,44,2026-01-06T20:00:00Z,baseline,outbound_mb,775.818,complete,True,20260910
ddos_burst,45,2026-01-06T21:00:00Z,baseline,outbound_mb,892.277,complete,True,20260910
ddos_burst,46,2026-01-06T22:00:00Z,baseline,outbound_mb,638.375,complete,True,20260910
ddos_burst,47,2026-01-06T23:00:00Z,baseline,outbound_mb,700.947,complete,True,20260910
ddos_burst,48,2026-01-07T00:00:00Z,target,outbound_mb,663.236,complete,True,20260910
ddos_burst,0,2026-01-05T00:00:00Z,baseline,api_5xx,14.0,complete,True,20260910
ddos_burst,1,2026-01-05T01:00:00Z,baseline,api_5xx,16.0,complete,True,20260910
ddos_burst,2,2026-01-05T02:00:00Z,baseline,api_5xx,11.0,complete,True,20260910
ddos_burst,3,2026-01-05T03:00:00Z,baseline,api_5xx,13.0,complete,True,20260910
ddos_burst,4,2026-01-05T04:00:00Z,baseline,api_5xx,10.0,complete,True,20260910
ddos_burst,5,2026-01-05T05:00:00Z,baseline,api_5xx,15.0,complete,True,20260910
ddos_burst,6,2026-01-05T06:00:00Z,baseline,api_5xx,16.0,complete,True,20260910
ddos_burst,7,2026-01-05T07:00:00Z,baseline,api_5xx,18.0,complete,True,20260910
ddos_burst,8,2026-01-05T08:00:00Z,baseline,api_5xx,19.0,complete,True,20260910
ddos_burst,9,2026-01-05T09:00:00Z,baseline,api_5xx,18.0,complete,True,20260910
ddos_burst,10,2026-01-05T10:00:00Z,baseline,api_5xx,21.0,complete,True,20260910
ddos_burst,11,2026-01-05T11:00:00Z,baseline,api_5xx,20.0,complete,True,20260910
ddos_burst,12,2026-01-05T12:00:00Z,baseline,api_5xx,22.0,complete,True,20260910
ddos_burst,13,2026-01-05T13:00:00Z,baseline,api_5xx,19.0,complete,True,20260910
ddos_burst,14,2026-01-05T14:00:00Z,baseline,api_5xx,30.0,complete,True,20260910
ddos_burst,15,2026-01-05T15:00:00Z,baseline,api_5xx,20.0,complete,True,20260910
ddos_burst,16,2026-01-05T16:00:00Z,baseline,api_5xx,18.0,complete,True,20260910
ddos_burst,17,2026-01-05T17:00:00Z,baseline,api_5xx,23.0,complete,True,20260910
ddos_burst,18,2026-01-05T18:00:00Z,baseline,api_5xx,18.0,complete,True,20260910
ddos_burst,19,2026-01-05T19:00:00Z,baseline,api_5xx,17.0,complete,True,20260910
ddos_burst,20,2026-01-05T20:00:00Z,baseline,api_5xx,21.0,complete,True,20260910
ddos_burst,21,2026-01-05T21:00:00Z,baseline,api_5xx,21.0,complete,True,20260910
ddos_burst,22,2026-01-05T22:00:00Z,baseline,api_5xx,12.0,complete,True,20260910
ddos_burst,23,2026-01-05T23:00:00Z,baseline,api_5xx,19.0,complete,True,20260910
ddos_burst,24,2026-01-06T00:00:00Z,baseline,api_5xx,13.0,complete,True,20260910
ddos_burst,25,2026-01-06T01:00:00Z,baseline,api_5xx,18.0,complete,True,20260910
ddos_burst,26,2026-01-06T02:00:00Z,baseline,api_5xx,12.0,complete,True,20260910
ddos_burst,27,2026-01-06T03:00:00Z,baseline,api_5xx,10.0,complete,True,20260910
ddos_burst,28,2026-01-06T04:00:00Z,baseline,api_5xx,12.0,complete,True,20260910
ddos_burst,29,2026-01-06T05:00:00Z,baseline,api_5xx,21.0,complete,True,20260910
ddos_burst,30,2026-01-06T06:00:00Z,baseline,api_5xx,12.0,complete,True,20260910
ddos_burst,31,2026-01-06T07:00:00Z,baseline,api_5xx,17.0,complete,True,20260910
ddos_burst,32,2026-01-06T08:00:00Z,baseline,api_5xx,12.0,complete,True,20260910
ddos_burst,33,2026-01-06T09:00:00Z,baseline,api_5xx,19.0,complete,True,20260910
ddos_burst,34,2026-01-06T10:00:00Z,baseline,api_5xx,22.0,complete,True,20260910
ddos_burst,35,2026-01-06T11:00:00Z,baseline,api_5xx,25.0,complete,True,20260910
ddos_burst,36,2026-01-06T12:00:00Z,baseline,api_5xx,30.0,complete,True,20260910
ddos_burst,37,2026-01-06T13:00:00Z,baseline,api_5xx,29.0,complete,True,20260910
ddos_burst,38,2026-01-06T14:00:00Z,baseline,api_5xx,25.0,complete,True,20260910
ddos_burst,39,2026-01-06T15:00:00Z,baseline,api_5xx,26.0,complete,True,20260910
ddos_burst,40,2026-01-06T16:00:00Z,baseline,api_5xx,20.0,complete,True,20260910
ddos_burst,41,2026-01-06T17:00:00Z,baseline,api_5xx,24.0,complete,True,20260910
ddos_burst,42,2026-01-06T18:00:00Z,baseline,api_5xx,21.0,complete,True,20260910
ddos_burst,43,2026-01-06T19:00:00Z,baseline,api_5xx,21.0,complete,True,20260910
ddos_burst,44,2026-01-06T20:00:00Z,baseline,api_5xx,17.0,complete,True,20260910
ddos_burst,45,2026-01-06T21:00:00Z,baseline,api_5xx,24.0,complete,True,20260910
ddos_burst,46,2026-01-06T22:00:00Z,baseline,api_5xx,16.0,complete,True,20260910
ddos_burst,47,2026-01-06T23:00:00Z,baseline,api_5xx,15.0,complete,True,20260910
ddos_burst,48,2026-01-07T00:00:00Z,target,api_5xx,156,complete,True,20260910
ddos_burst,0,2026-01-05T00:00:00Z,baseline,endpoint_alerts,3.0,complete,True,20260910
ddos_burst,1,2026-01-05T01:00:00Z,baseline,endpoint_alerts,4.0,complete,True,20260910
ddos_burst,2,2026-01-05T02:00:00Z,baseline,endpoint_alerts,4.0,complete,True,20260910
ddos_burst,3,2026-01-05T03:00:00Z,baseline,endpoint_alerts,4.0,complete,True,20260910
ddos_burst,4,2026-01-05T04:00:00Z,baseline,endpoint_alerts,4.0,complete,True,20260910
ddos_burst,5,2026-01-05T05:00:00Z,baseline,endpoint_alerts,5.0,complete,True,20260910
ddos_burst,6,2026-01-05T06:00:00Z,baseline,endpoint_alerts,5.0,complete,True,20260910
ddos_burst,7,2026-01-05T07:00:00Z,baseline,endpoint_alerts,4.0,complete,True,20260910
ddos_burst,8,2026-01-05T08:00:00Z,baseline,endpoint_alerts,7.0,complete,True,20260910
ddos_burst,9,2026-01-05T09:00:00Z,baseline,endpoint_alerts,4.0,complete,True,20260910
ddos_burst,10,2026-01-05T10:00:00Z,baseline,endpoint_alerts,2.0,complete,True,20260910
ddos_burst,11,2026-01-05T11:00:00Z,baseline,endpoint_alerts,3.0,complete,True,20260910
ddos_burst,12,2026-01-05T12:00:00Z,baseline,endpoint_alerts,5.0,complete,True,20260910
ddos_burst,13,2026-01-05T13:00:00Z,baseline,endpoint_alerts,3.0,complete,True,20260910
ddos_burst,14,2026-01-05T14:00:00Z,baseline,endpoint_alerts,6.0,complete,True,20260910
ddos_burst,15,2026-01-05T15:00:00Z,baseline,endpoint_alerts,5.0,complete,True,20260910
ddos_burst,16,2026-01-05T16:00:00Z,baseline,endpoint_alerts,3.0,complete,True,20260910
ddos_burst,17,2026-01-05T17:00:00Z,baseline,endpoint_alerts,4.0,complete,True,20260910
ddos_burst,18,2026-01-05T18:00:00Z,baseline,endpoint_alerts,5.0,complete,True,20260910
ddos_burst,19,2026-01-05T19:00:00Z,baseline,endpoint_alerts,6.0,complete,True,20260910
ddos_burst,20,2026-01-05T20:00:00Z,baseline,endpoint_alerts,4.0,complete,True,20260910
ddos_burst,21,2026-01-05T21:00:00Z,baseline,endpoint_alerts,4.0,complete,True,20260910
ddos_burst,22,2026-01-05T22:00:00Z,baseline,endpoint_alerts,4.0,complete,True,20260910
ddos_burst,23,2026-01-05T23:00:00Z,baseline,endpoint_alerts,3.0,complete,True,20260910
ddos_burst,24,2026-01-06T00:00:00Z,baseline,endpoint_alerts,3.0,complete,True,20260910
ddos_burst,25,2026-01-06T01:00:00Z,baseline,endpoint_alerts,5.0,complete,True,20260910
ddos_burst,26,2026-01-06T02:00:00Z,baseline,endpoint_alerts,5.0,complete,True,20260910
ddos_burst,27,2026-01-06T03:00:00Z,baseline,endpoint_alerts,5.0,complete,True,20260910
ddos_burst,28,2026-01-06T04:00:00Z,baseline,endpoint_alerts,4.0,complete,True,20260910
ddos_burst,29,2026-01-06T05:00:00Z,baseline,endpoint_alerts,4.0,complete,True,20260910
ddos_burst,30,2026-01-06T06:00:00Z,baseline,endpoint_alerts,4.0,complete,True,20260910
ddos_burst,31,2026-01-06T07:00:00Z,baseline,endpoint_alerts,5.0,complete,True,20260910
ddos_burst,32,2026-01-06T08:00:00Z,baseline,endpoint_alerts,6.0,complete,True,20260910
ddos_burst,33,2026-01-06T09:00:00Z,baseline,endpoint_alerts,2.0,complete,True,20260910
ddos_burst,34,2026-01-06T10:00:00Z,baseline,endpoint_alerts,3.0,complete,True,20260910
ddos_burst,35,2026-01-06T11:00:00Z,baseline,endpoint_alerts,5.0,complete,True,20260910
ddos_burst,36,2026-01-06T12:00:00Z,baseline,endpoint_alerts,6.0,complete,True,20260910
ddos_burst,37,2026-01-06T13:00:00Z,baseline,endpoint_alerts,4.0,complete,True,20260910
ddos_burst,38,2026-01-06T14:00:00Z,baseline,endpoint_alerts,7.0,complete,True,20260910
ddos_burst,39,2026-01-06T15:00:00Z,baseline,endpoint_alerts,6.0,complete,True,20260910
ddos_burst,40,2026-01-06T16:00:00Z,baseline,endpoint_alerts,5.0,complete,True,20260910
ddos_burst,41,2026-01-06T17:00:00Z,baseline,endpoint_alerts,5.0,complete,True,20260910
ddos_burst,42,2026-01-06T18:00:00Z,baseline,endpoint_alerts,5.0,complete,True,20260910
ddos_burst,43,2026-01-06T19:00:00Z,baseline,endpoint_alerts,3.0,complete,True,20260910
ddos_burst,44,2026-01-06T20:00:00Z,baseline,endpoint_alerts,6.0,complete,True,20260910
ddos_burst,45,2026-01-06T21:00:00Z,baseline,endpoint_alerts,5.0,complete,True,20260910
ddos_burst,46,2026-01-06T22:00:00Z,baseline,endpoint_alerts,4.0,complete,True,20260910
ddos_burst,47,2026-01-06T23:00:00Z,baseline,endpoint_alerts,4.0,complete,True,20260910
ddos_burst,48,2026-01-07T00:00:00Z,target,endpoint_alerts,3,complete,True,20260910
ddos_burst,0,2026-01-05T00:00:00Z,baseline,file_rename_events,36.0,complete,True,20260910
ddos_burst,1,2026-01-05T01:00:00Z,baseline,file_rename_events,34.0,complete,True,20260910
ddos_burst,2,2026-01-05T02:00:00Z,baseline,file_rename_events,34.0,complete,True,20260910
ddos_burst,3,2026-01-05T03:00:00Z,baseline,file_rename_events,33.0,complete,True,20260910
ddos_burst,4,2026-01-05T04:00:00Z,baseline,file_rename_events,26.0,complete,True,20260910
ddos_burst,5,2026-01-05T05:00:00Z,baseline,file_rename_events,41.0,complete,True,20260910
ddos_burst,6,2026-01-05T06:00:00Z,baseline,file_rename_events,43.0,complete,True,20260910
ddos_burst,7,2026-01-05T07:00:00Z,baseline,file_rename_events,45.0,complete,True,20260910
ddos_burst,8,2026-01-05T08:00:00Z,baseline,file_rename_events,55.0,complete,True,20260910
ddos_burst,9,2026-01-05T09:00:00Z,baseline,file_rename_events,39.0,complete,True,20260910
ddos_burst,10,2026-01-05T10:00:00Z,baseline,file_rename_events,49.0,complete,True,20260910
ddos_burst,11,2026-01-05T11:00:00Z,baseline,file_rename_events,48.0,complete,True,20260910
ddos_burst,12,2026-01-05T12:00:00Z,baseline,file_rename_events,48.0,complete,True,20260910
ddos_burst,13,2026-01-05T13:00:00Z,baseline,file_rename_events,47.0,complete,True,20260910
ddos_burst,14,2026-01-05T14:00:00Z,baseline,file_rename_events,50.0,complete,True,20260910
ddos_burst,15,2026-01-05T15:00:00Z,baseline,file_rename_events,56.0,complete,True,20260910
ddos_burst,16,2026-01-05T16:00:00Z,baseline,file_rename_events,48.0,complete,True,20260910
ddos_burst,17,2026-01-05T17:00:00Z,baseline,file_rename_events,56.0,complete,True,20260910
ddos_burst,18,2026-01-05T18:00:00Z,baseline,file_rename_events,46.0,complete,True,20260910
ddos_burst,19,2026-01-05T19:00:00Z,baseline,file_rename_events,42.0,complete,True,20260910
ddos_burst,20,2026-01-05T20:00:00Z,baseline,file_rename_events,38.0,complete,True,20260910
ddos_burst,21,2026-01-05T21:00:00Z,baseline,file_rename_events,46.0,complete,True,20260910
ddos_burst,22,2026-01-05T22:00:00Z,baseline,file_rename_events,32.0,complete,True,20260910
ddos_burst,23,2026-01-05T23:00:00Z,baseline,file_rename_events,44.0,complete,True,20260910
ddos_burst,24,2026-01-06T00:00:00Z,baseline,file_rename_events,34.0,complete,True,20260910
ddos_burst,25,2026-01-06T01:00:00Z,baseline,file_rename_events,35.0,complete,True,20260910
ddos_burst,26,2026-01-06T02:00:00Z,baseline,file_rename_events,35.0,complete,True,20260910
ddos_burst,27,2026-01-06T03:00:00Z,baseline,file_rename_events,39.0,complete,True,20260910
ddos_burst,28,2026-01-06T04:00:00Z,baseline,file_rename_events,38.0,complete,True,20260910
ddos_burst,29,2026-01-06T05:00:00Z,baseline,file_rename_events,24.0,complete,True,20260910
ddos_burst,30,2026-01-06T06:00:00Z,baseline,file_rename_events,38.0,complete,True,20260910
ddos_burst,31,2026-01-06T07:00:00Z,baseline,file_rename_events,34.0,complete,True,20260910
ddos_burst,32,2026-01-06T08:00:00Z,baseline,file_rename_events,44.0,complete,True,20260910
ddos_burst,33,2026-01-06T09:00:00Z,baseline,file_rename_events,42.0,complete,True,20260910
ddos_burst,34,2026-01-06T10:00:00Z,baseline,file_rename_events,51.0,complete,True,20260910
ddos_burst,35,2026-01-06T11:00:00Z,baseline,file_rename_events,55.0,complete,True,20260910
ddos_burst,36,2026-01-06T12:00:00Z,baseline,file_rename_events,44.0,complete,True,20260910
ddos_burst,37,2026-01-06T13:00:00Z,baseline,file_rename_events,55.0,complete,True,20260910
ddos_burst,38,2026-01-06T14:00:00Z,baseline,file_rename_events,52.0,complete,True,20260910
ddos_burst,39,2026-01-06T15:00:00Z,baseline,file_rename_events,49.0,complete,True,20260910
ddos_burst,40,2026-01-06T16:00:00Z,baseline,file_rename_events,62.0,complete,True,20260910
ddos_burst,41,2026-01-06T17:00:00Z,baseline,file_rename_events,59.0,complete,True,20260910
ddos_burst,42,2026-01-06T18:00:00Z,baseline,file_rename_events,46.0,complete,True,20260910
ddos_burst,43,2026-01-06T19:00:00Z,baseline,file_rename_events,36.0,complete,True,20260910
ddos_burst,44,2026-01-06T20:00:00Z,baseline,file_rename_events,29.0,complete,True,20260910
ddos_burst,45,2026-01-06T21:00:00Z,baseline,file_rename_events,33.0,complete,True,20260910
ddos_burst,46,2026-01-06T22:00:00Z,baseline,file_rename_events,44.0,complete,True,20260910
ddos_burst,47,2026-01-06T23:00:00Z,baseline,file_rename_events,37.0,complete,True,20260910
ddos_burst,48,2026-01-07T00:00:00Z,target,file_rename_events,38,complete,True,20260910
ddos_burst,0,2026-01-05T00:00:00Z,baseline,inbound_requests,31111.0,complete,True,20260910
ddos_burst,1,2026-01-05T01:00:00Z,baseline,inbound_requests,27426.0,complete,True,20260910
ddos_burst,2,2026-01-05T02:00:00Z,baseline,inbound_requests,28004.0,complete,True,20260910
ddos_burst,3,2026-01-05T03:00:00Z,baseline,inbound_requests,27493.0,complete,True,20260910
ddos_burst,4,2026-01-05T04:00:00Z,baseline,inbound_requests,30849.0,complete,True,20260910
ddos_burst,5,2026-01-05T05:00:00Z,baseline,inbound_requests,33871.0,complete,True,20260910
ddos_burst,6,2026-01-05T06:00:00Z,baseline,inbound_requests,37211.0,complete,True,20260910
ddos_burst,7,2026-01-05T07:00:00Z,baseline,inbound_requests,49597.0,complete,True,20260910
ddos_burst,8,2026-01-05T08:00:00Z,baseline,inbound_requests,48717.0,complete,True,20260910
ddos_burst,9,2026-01-05T09:00:00Z,baseline,inbound_requests,58222.0,complete,True,20260910
ddos_burst,10,2026-01-05T10:00:00Z,baseline,inbound_requests,60875.0,complete,True,20260910
ddos_burst,11,2026-01-05T11:00:00Z,baseline,inbound_requests,71782.0,complete,True,20260910
ddos_burst,12,2026-01-05T12:00:00Z,baseline,inbound_requests,75871.0,complete,True,20260910
ddos_burst,13,2026-01-05T13:00:00Z,baseline,inbound_requests,77874.0,complete,True,20260910
ddos_burst,14,2026-01-05T14:00:00Z,baseline,inbound_requests,77727.0,complete,True,20260910
ddos_burst,15,2026-01-05T15:00:00Z,baseline,inbound_requests,70724.0,complete,True,20260910
ddos_burst,16,2026-01-05T16:00:00Z,baseline,inbound_requests,72572.0,complete,True,20260910
ddos_burst,17,2026-01-05T17:00:00Z,baseline,inbound_requests,69288.0,complete,True,20260910
ddos_burst,18,2026-01-05T18:00:00Z,baseline,inbound_requests,61960.0,complete,True,20260910
ddos_burst,19,2026-01-05T19:00:00Z,baseline,inbound_requests,55626.0,complete,True,20260910
ddos_burst,20,2026-01-05T20:00:00Z,baseline,inbound_requests,53190.0,complete,True,20260910
ddos_burst,21,2026-01-05T21:00:00Z,baseline,inbound_requests,41750.0,complete,True,20260910
ddos_burst,22,2026-01-05T22:00:00Z,baseline,inbound_requests,39028.0,complete,True,20260910
ddos_burst,23,2026-01-05T23:00:00Z,baseline,inbound_requests,34256.0,complete,True,20260910
ddos_burst,24,2026-01-06T00:00:00Z,baseline,inbound_requests,31099.0,complete,True,20260910
ddos_burst,25,2026-01-06T01:00:00Z,baseline,inbound_requests,26120.0,complete,True,20260910
ddos_burst,26,2026-01-06T02:00:00Z,baseline,inbound_requests,29348.0,complete,True,20260910
ddos_burst,27,2026-01-06T03:00:00Z,baseline,inbound_requests,29545.0,complete,True,20260910
ddos_burst,28,2026-01-06T04:00:00Z,baseline,inbound_requests,30499.0,complete,True,20260910
ddos_burst,29,2026-01-06T05:00:00Z,baseline,inbound_requests,35132.0,complete,True,20260910
ddos_burst,30,2026-01-06T06:00:00Z,baseline,inbound_requests,41781.0,complete,True,20260910
ddos_burst,31,2026-01-06T07:00:00Z,baseline,inbound_requests,43573.0,complete,True,20260910
ddos_burst,32,2026-01-06T08:00:00Z,baseline,inbound_requests,51786.0,complete,True,20260910
ddos_burst,33,2026-01-06T09:00:00Z,baseline,inbound_requests,58056.0,complete,True,20260910
ddos_burst,34,2026-01-06T10:00:00Z,baseline,inbound_requests,62663.0,complete,True,20260910
ddos_burst,35,2026-01-06T11:00:00Z,baseline,inbound_requests,70700.0,complete,True,20260910
ddos_burst,36,2026-01-06T12:00:00Z,baseline,inbound_requests,68580.0,complete,True,20260910
ddos_burst,37,2026-01-06T13:00:00Z,baseline,inbound_requests,74318.0,complete,True,20260910
ddos_burst,38,2026-01-06T14:00:00Z,baseline,inbound_requests,79760.0,complete,True,20260910
ddos_burst,39,2026-01-06T15:00:00Z,baseline,inbound_requests,69494.0,complete,True,20260910
ddos_burst,40,2026-01-06T16:00:00Z,baseline,inbound_requests,79348.0,complete,True,20260910
ddos_burst,41,2026-01-06T17:00:00Z,baseline,inbound_requests,66482.0,complete,True,20260910
ddos_burst,42,2026-01-06T18:00:00Z,baseline,inbound_requests,63765.0,complete,True,20260910
ddos_burst,43,2026-01-06T19:00:00Z,baseline,inbound_requests,60810.0,complete,True,20260910
ddos_burst,44,2026-01-06T20:00:00Z,baseline,inbound_requests,51234.0,complete,True,20260910
ddos_burst,45,2026-01-06T21:00:00Z,baseline,inbound_requests,44875.0,complete,True,20260910
ddos_burst,46,2026-01-06T22:00:00Z,baseline,inbound_requests,37303.0,complete,True,20260910
ddos_burst,47,2026-01-06T23:00:00Z,baseline,inbound_requests,36865.0,complete,True,20260910
ddos_burst,48,2026-01-07T00:00:00Z,target,inbound_requests,333180,complete,True,20260910
exfiltration_burst,0,2026-01-05T00:00:00Z,baseline,auth_failures,91.0,complete,True,20260911
exfiltration_burst,1,2026-01-05T01:00:00Z,baseline,auth_failures,91.0,complete,True,20260911
exfiltration_burst,2,2026-01-05T02:00:00Z,baseline,auth_failures,106.0,complete,True,20260911
exfiltration_burst,3,2026-01-05T03:00:00Z,baseline,auth_failures,81.0,complete,True,20260911
exfiltration_burst,4,2026-01-05T04:00:00Z,baseline,auth_failures,88.0,complete,True,20260911
exfiltration_burst,5,2026-01-05T05:00:00Z,baseline,auth_failures,91.0,complete,True,20260911
exfiltration_burst,6,2026-01-05T06:00:00Z,baseline,auth_failures,93.0,complete,True,20260911
exfiltration_burst,7,2026-01-05T07:00:00Z,baseline,auth_failures,100.0,complete,True,20260911
exfiltration_burst,8,2026-01-05T08:00:00Z,baseline,auth_failures,116.0,complete,True,20260911
exfiltration_burst,9,2026-01-05T09:00:00Z,baseline,auth_failures,115.0,complete,True,20260911
exfiltration_burst,10,2026-01-05T10:00:00Z,baseline,auth_failures,137.0,complete,True,20260911
exfiltration_burst,11,2026-01-05T11:00:00Z,baseline,auth_failures,126.0,complete,True,20260911
exfiltration_burst,12,2026-01-05T12:00:00Z,baseline,auth_failures,161.0,complete,True,20260911
exfiltration_burst,13,2026-01-05T13:00:00Z,baseline,auth_failures,169.0,complete,True,20260911
exfiltration_burst,14,2026-01-05T14:00:00Z,baseline,auth_failures,164.0,complete,True,20260911
exfiltration_burst,15,2026-01-05T15:00:00Z,baseline,auth_failures,157.0,complete,True,20260911
exfiltration_burst,16,2026-01-05T16:00:00Z,baseline,auth_failures,156.0,complete,True,20260911
exfiltration_burst,17,2026-01-05T17:00:00Z,baseline,auth_failures,147.0,complete,True,20260911
exfiltration_burst,18,2026-01-05T18:00:00Z,baseline,auth_failures,151.0,complete,True,20260911
exfiltration_burst,19,2026-01-05T19:00:00Z,baseline,auth_failures,147.0,complete,True,20260911
exfiltration_burst,20,2026-01-05T20:00:00Z,baseline,auth_failures,135.0,complete,True,20260911
exfiltration_burst,21,2026-01-05T21:00:00Z,baseline,auth_failures,131.0,complete,True,20260911
exfiltration_burst,22,2026-01-05T22:00:00Z,baseline,auth_failures,100.0,complete,True,20260911
exfiltration_burst,23,2026-01-05T23:00:00Z,baseline,auth_failures,90.0,complete,True,20260911
exfiltration_burst,24,2026-01-06T00:00:00Z,baseline,auth_failures,90.0,complete,True,20260911
exfiltration_burst,25,2026-01-06T01:00:00Z,baseline,auth_failures,70.0,complete,True,20260911
exfiltration_burst,26,2026-01-06T02:00:00Z,baseline,auth_failures,95.0,complete,True,20260911
exfiltration_burst,27,2026-01-06T03:00:00Z,baseline,auth_failures,84.0,complete,True,20260911
exfiltration_burst,28,2026-01-06T04:00:00Z,baseline,auth_failures,95.0,complete,True,20260911
exfiltration_burst,29,2026-01-06T05:00:00Z,baseline,auth_failures,120.0,complete,True,20260911
exfiltration_burst,30,2026-01-06T06:00:00Z,baseline,auth_failures,92.0,complete,True,20260911
exfiltration_burst,31,2026-01-06T07:00:00Z,baseline,auth_failures,94.0,complete,True,20260911
exfiltration_burst,32,2026-01-06T08:00:00Z,baseline,auth_failures,111.0,complete,True,20260911
exfiltration_burst,33,2026-01-06T09:00:00Z,baseline,auth_failures,122.0,complete,True,20260911
exfiltration_burst,34,2026-01-06T10:00:00Z,baseline,auth_failures,140.0,complete,True,20260911
exfiltration_burst,35,2026-01-06T11:00:00Z,baseline,auth_failures,161.0,complete,True,20260911
exfiltration_burst,36,2026-01-06T12:00:00Z,baseline,auth_failures,140.0,complete,True,20260911
exfiltration_burst,37,2026-01-06T13:00:00Z,baseline,auth_failures,141.0,complete,True,20260911
exfiltration_burst,38,2026-01-06T14:00:00Z,baseline,auth_failures,165.0,complete,True,20260911
exfiltration_burst,39,2026-01-06T15:00:00Z,baseline,auth_failures,133.0,complete,True,20260911
exfiltration_burst,40,2026-01-06T16:00:00Z,baseline,auth_failures,189.0,complete,True,20260911
exfiltration_burst,41,2026-01-06T17:00:00Z,baseline,auth_failures,137.0,complete,True,20260911
exfiltration_burst,42,2026-01-06T18:00:00Z,baseline,auth_failures,150.0,complete,True,20260911
exfiltration_burst,43,2026-01-06T19:00:00Z,baseline,auth_failures,150.0,complete,True,20260911
exfiltration_burst,44,2026-01-06T20:00:00Z,baseline,auth_failures,117.0,complete,True,20260911
exfiltration_burst,45,2026-01-06T21:00:00Z,baseline,auth_failures,111.0,complete,True,20260911
exfiltration_burst,46,2026-01-06T22:00:00Z,baseline,auth_failures,94.0,complete,True,20260911
exfiltration_burst,47,2026-01-06T23:00:00Z,baseline,auth_failures,115.0,complete,True,20260911
exfiltration_burst,48,2026-01-07T00:00:00Z,target,auth_failures,95,complete,True,20260911
exfiltration_burst,0,2026-01-05T00:00:00Z,baseline,unique_failed_accounts,26.0,complete,True,20260911
exfiltration_burst,1,2026-01-05T01:00:00Z,baseline,unique_failed_accounts,25.0,complete,True,20260911
exfiltration_burst,2,2026-01-05T02:00:00Z,baseline,unique_failed_accounts,29.0,complete,True,20260911
exfiltration_burst,3,2026-01-05T03:00:00Z,baseline,unique_failed_accounts,27.0,complete,True,20260911
exfiltration_burst,4,2026-01-05T04:00:00Z,baseline,unique_failed_accounts,30.0,complete,True,20260911
exfiltration_burst,5,2026-01-05T05:00:00Z,baseline,unique_failed_accounts,25.0,complete,True,20260911
exfiltration_burst,6,2026-01-05T06:00:00Z,baseline,unique_failed_accounts,26.0,complete,True,20260911
exfiltration_burst,7,2026-01-05T07:00:00Z,baseline,unique_failed_accounts,32.0,complete,True,20260911
exfiltration_burst,8,2026-01-05T08:00:00Z,baseline,unique_failed_accounts,35.0,complete,True,20260911
exfiltration_burst,9,2026-01-05T09:00:00Z,baseline,unique_failed_accounts,40.0,complete,True,20260911
exfiltration_burst,10,2026-01-05T10:00:00Z,baseline,unique_failed_accounts,39.0,complete,True,20260911
exfiltration_burst,11,2026-01-05T11:00:00Z,baseline,unique_failed_accounts,38.0,complete,True,20260911
exfiltration_burst,12,2026-01-05T12:00:00Z,baseline,unique_failed_accounts,36.0,complete,True,20260911
exfiltration_burst,13,2026-01-05T13:00:00Z,baseline,unique_failed_accounts,45.0,complete,True,20260911
exfiltration_burst,14,2026-01-05T14:00:00Z,baseline,unique_failed_accounts,44.0,complete,True,20260911
exfiltration_burst,15,2026-01-05T15:00:00Z,baseline,unique_failed_accounts,42.0,complete,True,20260911
exfiltration_burst,16,2026-01-05T16:00:00Z,baseline,unique_failed_accounts,35.0,complete,True,20260911
exfiltration_burst,17,2026-01-05T17:00:00Z,baseline,unique_failed_accounts,39.0,complete,True,20260911
exfiltration_burst,18,2026-01-05T18:00:00Z,baseline,unique_failed_accounts,42.0,complete,True,20260911
exfiltration_burst,19,2026-01-05T19:00:00Z,baseline,unique_failed_accounts,37.0,complete,True,20260911
exfiltration_burst,20,2026-01-05T20:00:00Z,baseline,unique_failed_accounts,33.0,complete,True,20260911
exfiltration_burst,21,2026-01-05T21:00:00Z,baseline,unique_failed_accounts,34.0,complete,True,20260911
exfiltration_burst,22,2026-01-05T22:00:00Z,baseline,unique_failed_accounts,34.0,complete,True,20260911
exfiltration_burst,23,2026-01-05T23:00:00Z,baseline,unique_failed_accounts,29.0,complete,True,20260911
exfiltration_burst,24,2026-01-06T00:00:00Z,baseline,unique_failed_accounts,24.0,complete,True,20260911
exfiltration_burst,25,2026-01-06T01:00:00Z,baseline,unique_failed_accounts,22.0,complete,True,20260911
exfiltration_burst,26,2026-01-06T02:00:00Z,baseline,unique_failed_accounts,24.0,complete,True,20260911
exfiltration_burst,27,2026-01-06T03:00:00Z,baseline,unique_failed_accounts,25.0,complete,True,20260911
exfiltration_burst,28,2026-01-06T04:00:00Z,baseline,unique_failed_accounts,28.0,complete,True,20260911
exfiltration_burst,29,2026-01-06T05:00:00Z,baseline,unique_failed_accounts,30.0,complete,True,20260911
exfiltration_burst,30,2026-01-06T06:00:00Z,baseline,unique_failed_accounts,31.0,complete,True,20260911
exfiltration_burst,31,2026-01-06T07:00:00Z,baseline,unique_failed_accounts,38.0,complete,True,20260911
exfiltration_burst,32,2026-01-06T08:00:00Z,baseline,unique_failed_accounts,33.0,complete,True,20260911
exfiltration_burst,33,2026-01-06T09:00:00Z,baseline,unique_failed_accounts,34.0,complete,True,20260911
exfiltration_burst,34,2026-01-06T10:00:00Z,baseline,unique_failed_accounts,34.0,complete,True,20260911
exfiltration_burst,35,2026-01-06T11:00:00Z,baseline,unique_failed_accounts,41.0,complete,True,20260911
exfiltration_burst,36,2026-01-06T12:00:00Z,baseline,unique_failed_accounts,45.0,complete,True,20260911
exfiltration_burst,37,2026-01-06T13:00:00Z,baseline,unique_failed_accounts,40.0,complete,True,20260911
exfiltration_burst,38,2026-01-06T14:00:00Z,baseline,unique_failed_accounts,43.0,complete,True,20260911
exfiltration_burst,39,2026-01-06T15:00:00Z,baseline,unique_failed_accounts,39.0,complete,True,20260911
exfiltration_burst,40,2026-01-06T16:00:00Z,baseline,unique_failed_accounts,44.0,complete,True,20260911
exfiltration_burst,41,2026-01-06T17:00:00Z,baseline,unique_failed_accounts,42.0,complete,True,20260911
exfiltration_burst,42,2026-01-06T18:00:00Z,baseline,unique_failed_accounts,42.0,complete,True,20260911
exfiltration_burst,43,2026-01-06T19:00:00Z,baseline,unique_failed_accounts,37.0,complete,True,20260911
exfiltration_burst,44,2026-01-06T20:00:00Z,baseline,unique_failed_accounts,34.0,complete,True,20260911
exfiltration_burst,45,2026-01-06T21:00:00Z,baseline,unique_failed_accounts,32.0,complete,True,20260911
exfiltration_burst,46,2026-01-06T22:00:00Z,baseline,unique_failed_accounts,31.0,complete,True,20260911
exfiltration_burst,47,2026-01-06T23:00:00Z,baseline,unique_failed_accounts,35.0,complete,True,20260911
exfiltration_burst,48,2026-01-07T00:00:00Z,target,unique_failed_accounts,26,complete,True,20260911
exfiltration_burst,0,2026-01-05T00:00:00Z,baseline,unique_source_ips,202.0,complete,True,20260911
exfiltration_burst,1,2026-01-05T01:00:00Z,baseline,unique_source_ips,220.0,complete,True,20260911
exfiltration_burst,2,2026-01-05T02:00:00Z,baseline,unique_source_ips,220.0,complete,True,20260911
exfiltration_burst,3,2026-01-05T03:00:00Z,baseline,unique_source_ips,191.0,complete,True,20260911
exfiltration_burst,4,2026-01-05T04:00:00Z,baseline,unique_source_ips,192.0,complete,True,20260911
exfiltration_burst,5,2026-01-05T05:00:00Z,baseline,unique_source_ips,219.0,complete,True,20260911
exfiltration_burst,6,2026-01-05T06:00:00Z,baseline,unique_source_ips,216.0,complete,True,20260911
exfiltration_burst,7,2026-01-05T07:00:00Z,baseline,unique_source_ips,267.0,complete,True,20260911
exfiltration_burst,8,2026-01-05T08:00:00Z,baseline,unique_source_ips,231.0,complete,True,20260911
exfiltration_burst,9,2026-01-05T09:00:00Z,baseline,unique_source_ips,265.0,complete,True,20260911
exfiltration_burst,10,2026-01-05T10:00:00Z,baseline,unique_source_ips,274.0,complete,True,20260911
exfiltration_burst,11,2026-01-05T11:00:00Z,baseline,unique_source_ips,313.0,complete,True,20260911
exfiltration_burst,12,2026-01-05T12:00:00Z,baseline,unique_source_ips,325.0,complete,True,20260911
exfiltration_burst,13,2026-01-05T13:00:00Z,baseline,unique_source_ips,305.0,complete,True,20260911
exfiltration_burst,14,2026-01-05T14:00:00Z,baseline,unique_source_ips,287.0,complete,True,20260911
exfiltration_burst,15,2026-01-05T15:00:00Z,baseline,unique_source_ips,252.0,complete,True,20260911
exfiltration_burst,16,2026-01-05T16:00:00Z,baseline,unique_source_ips,247.0,complete,True,20260911
exfiltration_burst,17,2026-01-05T17:00:00Z,baseline,unique_source_ips,315.0,complete,True,20260911
exfiltration_burst,18,2026-01-05T18:00:00Z,baseline,unique_source_ips,270.0,complete,True,20260911
exfiltration_burst,19,2026-01-05T19:00:00Z,baseline,unique_source_ips,253.0,complete,True,20260911
exfiltration_burst,20,2026-01-05T20:00:00Z,baseline,unique_source_ips,233.0,complete,True,20260911
exfiltration_burst,21,2026-01-05T21:00:00Z,baseline,unique_source_ips,249.0,complete,True,20260911
exfiltration_burst,22,2026-01-05T22:00:00Z,baseline,unique_source_ips,204.0,complete,True,20260911
exfiltration_burst,23,2026-01-05T23:00:00Z,baseline,unique_source_ips,214.0,complete,True,20260911
exfiltration_burst,24,2026-01-06T00:00:00Z,baseline,unique_source_ips,217.0,complete,True,20260911
exfiltration_burst,25,2026-01-06T01:00:00Z,baseline,unique_source_ips,187.0,complete,True,20260911
exfiltration_burst,26,2026-01-06T02:00:00Z,baseline,unique_source_ips,195.0,complete,True,20260911
exfiltration_burst,27,2026-01-06T03:00:00Z,baseline,unique_source_ips,193.0,complete,True,20260911
exfiltration_burst,28,2026-01-06T04:00:00Z,baseline,unique_source_ips,203.0,complete,True,20260911
exfiltration_burst,29,2026-01-06T05:00:00Z,baseline,unique_source_ips,250.0,complete,True,20260911
exfiltration_burst,30,2026-01-06T06:00:00Z,baseline,unique_source_ips,195.0,complete,True,20260911
exfiltration_burst,31,2026-01-06T07:00:00Z,baseline,unique_source_ips,258.0,complete,True,20260911
exfiltration_burst,32,2026-01-06T08:00:00Z,baseline,unique_source_ips,230.0,complete,True,20260911
exfiltration_burst,33,2026-01-06T09:00:00Z,baseline,unique_source_ips,284.0,complete,True,20260911
exfiltration_burst,34,2026-01-06T10:00:00Z,baseline,unique_source_ips,279.0,complete,True,20260911
exfiltration_burst,35,2026-01-06T11:00:00Z,baseline,unique_source_ips,287.0,complete,True,20260911
exfiltration_burst,36,2026-01-06T12:00:00Z,baseline,unique_source_ips,251.0,complete,True,20260911
exfiltration_burst,37,2026-01-06T13:00:00Z,baseline,unique_source_ips,296.0,complete,True,20260911
exfiltration_burst,38,2026-01-06T14:00:00Z,baseline,unique_source_ips,322.0,complete,True,20260911
exfiltration_burst,39,2026-01-06T15:00:00Z,baseline,unique_source_ips,315.0,complete,True,20260911
exfiltration_burst,40,2026-01-06T16:00:00Z,baseline,unique_source_ips,286.0,complete,True,20260911
exfiltration_burst,41,2026-01-06T17:00:00Z,baseline,unique_source_ips,255.0,complete,True,20260911
exfiltration_burst,42,2026-01-06T18:00:00Z,baseline,unique_source_ips,280.0,complete,True,20260911
exfiltration_burst,43,2026-01-06T19:00:00Z,baseline,unique_source_ips,267.0,complete,True,20260911
exfiltration_burst,44,2026-01-06T20:00:00Z,baseline,unique_source_ips,245.0,complete,True,20260911
exfiltration_burst,45,2026-01-06T21:00:00Z,baseline,unique_source_ips,239.0,complete,True,20260911
exfiltration_burst,46,2026-01-06T22:00:00Z,baseline,unique_source_ips,193.0,complete,True,20260911
exfiltration_burst,47,2026-01-06T23:00:00Z,baseline,unique_source_ips,249.0,complete,True,20260911
exfiltration_burst,48,2026-01-07T00:00:00Z,target,unique_source_ips,216,complete,True,20260911
exfiltration_burst,0,2026-01-05T00:00:00Z,baseline,successful_logins,941.0,complete,True,20260911
exfiltration_burst,1,2026-01-05T01:00:00Z,baseline,successful_logins,897.0,complete,True,20260911
exfiltration_burst,2,2026-01-05T02:00:00Z,baseline,successful_logins,862.0,complete,True,20260911
exfiltration_burst,3,2026-01-05T03:00:00Z,baseline,successful_logins,1017.0,complete,True,20260911
exfiltration_burst,4,2026-01-05T04:00:00Z,baseline,successful_logins,925.0,complete,True,20260911
exfiltration_burst,5,2026-01-05T05:00:00Z,baseline,successful_logins,1115.0,complete,True,20260911
exfiltration_burst,6,2026-01-05T06:00:00Z,baseline,successful_logins,1172.0,complete,True,20260911
exfiltration_burst,7,2026-01-05T07:00:00Z,baseline,successful_logins,1291.0,complete,True,20260911
exfiltration_burst,8,2026-01-05T08:00:00Z,baseline,successful_logins,1605.0,complete,True,20260911
exfiltration_burst,9,2026-01-05T09:00:00Z,baseline,successful_logins,1809.0,complete,True,20260911
exfiltration_burst,10,2026-01-05T10:00:00Z,baseline,successful_logins,1805.0,complete,True,20260911
exfiltration_burst,11,2026-01-05T11:00:00Z,baseline,successful_logins,2021.0,complete,True,20260911
exfiltration_burst,12,2026-01-05T12:00:00Z,baseline,successful_logins,1974.0,complete,True,20260911
exfiltration_burst,13,2026-01-05T13:00:00Z,baseline,successful_logins,2291.0,complete,True,20260911
exfiltration_burst,14,2026-01-05T14:00:00Z,baseline,successful_logins,1960.0,complete,True,20260911
exfiltration_burst,15,2026-01-05T15:00:00Z,baseline,successful_logins,2204.0,complete,True,20260911
exfiltration_burst,16,2026-01-05T16:00:00Z,baseline,successful_logins,1914.0,complete,True,20260911
exfiltration_burst,17,2026-01-05T17:00:00Z,baseline,successful_logins,1951.0,complete,True,20260911
exfiltration_burst,18,2026-01-05T18:00:00Z,baseline,successful_logins,1872.0,complete,True,20260911
exfiltration_burst,19,2026-01-05T19:00:00Z,baseline,successful_logins,1632.0,complete,True,20260911
exfiltration_burst,20,2026-01-05T20:00:00Z,baseline,successful_logins,1550.0,complete,True,20260911
exfiltration_burst,21,2026-01-05T21:00:00Z,baseline,successful_logins,1292.0,complete,True,20260911
exfiltration_burst,22,2026-01-05T22:00:00Z,baseline,successful_logins,1159.0,complete,True,20260911
exfiltration_burst,23,2026-01-05T23:00:00Z,baseline,successful_logins,1166.0,complete,True,20260911
exfiltration_burst,24,2026-01-06T00:00:00Z,baseline,successful_logins,929.0,complete,True,20260911
exfiltration_burst,25,2026-01-06T01:00:00Z,baseline,successful_logins,960.0,complete,True,20260911
exfiltration_burst,26,2026-01-06T02:00:00Z,baseline,successful_logins,801.0,complete,True,20260911
exfiltration_burst,27,2026-01-06T03:00:00Z,baseline,successful_logins,901.0,complete,True,20260911
exfiltration_burst,28,2026-01-06T04:00:00Z,baseline,successful_logins,881.0,complete,True,20260911
exfiltration_burst,29,2026-01-06T05:00:00Z,baseline,successful_logins,1104.0,complete,True,20260911
exfiltration_burst,30,2026-01-06T06:00:00Z,baseline,successful_logins,1181.0,complete,True,20260911
exfiltration_burst,31,2026-01-06T07:00:00Z,baseline,successful_logins,1361.0,complete,True,20260911
exfiltration_burst,32,2026-01-06T08:00:00Z,baseline,successful_logins,1510.0,complete,True,20260911
exfiltration_burst,33,2026-01-06T09:00:00Z,baseline,successful_logins,1658.0,complete,True,20260911
exfiltration_burst,34,2026-01-06T10:00:00Z,baseline,successful_logins,1889.0,complete,True,20260911
exfiltration_burst,35,2026-01-06T11:00:00Z,baseline,successful_logins,2159.0,complete,True,20260911
exfiltration_burst,36,2026-01-06T12:00:00Z,baseline,successful_logins,1990.0,complete,True,20260911
exfiltration_burst,37,2026-01-06T13:00:00Z,baseline,successful_logins,2202.0,complete,True,20260911
exfiltration_burst,38,2026-01-06T14:00:00Z,baseline,successful_logins,2517.0,complete,True,20260911
exfiltration_burst,39,2026-01-06T15:00:00Z,baseline,successful_logins,2190.0,complete,True,20260911
exfiltration_burst,40,2026-01-06T16:00:00Z,baseline,successful_logins,1923.0,complete,True,20260911
exfiltration_burst,41,2026-01-06T17:00:00Z,baseline,successful_logins,2015.0,complete,True,20260911
exfiltration_burst,42,2026-01-06T18:00:00Z,baseline,successful_logins,1904.0,complete,True,20260911
exfiltration_burst,43,2026-01-06T19:00:00Z,baseline,successful_logins,1603.0,complete,True,20260911
exfiltration_burst,44,2026-01-06T20:00:00Z,baseline,successful_logins,1459.0,complete,True,20260911
exfiltration_burst,45,2026-01-06T21:00:00Z,baseline,successful_logins,1280.0,complete,True,20260911
exfiltration_burst,46,2026-01-06T22:00:00Z,baseline,successful_logins,1087.0,complete,True,20260911
exfiltration_burst,47,2026-01-06T23:00:00Z,baseline,successful_logins,1012.0,complete,True,20260911
exfiltration_burst,48,2026-01-07T00:00:00Z,target,successful_logins,1062,complete,True,20260911
exfiltration_burst,0,2026-01-05T00:00:00Z,baseline,privileged_changes,2.0,complete,True,20260911
exfiltration_burst,1,2026-01-05T01:00:00Z,baseline,privileged_changes,2.0,complete,True,20260911
exfiltration_burst,2,2026-01-05T02:00:00Z,baseline,privileged_changes,2.0,complete,True,20260911
exfiltration_burst,3,2026-01-05T03:00:00Z,baseline,privileged_changes,1.0,complete,True,20260911
exfiltration_burst,4,2026-01-05T04:00:00Z,baseline,privileged_changes,2.0,complete,True,20260911
exfiltration_burst,5,2026-01-05T05:00:00Z,baseline,privileged_changes,2.0,complete,True,20260911
exfiltration_burst,6,2026-01-05T06:00:00Z,baseline,privileged_changes,1.0,complete,True,20260911
exfiltration_burst,7,2026-01-05T07:00:00Z,baseline,privileged_changes,1.0,complete,True,20260911
exfiltration_burst,8,2026-01-05T08:00:00Z,baseline,privileged_changes,2.0,complete,True,20260911
exfiltration_burst,9,2026-01-05T09:00:00Z,baseline,privileged_changes,3.0,complete,True,20260911
exfiltration_burst,10,2026-01-05T10:00:00Z,baseline,privileged_changes,2.0,complete,True,20260911
exfiltration_burst,11,2026-01-05T11:00:00Z,baseline,privileged_changes,2.0,complete,True,20260911
exfiltration_burst,12,2026-01-05T12:00:00Z,baseline,privileged_changes,3.0,complete,True,20260911
exfiltration_burst,13,2026-01-05T13:00:00Z,baseline,privileged_changes,2.0,complete,True,20260911
exfiltration_burst,14,2026-01-05T14:00:00Z,baseline,privileged_changes,2.0,complete,True,20260911
exfiltration_burst,15,2026-01-05T15:00:00Z,baseline,privileged_changes,2.0,complete,True,20260911
exfiltration_burst,16,2026-01-05T16:00:00Z,baseline,privileged_changes,2.0,complete,True,20260911
exfiltration_burst,17,2026-01-05T17:00:00Z,baseline,privileged_changes,2.0,complete,True,20260911
exfiltration_burst,18,2026-01-05T18:00:00Z,baseline,privileged_changes,2.0,complete,True,20260911
exfiltration_burst,19,2026-01-05T19:00:00Z,baseline,privileged_changes,2.0,complete,True,20260911
exfiltration_burst,20,2026-01-05T20:00:00Z,baseline,privileged_changes,2.0,complete,True,20260911
exfiltration_burst,21,2026-01-05T21:00:00Z,baseline,privileged_changes,2.0,complete,True,20260911
exfiltration_burst,22,2026-01-05T22:00:00Z,baseline,privileged_changes,2.0,complete,True,20260911
exfiltration_burst,23,2026-01-05T23:00:00Z,baseline,privileged_changes,2.0,complete,True,20260911
exfiltration_burst,24,2026-01-06T00:00:00Z,baseline,privileged_changes,1.0,complete,True,20260911
exfiltration_burst,25,2026-01-06T01:00:00Z,baseline,privileged_changes,1.0,complete,True,20260911
exfiltration_burst,26,2026-01-06T02:00:00Z,baseline,privileged_changes,1.0,complete,True,20260911
exfiltration_burst,27,2026-01-06T03:00:00Z,baseline,privileged_changes,1.0,complete,True,20260911
exfiltration_burst,28,2026-01-06T04:00:00Z,baseline,privileged_changes,2.0,complete,True,20260911
exfiltration_burst,29,2026-01-06T05:00:00Z,baseline,privileged_changes,2.0,complete,True,20260911
exfiltration_burst,30,2026-01-06T06:00:00Z,baseline,privileged_changes,2.0,complete,True,20260911
exfiltration_burst,31,2026-01-06T07:00:00Z,baseline,privileged_changes,1.0,complete,True,20260911
exfiltration_burst,32,2026-01-06T08:00:00Z,baseline,privileged_changes,2.0,complete,True,20260911
exfiltration_burst,33,2026-01-06T09:00:00Z,baseline,privileged_changes,2.0,complete,True,20260911
exfiltration_burst,34,2026-01-06T10:00:00Z,baseline,privileged_changes,2.0,complete,True,20260911
exfiltration_burst,35,2026-01-06T11:00:00Z,baseline,privileged_changes,2.0,complete,True,20260911
exfiltration_burst,36,2026-01-06T12:00:00Z,baseline,privileged_changes,3.0,complete,True,20260911
exfiltration_burst,37,2026-01-06T13:00:00Z,baseline,privileged_changes,2.0,complete,True,20260911
exfiltration_burst,38,2026-01-06T14:00:00Z,baseline,privileged_changes,2.0,complete,True,20260911
exfiltration_burst,39,2026-01-06T15:00:00Z,baseline,privileged_changes,1.0,complete,True,20260911
exfiltration_burst,40,2026-01-06T16:00:00Z,baseline,privileged_changes,2.0,complete,True,20260911
exfiltration_burst,41,2026-01-06T17:00:00Z,baseline,privileged_changes,2.0,complete,True,20260911
exfiltration_burst,42,2026-01-06T18:00:00Z,baseline,privileged_changes,2.0,complete,True,20260911
exfiltration_burst,43,2026-01-06T19:00:00Z,baseline,privileged_changes,2.0,complete,True,20260911
exfiltration_burst,44,2026-01-06T20:00:00Z,baseline,privileged_changes,2.0,complete,True,20260911
exfiltration_burst,45,2026-01-06T21:00:00Z,baseline,privileged_changes,2.0,complete,True,20260911
exfiltration_burst,46,2026-01-06T22:00:00Z,baseline,privileged_changes,2.0,complete,True,20260911
exfiltration_burst,47,2026-01-06T23:00:00Z,baseline,privileged_changes,2.0,complete,True,20260911
exfiltration_burst,48,2026-01-07T00:00:00Z,target,privileged_changes,1,complete,True,20260911
exfiltration_burst,0,2026-01-05T00:00:00Z,baseline,outbound_mb,501.467,complete,True,20260911
exfiltration_burst,1,2026-01-05T01:00:00Z,baseline,outbound_mb,593.785,complete,True,20260911
exfiltration_burst,2,2026-01-05T02:00:00Z,baseline,outbound_mb,549.989,complete,True,20260911
exfiltration_burst,3,2026-01-05T03:00:00Z,baseline,outbound_mb,586.471,complete,True,20260911
exfiltration_burst,4,2026-01-05T04:00:00Z,baseline,outbound_mb,556.178,complete,True,20260911
exfiltration_burst,5,2026-01-05T05:00:00Z,baseline,outbound_mb,610.968,complete,True,20260911
exfiltration_burst,6,2026-01-05T06:00:00Z,baseline,outbound_mb,706.461,complete,True,20260911
exfiltration_burst,7,2026-01-05T07:00:00Z,baseline,outbound_mb,748.063,complete,True,20260911
exfiltration_burst,8,2026-01-05T08:00:00Z,baseline,outbound_mb,749.45,complete,True,20260911
exfiltration_burst,9,2026-01-05T09:00:00Z,baseline,outbound_mb,999.306,complete,True,20260911
exfiltration_burst,10,2026-01-05T10:00:00Z,baseline,outbound_mb,982.806,complete,True,20260911
exfiltration_burst,11,2026-01-05T11:00:00Z,baseline,outbound_mb,969.914,complete,True,20260911
exfiltration_burst,12,2026-01-05T12:00:00Z,baseline,outbound_mb,1119.134,complete,True,20260911
exfiltration_burst,13,2026-01-05T13:00:00Z,baseline,outbound_mb,1047.94,complete,True,20260911
exfiltration_burst,14,2026-01-05T14:00:00Z,baseline,outbound_mb,1159.343,complete,True,20260911
exfiltration_burst,15,2026-01-05T15:00:00Z,baseline,outbound_mb,1152.476,complete,True,20260911
exfiltration_burst,16,2026-01-05T16:00:00Z,baseline,outbound_mb,1128.865,complete,True,20260911
exfiltration_burst,17,2026-01-05T17:00:00Z,baseline,outbound_mb,938.718,complete,True,20260911
exfiltration_burst,18,2026-01-05T18:00:00Z,baseline,outbound_mb,1050.572,complete,True,20260911
exfiltration_burst,19,2026-01-05T19:00:00Z,baseline,outbound_mb,907.826,complete,True,20260911
exfiltration_burst,20,2026-01-05T20:00:00Z,baseline,outbound_mb,791.511,complete,True,20260911
exfiltration_burst,21,2026-01-05T21:00:00Z,baseline,outbound_mb,770.218,complete,True,20260911
exfiltration_burst,22,2026-01-05T22:00:00Z,baseline,outbound_mb,690.99,complete,True,20260911
exfiltration_burst,23,2026-01-05T23:00:00Z,baseline,outbound_mb,592.628,complete,True,20260911
exfiltration_burst,24,2026-01-06T00:00:00Z,baseline,outbound_mb,604.427,complete,True,20260911
exfiltration_burst,25,2026-01-06T01:00:00Z,baseline,outbound_mb,600.362,complete,True,20260911
exfiltration_burst,26,2026-01-06T02:00:00Z,baseline,outbound_mb,602.335,complete,True,20260911
exfiltration_burst,27,2026-01-06T03:00:00Z,baseline,outbound_mb,612.455,complete,True,20260911
exfiltration_burst,28,2026-01-06T04:00:00Z,baseline,outbound_mb,566.756,complete,True,20260911
exfiltration_burst,29,2026-01-06T05:00:00Z,baseline,outbound_mb,640.985,complete,True,20260911
exfiltration_burst,30,2026-01-06T06:00:00Z,baseline,outbound_mb,741.789,complete,True,20260911
exfiltration_burst,31,2026-01-06T07:00:00Z,baseline,outbound_mb,883.492,complete,True,20260911
exfiltration_burst,32,2026-01-06T08:00:00Z,baseline,outbound_mb,861.71,complete,True,20260911
exfiltration_burst,33,2026-01-06T09:00:00Z,baseline,outbound_mb,1040.931,complete,True,20260911
exfiltration_burst,34,2026-01-06T10:00:00Z,baseline,outbound_mb,1037.702,complete,True,20260911
exfiltration_burst,35,2026-01-06T11:00:00Z,baseline,outbound_mb,1218.469,complete,True,20260911
exfiltration_burst,36,2026-01-06T12:00:00Z,baseline,outbound_mb,1150.459,complete,True,20260911
exfiltration_burst,37,2026-01-06T13:00:00Z,baseline,outbound_mb,1124.553,complete,True,20260911
exfiltration_burst,38,2026-01-06T14:00:00Z,baseline,outbound_mb,1240.848,complete,True,20260911
exfiltration_burst,39,2026-01-06T15:00:00Z,baseline,outbound_mb,1121.204,complete,True,20260911
exfiltration_burst,40,2026-01-06T16:00:00Z,baseline,outbound_mb,1037.627,complete,True,20260911
exfiltration_burst,41,2026-01-06T17:00:00Z,baseline,outbound_mb,1126.324,complete,True,20260911
exfiltration_burst,42,2026-01-06T18:00:00Z,baseline,outbound_mb,1047.358,complete,True,20260911
exfiltration_burst,43,2026-01-06T19:00:00Z,baseline,outbound_mb,995.487,complete,True,20260911
exfiltration_burst,44,2026-01-06T20:00:00Z,baseline,outbound_mb,808.046,complete,True,20260911
exfiltration_burst,45,2026-01-06T21:00:00Z,baseline,outbound_mb,863.228,complete,True,20260911
exfiltration_burst,46,2026-01-06T22:00:00Z,baseline,outbound_mb,648.985,complete,True,20260911
exfiltration_burst,47,2026-01-06T23:00:00Z,baseline,outbound_mb,651.74,complete,True,20260911
exfiltration_burst,48,2026-01-07T00:00:00Z,target,outbound_mb,4192.706,complete,True,20260911
exfiltration_burst,0,2026-01-05T00:00:00Z,baseline,api_5xx,16.0,complete,True,20260911
exfiltration_burst,1,2026-01-05T01:00:00Z,baseline,api_5xx,10.0,complete,True,20260911
exfiltration_burst,2,2026-01-05T02:00:00Z,baseline,api_5xx,12.0,complete,True,20260911
exfiltration_burst,3,2026-01-05T03:00:00Z,baseline,api_5xx,13.0,complete,True,20260911
exfiltration_burst,4,2026-01-05T04:00:00Z,baseline,api_5xx,16.0,complete,True,20260911
exfiltration_burst,5,2026-01-05T05:00:00Z,baseline,api_5xx,14.0,complete,True,20260911
exfiltration_burst,6,2026-01-05T06:00:00Z,baseline,api_5xx,16.0,complete,True,20260911
exfiltration_burst,7,2026-01-05T07:00:00Z,baseline,api_5xx,19.0,complete,True,20260911
exfiltration_burst,8,2026-01-05T08:00:00Z,baseline,api_5xx,18.0,complete,True,20260911
exfiltration_burst,9,2026-01-05T09:00:00Z,baseline,api_5xx,24.0,complete,True,20260911
exfiltration_burst,10,2026-01-05T10:00:00Z,baseline,api_5xx,15.0,complete,True,20260911
exfiltration_burst,11,2026-01-05T11:00:00Z,baseline,api_5xx,22.0,complete,True,20260911
exfiltration_burst,12,2026-01-05T12:00:00Z,baseline,api_5xx,30.0,complete,True,20260911
exfiltration_burst,13,2026-01-05T13:00:00Z,baseline,api_5xx,28.0,complete,True,20260911
exfiltration_burst,14,2026-01-05T14:00:00Z,baseline,api_5xx,25.0,complete,True,20260911
exfiltration_burst,15,2026-01-05T15:00:00Z,baseline,api_5xx,26.0,complete,True,20260911
exfiltration_burst,16,2026-01-05T16:00:00Z,baseline,api_5xx,20.0,complete,True,20260911
exfiltration_burst,17,2026-01-05T17:00:00Z,baseline,api_5xx,19.0,complete,True,20260911
exfiltration_burst,18,2026-01-05T18:00:00Z,baseline,api_5xx,24.0,complete,True,20260911
exfiltration_burst,19,2026-01-05T19:00:00Z,baseline,api_5xx,24.0,complete,True,20260911
exfiltration_burst,20,2026-01-05T20:00:00Z,baseline,api_5xx,17.0,complete,True,20260911
exfiltration_burst,21,2026-01-05T21:00:00Z,baseline,api_5xx,21.0,complete,True,20260911
exfiltration_burst,22,2026-01-05T22:00:00Z,baseline,api_5xx,15.0,complete,True,20260911
exfiltration_burst,23,2026-01-05T23:00:00Z,baseline,api_5xx,14.0,complete,True,20260911
exfiltration_burst,24,2026-01-06T00:00:00Z,baseline,api_5xx,16.0,complete,True,20260911
exfiltration_burst,25,2026-01-06T01:00:00Z,baseline,api_5xx,12.0,complete,True,20260911
exfiltration_burst,26,2026-01-06T02:00:00Z,baseline,api_5xx,13.0,complete,True,20260911
exfiltration_burst,27,2026-01-06T03:00:00Z,baseline,api_5xx,13.0,complete,True,20260911
exfiltration_burst,28,2026-01-06T04:00:00Z,baseline,api_5xx,13.0,complete,True,20260911
exfiltration_burst,29,2026-01-06T05:00:00Z,baseline,api_5xx,17.0,complete,True,20260911
exfiltration_burst,30,2026-01-06T06:00:00Z,baseline,api_5xx,18.0,complete,True,20260911
exfiltration_burst,31,2026-01-06T07:00:00Z,baseline,api_5xx,22.0,complete,True,20260911
exfiltration_burst,32,2026-01-06T08:00:00Z,baseline,api_5xx,18.0,complete,True,20260911
exfiltration_burst,33,2026-01-06T09:00:00Z,baseline,api_5xx,22.0,complete,True,20260911
exfiltration_burst,34,2026-01-06T10:00:00Z,baseline,api_5xx,22.0,complete,True,20260911
exfiltration_burst,35,2026-01-06T11:00:00Z,baseline,api_5xx,20.0,complete,True,20260911
exfiltration_burst,36,2026-01-06T12:00:00Z,baseline,api_5xx,32.0,complete,True,20260911
exfiltration_burst,37,2026-01-06T13:00:00Z,baseline,api_5xx,19.0,complete,True,20260911
exfiltration_burst,38,2026-01-06T14:00:00Z,baseline,api_5xx,22.0,complete,True,20260911
exfiltration_burst,39,2026-01-06T15:00:00Z,baseline,api_5xx,19.0,complete,True,20260911
exfiltration_burst,40,2026-01-06T16:00:00Z,baseline,api_5xx,27.0,complete,True,20260911
exfiltration_burst,41,2026-01-06T17:00:00Z,baseline,api_5xx,20.0,complete,True,20260911
exfiltration_burst,42,2026-01-06T18:00:00Z,baseline,api_5xx,19.0,complete,True,20260911
exfiltration_burst,43,2026-01-06T19:00:00Z,baseline,api_5xx,27.0,complete,True,20260911
exfiltration_burst,44,2026-01-06T20:00:00Z,baseline,api_5xx,20.0,complete,True,20260911
exfiltration_burst,45,2026-01-06T21:00:00Z,baseline,api_5xx,17.0,complete,True,20260911
exfiltration_burst,46,2026-01-06T22:00:00Z,baseline,api_5xx,17.0,complete,True,20260911
exfiltration_burst,47,2026-01-06T23:00:00Z,baseline,api_5xx,15.0,complete,True,20260911
exfiltration_burst,48,2026-01-07T00:00:00Z,target,api_5xx,14,complete,True,20260911
exfiltration_burst,0,2026-01-05T00:00:00Z,baseline,endpoint_alerts,4.0,complete,True,20260911
exfiltration_burst,1,2026-01-05T01:00:00Z,baseline,endpoint_alerts,3.0,complete,True,20260911
exfiltration_burst,2,2026-01-05T02:00:00Z,baseline,endpoint_alerts,5.0,complete,True,20260911
exfiltration_burst,3,2026-01-05T03:00:00Z,baseline,endpoint_alerts,3.0,complete,True,20260911
exfiltration_burst,4,2026-01-05T04:00:00Z,baseline,endpoint_alerts,4.0,complete,True,20260911
exfiltration_burst,5,2026-01-05T05:00:00Z,baseline,endpoint_alerts,5.0,complete,True,20260911
exfiltration_burst,6,2026-01-05T06:00:00Z,baseline,endpoint_alerts,4.0,complete,True,20260911
exfiltration_burst,7,2026-01-05T07:00:00Z,baseline,endpoint_alerts,6.0,complete,True,20260911
exfiltration_burst,8,2026-01-05T08:00:00Z,baseline,endpoint_alerts,4.0,complete,True,20260911
exfiltration_burst,9,2026-01-05T09:00:00Z,baseline,endpoint_alerts,5.0,complete,True,20260911
exfiltration_burst,10,2026-01-05T10:00:00Z,baseline,endpoint_alerts,0.0,complete,True,20260911
exfiltration_burst,11,2026-01-05T11:00:00Z,baseline,endpoint_alerts,4.0,complete,True,20260911
exfiltration_burst,12,2026-01-05T12:00:00Z,baseline,endpoint_alerts,4.0,complete,True,20260911
exfiltration_burst,13,2026-01-05T13:00:00Z,baseline,endpoint_alerts,6.0,complete,True,20260911
exfiltration_burst,14,2026-01-05T14:00:00Z,baseline,endpoint_alerts,6.0,complete,True,20260911
exfiltration_burst,15,2026-01-05T15:00:00Z,baseline,endpoint_alerts,5.0,complete,True,20260911
exfiltration_burst,16,2026-01-05T16:00:00Z,baseline,endpoint_alerts,3.0,complete,True,20260911
exfiltration_burst,17,2026-01-05T17:00:00Z,baseline,endpoint_alerts,7.0,complete,True,20260911
exfiltration_burst,18,2026-01-05T18:00:00Z,baseline,endpoint_alerts,5.0,complete,True,20260911
exfiltration_burst,19,2026-01-05T19:00:00Z,baseline,endpoint_alerts,8.0,complete,True,20260911
exfiltration_burst,20,2026-01-05T20:00:00Z,baseline,endpoint_alerts,3.0,complete,True,20260911
exfiltration_burst,21,2026-01-05T21:00:00Z,baseline,endpoint_alerts,3.0,complete,True,20260911
exfiltration_burst,22,2026-01-05T22:00:00Z,baseline,endpoint_alerts,5.0,complete,True,20260911
exfiltration_burst,23,2026-01-05T23:00:00Z,baseline,endpoint_alerts,4.0,complete,True,20260911
exfiltration_burst,24,2026-01-06T00:00:00Z,baseline,endpoint_alerts,3.0,complete,True,20260911
exfiltration_burst,25,2026-01-06T01:00:00Z,baseline,endpoint_alerts,5.0,complete,True,20260911
exfiltration_burst,26,2026-01-06T02:00:00Z,baseline,endpoint_alerts,3.0,complete,True,20260911
exfiltration_burst,27,2026-01-06T03:00:00Z,baseline,endpoint_alerts,3.0,complete,True,20260911
exfiltration_burst,28,2026-01-06T04:00:00Z,baseline,endpoint_alerts,5.0,complete,True,20260911
exfiltration_burst,29,2026-01-06T05:00:00Z,baseline,endpoint_alerts,3.0,complete,True,20260911
exfiltration_burst,30,2026-01-06T06:00:00Z,baseline,endpoint_alerts,5.0,complete,True,20260911
exfiltration_burst,31,2026-01-06T07:00:00Z,baseline,endpoint_alerts,6.0,complete,True,20260911
exfiltration_burst,32,2026-01-06T08:00:00Z,baseline,endpoint_alerts,5.0,complete,True,20260911
exfiltration_burst,33,2026-01-06T09:00:00Z,baseline,endpoint_alerts,6.0,complete,True,20260911
exfiltration_burst,34,2026-01-06T10:00:00Z,baseline,endpoint_alerts,4.0,complete,True,20260911
exfiltration_burst,35,2026-01-06T11:00:00Z,baseline,endpoint_alerts,6.0,complete,True,20260911
exfiltration_burst,36,2026-01-06T12:00:00Z,baseline,endpoint_alerts,7.0,complete,True,20260911
exfiltration_burst,37,2026-01-06T13:00:00Z,baseline,endpoint_alerts,4.0,complete,True,20260911
exfiltration_burst,38,2026-01-06T14:00:00Z,baseline,endpoint_alerts,7.0,complete,True,20260911
exfiltration_burst,39,2026-01-06T15:00:00Z,baseline,endpoint_alerts,6.0,complete,True,20260911
exfiltration_burst,40,2026-01-06T16:00:00Z,baseline,endpoint_alerts,5.0,complete,True,20260911
exfiltration_burst,41,2026-01-06T17:00:00Z,baseline,endpoint_alerts,5.0,complete,True,20260911
exfiltration_burst,42,2026-01-06T18:00:00Z,baseline,endpoint_alerts,2.0,complete,True,20260911
exfiltration_burst,43,2026-01-06T19:00:00Z,baseline,endpoint_alerts,7.0,complete,True,20260911
exfiltration_burst,44,2026-01-06T20:00:00Z,baseline,endpoint_alerts,5.0,complete,True,20260911
exfiltration_burst,45,2026-01-06T21:00:00Z,baseline,endpoint_alerts,5.0,complete,True,20260911
exfiltration_burst,46,2026-01-06T22:00:00Z,baseline,endpoint_alerts,4.0,complete,True,20260911
exfiltration_burst,47,2026-01-06T23:00:00Z,baseline,endpoint_alerts,5.0,complete,True,20260911
exfiltration_burst,48,2026-01-07T00:00:00Z,target,endpoint_alerts,3,complete,True,20260911
exfiltration_burst,0,2026-01-05T00:00:00Z,baseline,file_rename_events,30.0,complete,True,20260911
exfiltration_burst,1,2026-01-05T01:00:00Z,baseline,file_rename_events,29.0,complete,True,20260911
exfiltration_burst,2,2026-01-05T02:00:00Z,baseline,file_rename_events,38.0,complete,True,20260911
exfiltration_burst,3,2026-01-05T03:00:00Z,baseline,file_rename_events,33.0,complete,True,20260911
exfiltration_burst,4,2026-01-05T04:00:00Z,baseline,file_rename_events,36.0,complete,True,20260911
exfiltration_burst,5,2026-01-05T05:00:00Z,baseline,file_rename_events,40.0,complete,True,20260911
exfiltration_burst,6,2026-01-05T06:00:00Z,baseline,file_rename_events,29.0,complete,True,20260911
exfiltration_burst,7,2026-01-05T07:00:00Z,baseline,file_rename_events,43.0,complete,True,20260911
exfiltration_burst,8,2026-01-05T08:00:00Z,baseline,file_rename_events,42.0,complete,True,20260911
exfiltration_burst,9,2026-01-05T09:00:00Z,baseline,file_rename_events,38.0,complete,True,20260911
exfiltration_burst,10,2026-01-05T10:00:00Z,baseline,file_rename_events,35.0,complete,True,20260911
exfiltration_burst,11,2026-01-05T11:00:00Z,baseline,file_rename_events,49.0,complete,True,20260911
exfiltration_burst,12,2026-01-05T12:00:00Z,baseline,file_rename_events,55.0,complete,True,20260911
exfiltration_burst,13,2026-01-05T13:00:00Z,baseline,file_rename_events,43.0,complete,True,20260911
exfiltration_burst,14,2026-01-05T14:00:00Z,baseline,file_rename_events,47.0,complete,True,20260911
exfiltration_burst,15,2026-01-05T15:00:00Z,baseline,file_rename_events,49.0,complete,True,20260911
exfiltration_burst,16,2026-01-05T16:00:00Z,baseline,file_rename_events,49.0,complete,True,20260911
exfiltration_burst,17,2026-01-05T17:00:00Z,baseline,file_rename_events,48.0,complete,True,20260911
exfiltration_burst,18,2026-01-05T18:00:00Z,baseline,file_rename_events,36.0,complete,True,20260911
exfiltration_burst,19,2026-01-05T19:00:00Z,baseline,file_rename_events,48.0,complete,True,20260911
exfiltration_burst,20,2026-01-05T20:00:00Z,baseline,file_rename_events,34.0,complete,True,20260911
exfiltration_burst,21,2026-01-05T21:00:00Z,baseline,file_rename_events,43.0,complete,True,20260911
exfiltration_burst,22,2026-01-05T22:00:00Z,baseline,file_rename_events,36.0,complete,True,20260911
exfiltration_burst,23,2026-01-05T23:00:00Z,baseline,file_rename_events,32.0,complete,True,20260911
exfiltration_burst,24,2026-01-06T00:00:00Z,baseline,file_rename_events,37.0,complete,True,20260911
exfiltration_burst,25,2026-01-06T01:00:00Z,baseline,file_rename_events,35.0,complete,True,20260911
exfiltration_burst,26,2026-01-06T02:00:00Z,baseline,file_rename_events,32.0,complete,True,20260911
exfiltration_burst,27,2026-01-06T03:00:00Z,baseline,file_rename_events,37.0,complete,True,20260911
exfiltration_burst,28,2026-01-06T04:00:00Z,baseline,file_rename_events,37.0,complete,True,20260911
exfiltration_burst,29,2026-01-06T05:00:00Z,baseline,file_rename_events,36.0,complete,True,20260911
exfiltration_burst,30,2026-01-06T06:00:00Z,baseline,file_rename_events,35.0,complete,True,20260911
exfiltration_burst,31,2026-01-06T07:00:00Z,baseline,file_rename_events,47.0,complete,True,20260911
exfiltration_burst,32,2026-01-06T08:00:00Z,baseline,file_rename_events,37.0,complete,True,20260911
exfiltration_burst,33,2026-01-06T09:00:00Z,baseline,file_rename_events,47.0,complete,True,20260911
exfiltration_burst,34,2026-01-06T10:00:00Z,baseline,file_rename_events,49.0,complete,True,20260911
exfiltration_burst,35,2026-01-06T11:00:00Z,baseline,file_rename_events,53.0,complete,True,20260911
exfiltration_burst,36,2026-01-06T12:00:00Z,baseline,file_rename_events,47.0,complete,True,20260911
exfiltration_burst,37,2026-01-06T13:00:00Z,baseline,file_rename_events,45.0,complete,True,20260911
exfiltration_burst,38,2026-01-06T14:00:00Z,baseline,file_rename_events,52.0,complete,True,20260911
exfiltration_burst,39,2026-01-06T15:00:00Z,baseline,file_rename_events,62.0,complete,True,20260911
exfiltration_burst,40,2026-01-06T16:00:00Z,baseline,file_rename_events,55.0,complete,True,20260911
exfiltration_burst,41,2026-01-06T17:00:00Z,baseline,file_rename_events,61.0,complete,True,20260911
exfiltration_burst,42,2026-01-06T18:00:00Z,baseline,file_rename_events,39.0,complete,True,20260911
exfiltration_burst,43,2026-01-06T19:00:00Z,baseline,file_rename_events,52.0,complete,True,20260911
exfiltration_burst,44,2026-01-06T20:00:00Z,baseline,file_rename_events,55.0,complete,True,20260911
exfiltration_burst,45,2026-01-06T21:00:00Z,baseline,file_rename_events,33.0,complete,True,20260911
exfiltration_burst,46,2026-01-06T22:00:00Z,baseline,file_rename_events,50.0,complete,True,20260911
exfiltration_burst,47,2026-01-06T23:00:00Z,baseline,file_rename_events,31.0,complete,True,20260911
exfiltration_burst,48,2026-01-07T00:00:00Z,target,file_rename_events,25,complete,True,20260911
exfiltration_burst,0,2026-01-05T00:00:00Z,baseline,inbound_requests,29085.0,complete,True,20260911
exfiltration_burst,1,2026-01-05T01:00:00Z,baseline,inbound_requests,28840.0,complete,True,20260911
exfiltration_burst,2,2026-01-05T02:00:00Z,baseline,inbound_requests,27123.0,complete,True,20260911
exfiltration_burst,3,2026-01-05T03:00:00Z,baseline,inbound_requests,27219.0,complete,True,20260911
exfiltration_burst,4,2026-01-05T04:00:00Z,baseline,inbound_requests,30970.0,complete,True,20260911
exfiltration_burst,5,2026-01-05T05:00:00Z,baseline,inbound_requests,33246.0,complete,True,20260911
exfiltration_burst,6,2026-01-05T06:00:00Z,baseline,inbound_requests,38847.0,complete,True,20260911
exfiltration_burst,7,2026-01-05T07:00:00Z,baseline,inbound_requests,42827.0,complete,True,20260911
exfiltration_burst,8,2026-01-05T08:00:00Z,baseline,inbound_requests,50442.0,complete,True,20260911
exfiltration_burst,9,2026-01-05T09:00:00Z,baseline,inbound_requests,56008.0,complete,True,20260911
exfiltration_burst,10,2026-01-05T10:00:00Z,baseline,inbound_requests,66403.0,complete,True,20260911
exfiltration_burst,11,2026-01-05T11:00:00Z,baseline,inbound_requests,65908.0,complete,True,20260911
exfiltration_burst,12,2026-01-05T12:00:00Z,baseline,inbound_requests,68391.0,complete,True,20260911
exfiltration_burst,13,2026-01-05T13:00:00Z,baseline,inbound_requests,77854.0,complete,True,20260911
exfiltration_burst,14,2026-01-05T14:00:00Z,baseline,inbound_requests,75087.0,complete,True,20260911
exfiltration_burst,15,2026-01-05T15:00:00Z,baseline,inbound_requests,71727.0,complete,True,20260911
exfiltration_burst,16,2026-01-05T16:00:00Z,baseline,inbound_requests,68512.0,complete,True,20260911
exfiltration_burst,17,2026-01-05T17:00:00Z,baseline,inbound_requests,69700.0,complete,True,20260911
exfiltration_burst,18,2026-01-05T18:00:00Z,baseline,inbound_requests,62237.0,complete,True,20260911
exfiltration_burst,19,2026-01-05T19:00:00Z,baseline,inbound_requests,62818.0,complete,True,20260911
exfiltration_burst,20,2026-01-05T20:00:00Z,baseline,inbound_requests,51176.0,complete,True,20260911
exfiltration_burst,21,2026-01-05T21:00:00Z,baseline,inbound_requests,44520.0,complete,True,20260911
exfiltration_burst,22,2026-01-05T22:00:00Z,baseline,inbound_requests,44130.0,complete,True,20260911
exfiltration_burst,23,2026-01-05T23:00:00Z,baseline,inbound_requests,36990.0,complete,True,20260911
exfiltration_burst,24,2026-01-06T00:00:00Z,baseline,inbound_requests,30116.0,complete,True,20260911
exfiltration_burst,25,2026-01-06T01:00:00Z,baseline,inbound_requests,27287.0,complete,True,20260911
exfiltration_burst,26,2026-01-06T02:00:00Z,baseline,inbound_requests,28724.0,complete,True,20260911
exfiltration_burst,27,2026-01-06T03:00:00Z,baseline,inbound_requests,28352.0,complete,True,20260911
exfiltration_burst,28,2026-01-06T04:00:00Z,baseline,inbound_requests,29732.0,complete,True,20260911
exfiltration_burst,29,2026-01-06T05:00:00Z,baseline,inbound_requests,34101.0,complete,True,20260911
exfiltration_burst,30,2026-01-06T06:00:00Z,baseline,inbound_requests,43343.0,complete,True,20260911
exfiltration_burst,31,2026-01-06T07:00:00Z,baseline,inbound_requests,49744.0,complete,True,20260911
exfiltration_burst,32,2026-01-06T08:00:00Z,baseline,inbound_requests,52755.0,complete,True,20260911
exfiltration_burst,33,2026-01-06T09:00:00Z,baseline,inbound_requests,55258.0,complete,True,20260911
exfiltration_burst,34,2026-01-06T10:00:00Z,baseline,inbound_requests,63928.0,complete,True,20260911
exfiltration_burst,35,2026-01-06T11:00:00Z,baseline,inbound_requests,69196.0,complete,True,20260911
exfiltration_burst,36,2026-01-06T12:00:00Z,baseline,inbound_requests,72660.0,complete,True,20260911
exfiltration_burst,37,2026-01-06T13:00:00Z,baseline,inbound_requests,71549.0,complete,True,20260911
exfiltration_burst,38,2026-01-06T14:00:00Z,baseline,inbound_requests,69919.0,complete,True,20260911
exfiltration_burst,39,2026-01-06T15:00:00Z,baseline,inbound_requests,76054.0,complete,True,20260911
exfiltration_burst,40,2026-01-06T16:00:00Z,baseline,inbound_requests,78532.0,complete,True,20260911
exfiltration_burst,41,2026-01-06T17:00:00Z,baseline,inbound_requests,63580.0,complete,True,20260911
exfiltration_burst,42,2026-01-06T18:00:00Z,baseline,inbound_requests,60219.0,complete,True,20260911
exfiltration_burst,43,2026-01-06T19:00:00Z,baseline,inbound_requests,58736.0,complete,True,20260911
exfiltration_burst,44,2026-01-06T20:00:00Z,baseline,inbound_requests,53223.0,complete,True,20260911
exfiltration_burst,45,2026-01-06T21:00:00Z,baseline,inbound_requests,46793.0,complete,True,20260911
exfiltration_burst,46,2026-01-06T22:00:00Z,baseline,inbound_requests,40732.0,complete,True,20260911
exfiltration_burst,47,2026-01-06T23:00:00Z,baseline,inbound_requests,35505.0,complete,True,20260911
exfiltration_burst,48,2026-01-07T00:00:00Z,target,inbound_requests,31321,complete,True,20260911
ransomware_burst,0,2026-01-05T00:00:00Z,baseline,auth_failures,93.0,complete,True,20260912
ransomware_burst,1,2026-01-05T01:00:00Z,baseline,auth_failures,80.0,complete,True,20260912
ransomware_burst,2,2026-01-05T02:00:00Z,baseline,auth_failures,78.0,complete,True,20260912
ransomware_burst,3,2026-01-05T03:00:00Z,baseline,auth_failures,94.0,complete,True,20260912
ransomware_burst,4,2026-01-05T04:00:00Z,baseline,auth_failures,96.0,complete,True,20260912
ransomware_burst,5,2026-01-05T05:00:00Z,baseline,auth_failures,78.0,complete,True,20260912
ransomware_burst,6,2026-01-05T06:00:00Z,baseline,auth_failures,101.0,complete,True,20260912
ransomware_burst,7,2026-01-05T07:00:00Z,baseline,auth_failures,100.0,complete,True,20260912
ransomware_burst,8,2026-01-05T08:00:00Z,baseline,auth_failures,112.0,complete,True,20260912
ransomware_burst,9,2026-01-05T09:00:00Z,baseline,auth_failures,137.0,complete,True,20260912
ransomware_burst,10,2026-01-05T10:00:00Z,baseline,auth_failures,144.0,complete,True,20260912
ransomware_burst,11,2026-01-05T11:00:00Z,baseline,auth_failures,147.0,complete,True,20260912
ransomware_burst,12,2026-01-05T12:00:00Z,baseline,auth_failures,150.0,complete,True,20260912
ransomware_burst,13,2026-01-05T13:00:00Z,baseline,auth_failures,158.0,complete,True,20260912
ransomware_burst,14,2026-01-05T14:00:00Z,baseline,auth_failures,158.0,complete,True,20260912
ransomware_burst,15,2026-01-05T15:00:00Z,baseline,auth_failures,136.0,complete,True,20260912
ransomware_burst,16,2026-01-05T16:00:00Z,baseline,auth_failures,154.0,complete,True,20260912
ransomware_burst,17,2026-01-05T17:00:00Z,baseline,auth_failures,160.0,complete,True,20260912
ransomware_burst,18,2026-01-05T18:00:00Z,baseline,auth_failures,129.0,complete,True,20260912
ransomware_burst,19,2026-01-05T19:00:00Z,baseline,auth_failures,127.0,complete,True,20260912
ransomware_burst,20,2026-01-05T20:00:00Z,baseline,auth_failures,140.0,complete,True,20260912
ransomware_burst,21,2026-01-05T21:00:00Z,baseline,auth_failures,132.0,complete,True,20260912
ransomware_burst,22,2026-01-05T22:00:00Z,baseline,auth_failures,108.0,complete,True,20260912
ransomware_burst,23,2026-01-05T23:00:00Z,baseline,auth_failures,99.0,complete,True,20260912
ransomware_burst,24,2026-01-06T00:00:00Z,baseline,auth_failures,70.0,complete,True,20260912
ransomware_burst,25,2026-01-06T01:00:00Z,baseline,auth_failures,89.0,complete,True,20260912
ransomware_burst,26,2026-01-06T02:00:00Z,baseline,auth_failures,88.0,complete,True,20260912
ransomware_burst,27,2026-01-06T03:00:00Z,baseline,auth_failures,79.0,complete,True,20260912
ransomware_burst,28,2026-01-06T04:00:00Z,baseline,auth_failures,94.0,complete,True,20260912
ransomware_burst,29,2026-01-06T05:00:00Z,baseline,auth_failures,99.0,complete,True,20260912
ransomware_burst,30,2026-01-06T06:00:00Z,baseline,auth_failures,110.0,complete,True,20260912
ransomware_burst,31,2026-01-06T07:00:00Z,baseline,auth_failures,133.0,complete,True,20260912
ransomware_burst,32,2026-01-06T08:00:00Z,baseline,auth_failures,114.0,complete,True,20260912
ransomware_burst,33,2026-01-06T09:00:00Z,baseline,auth_failures,158.0,complete,True,20260912
ransomware_burst,34,2026-01-06T10:00:00Z,baseline,auth_failures,148.0,complete,True,20260912
ransomware_burst,35,2026-01-06T11:00:00Z,baseline,auth_failures,164.0,complete,True,20260912
ransomware_burst,36,2026-01-06T12:00:00Z,baseline,auth_failures,133.0,complete,True,20260912
ransomware_burst,37,2026-01-06T13:00:00Z,baseline,auth_failures,163.0,complete,True,20260912
ransomware_burst,38,2026-01-06T14:00:00Z,baseline,auth_failures,165.0,complete,True,20260912
ransomware_burst,39,2026-01-06T15:00:00Z,baseline,auth_failures,157.0,complete,True,20260912
ransomware_burst,40,2026-01-06T16:00:00Z,baseline,auth_failures,167.0,complete,True,20260912
ransomware_burst,41,2026-01-06T17:00:00Z,baseline,auth_failures,125.0,complete,True,20260912
ransomware_burst,42,2026-01-06T18:00:00Z,baseline,auth_failures,148.0,complete,True,20260912
ransomware_burst,43,2026-01-06T19:00:00Z,baseline,auth_failures,135.0,complete,True,20260912
ransomware_burst,44,2026-01-06T20:00:00Z,baseline,auth_failures,127.0,complete,True,20260912
ransomware_burst,45,2026-01-06T21:00:00Z,baseline,auth_failures,117.0,complete,True,20260912
ransomware_burst,46,2026-01-06T22:00:00Z,baseline,auth_failures,85.0,complete,True,20260912
ransomware_burst,47,2026-01-06T23:00:00Z,baseline,auth_failures,103.0,complete,True,20260912
ransomware_burst,48,2026-01-07T00:00:00Z,target,auth_failures,93,complete,True,20260912
ransomware_burst,0,2026-01-05T00:00:00Z,baseline,unique_failed_accounts,29.0,complete,True,20260912
ransomware_burst,1,2026-01-05T01:00:00Z,baseline,unique_failed_accounts,25.0,complete,True,20260912
ransomware_burst,2,2026-01-05T02:00:00Z,baseline,unique_failed_accounts,26.0,complete,True,20260912
ransomware_burst,3,2026-01-05T03:00:00Z,baseline,unique_failed_accounts,29.0,complete,True,20260912
ransomware_burst,4,2026-01-05T04:00:00Z,baseline,unique_failed_accounts,28.0,complete,True,20260912
ransomware_burst,5,2026-01-05T05:00:00Z,baseline,unique_failed_accounts,33.0,complete,True,20260912
ransomware_burst,6,2026-01-05T06:00:00Z,baseline,unique_failed_accounts,29.0,complete,True,20260912
ransomware_burst,7,2026-01-05T07:00:00Z,baseline,unique_failed_accounts,34.0,complete,True,20260912
ransomware_burst,8,2026-01-05T08:00:00Z,baseline,unique_failed_accounts,32.0,complete,True,20260912
ransomware_burst,9,2026-01-05T09:00:00Z,baseline,unique_failed_accounts,36.0,complete,True,20260912
ransomware_burst,10,2026-01-05T10:00:00Z,baseline,unique_failed_accounts,34.0,complete,True,20260912
ransomware_burst,11,2026-01-05T11:00:00Z,baseline,unique_failed_accounts,50.0,complete,True,20260912
ransomware_burst,12,2026-01-05T12:00:00Z,baseline,unique_failed_accounts,39.0,complete,True,20260912
ransomware_burst,13,2026-01-05T13:00:00Z,baseline,unique_failed_accounts,41.0,complete,True,20260912
ransomware_burst,14,2026-01-05T14:00:00Z,baseline,unique_failed_accounts,37.0,complete,True,20260912
ransomware_burst,15,2026-01-05T15:00:00Z,baseline,unique_failed_accounts,41.0,complete,True,20260912
ransomware_burst,16,2026-01-05T16:00:00Z,baseline,unique_failed_accounts,45.0,complete,True,20260912
ransomware_burst,17,2026-01-05T17:00:00Z,baseline,unique_failed_accounts,42.0,complete,True,20260912
ransomware_burst,18,2026-01-05T18:00:00Z,baseline,unique_failed_accounts,33.0,complete,True,20260912
ransomware_burst,19,2026-01-05T19:00:00Z,baseline,unique_failed_accounts,38.0,complete,True,20260912
ransomware_burst,20,2026-01-05T20:00:00Z,baseline,unique_failed_accounts,42.0,complete,True,20260912
ransomware_burst,21,2026-01-05T21:00:00Z,baseline,unique_failed_accounts,30.0,complete,True,20260912
ransomware_burst,22,2026-01-05T22:00:00Z,baseline,unique_failed_accounts,31.0,complete,True,20260912
ransomware_burst,23,2026-01-05T23:00:00Z,baseline,unique_failed_accounts,26.0,complete,True,20260912
ransomware_burst,24,2026-01-06T00:00:00Z,baseline,unique_failed_accounts,28.0,complete,True,20260912
ransomware_burst,25,2026-01-06T01:00:00Z,baseline,unique_failed_accounts,26.0,complete,True,20260912
ransomware_burst,26,2026-01-06T02:00:00Z,baseline,unique_failed_accounts,30.0,complete,True,20260912
ransomware_burst,27,2026-01-06T03:00:00Z,baseline,unique_failed_accounts,32.0,complete,True,20260912
ransomware_burst,28,2026-01-06T04:00:00Z,baseline,unique_failed_accounts,28.0,complete,True,20260912
ransomware_burst,29,2026-01-06T05:00:00Z,baseline,unique_failed_accounts,29.0,complete,True,20260912
ransomware_burst,30,2026-01-06T06:00:00Z,baseline,unique_failed_accounts,31.0,complete,True,20260912
ransomware_burst,31,2026-01-06T07:00:00Z,baseline,unique_failed_accounts,31.0,complete,True,20260912
ransomware_burst,32,2026-01-06T08:00:00Z,baseline,unique_failed_accounts,35.0,complete,True,20260912
ransomware_burst,33,2026-01-06T09:00:00Z,baseline,unique_failed_accounts,36.0,complete,True,20260912
ransomware_burst,34,2026-01-06T10:00:00Z,baseline,unique_failed_accounts,46.0,complete,True,20260912
ransomware_burst,35,2026-01-06T11:00:00Z,baseline,unique_failed_accounts,35.0,complete,True,20260912
ransomware_burst,36,2026-01-06T12:00:00Z,baseline,unique_failed_accounts,51.0,complete,True,20260912
ransomware_burst,37,2026-01-06T13:00:00Z,baseline,unique_failed_accounts,44.0,complete,True,20260912
ransomware_burst,38,2026-01-06T14:00:00Z,baseline,unique_failed_accounts,41.0,complete,True,20260912
ransomware_burst,39,2026-01-06T15:00:00Z,baseline,unique_failed_accounts,44.0,complete,True,20260912
ransomware_burst,40,2026-01-06T16:00:00Z,baseline,unique_failed_accounts,44.0,complete,True,20260912
ransomware_burst,41,2026-01-06T17:00:00Z,baseline,unique_failed_accounts,41.0,complete,True,20260912
ransomware_burst,42,2026-01-06T18:00:00Z,baseline,unique_failed_accounts,38.0,complete,True,20260912
ransomware_burst,43,2026-01-06T19:00:00Z,baseline,unique_failed_accounts,37.0,complete,True,20260912
ransomware_burst,44,2026-01-06T20:00:00Z,baseline,unique_failed_accounts,37.0,complete,True,20260912
ransomware_burst,45,2026-01-06T21:00:00Z,baseline,unique_failed_accounts,32.0,complete,True,20260912
ransomware_burst,46,2026-01-06T22:00:00Z,baseline,unique_failed_accounts,32.0,complete,True,20260912
ransomware_burst,47,2026-01-06T23:00:00Z,baseline,unique_failed_accounts,24.0,complete,True,20260912
ransomware_burst,48,2026-01-07T00:00:00Z,target,unique_failed_accounts,35,complete,True,20260912
ransomware_burst,0,2026-01-05T00:00:00Z,baseline,unique_source_ips,171.0,complete,True,20260912
ransomware_burst,1,2026-01-05T01:00:00Z,baseline,unique_source_ips,180.0,complete,True,20260912
ransomware_burst,2,2026-01-05T02:00:00Z,baseline,unique_source_ips,194.0,complete,True,20260912
ransomware_burst,3,2026-01-05T03:00:00Z,baseline,unique_source_ips,206.0,complete,True,20260912
ransomware_burst,4,2026-01-05T04:00:00Z,baseline,unique_source_ips,206.0,complete,True,20260912
ransomware_burst,5,2026-01-05T05:00:00Z,baseline,unique_source_ips,210.0,complete,True,20260912
ransomware_burst,6,2026-01-05T06:00:00Z,baseline,unique_source_ips,203.0,complete,True,20260912
ransomware_burst,7,2026-01-05T07:00:00Z,baseline,unique_source_ips,242.0,complete,True,20260912
ransomware_burst,8,2026-01-05T08:00:00Z,baseline,unique_source_ips,233.0,complete,True,20260912
ransomware_burst,9,2026-01-05T09:00:00Z,baseline,unique_source_ips,309.0,complete,True,20260912
ransomware_burst,10,2026-01-05T10:00:00Z,baseline,unique_source_ips,282.0,complete,True,20260912
ransomware_burst,11,2026-01-05T11:00:00Z,baseline,unique_source_ips,295.0,complete,True,20260912
ransomware_burst,12,2026-01-05T12:00:00Z,baseline,unique_source_ips,320.0,complete,True,20260912
ransomware_burst,13,2026-01-05T13:00:00Z,baseline,unique_source_ips,286.0,complete,True,20260912
ransomware_burst,14,2026-01-05T14:00:00Z,baseline,unique_source_ips,299.0,complete,True,20260912
ransomware_burst,15,2026-01-05T15:00:00Z,baseline,unique_source_ips,294.0,complete,True,20260912
ransomware_burst,16,2026-01-05T16:00:00Z,baseline,unique_source_ips,349.0,complete,True,20260912
ransomware_burst,17,2026-01-05T17:00:00Z,baseline,unique_source_ips,294.0,complete,True,20260912
ransomware_burst,18,2026-01-05T18:00:00Z,baseline,unique_source_ips,270.0,complete,True,20260912
ransomware_burst,19,2026-01-05T19:00:00Z,baseline,unique_source_ips,287.0,complete,True,20260912
ransomware_burst,20,2026-01-05T20:00:00Z,baseline,unique_source_ips,248.0,complete,True,20260912
ransomware_burst,21,2026-01-05T21:00:00Z,baseline,unique_source_ips,238.0,complete,True,20260912
ransomware_burst,22,2026-01-05T22:00:00Z,baseline,unique_source_ips,227.0,complete,True,20260912
ransomware_burst,23,2026-01-05T23:00:00Z,baseline,unique_source_ips,197.0,complete,True,20260912
ransomware_burst,24,2026-01-06T00:00:00Z,baseline,unique_source_ips,212.0,complete,True,20260912
ransomware_burst,25,2026-01-06T01:00:00Z,baseline,unique_source_ips,186.0,complete,True,20260912
ransomware_burst,26,2026-01-06T02:00:00Z,baseline,unique_source_ips,200.0,complete,True,20260912
ransomware_burst,27,2026-01-06T03:00:00Z,baseline,unique_source_ips,210.0,complete,True,20260912
ransomware_burst,28,2026-01-06T04:00:00Z,baseline,unique_source_ips,235.0,complete,True,20260912
ransomware_burst,29,2026-01-06T05:00:00Z,baseline,unique_source_ips,197.0,complete,True,20260912
ransomware_burst,30,2026-01-06T06:00:00Z,baseline,unique_source_ips,218.0,complete,True,20260912
ransomware_burst,31,2026-01-06T07:00:00Z,baseline,unique_source_ips,215.0,complete,True,20260912
ransomware_burst,32,2026-01-06T08:00:00Z,baseline,unique_source_ips,254.0,complete,True,20260912
ransomware_burst,33,2026-01-06T09:00:00Z,baseline,unique_source_ips,284.0,complete,True,20260912
ransomware_burst,34,2026-01-06T10:00:00Z,baseline,unique_source_ips,288.0,complete,True,20260912
ransomware_burst,35,2026-01-06T11:00:00Z,baseline,unique_source_ips,281.0,complete,True,20260912
ransomware_burst,36,2026-01-06T12:00:00Z,baseline,unique_source_ips,313.0,complete,True,20260912
ransomware_burst,37,2026-01-06T13:00:00Z,baseline,unique_source_ips,280.0,complete,True,20260912
ransomware_burst,38,2026-01-06T14:00:00Z,baseline,unique_source_ips,277.0,complete,True,20260912
ransomware_burst,39,2026-01-06T15:00:00Z,baseline,unique_source_ips,344.0,complete,True,20260912
ransomware_burst,40,2026-01-06T16:00:00Z,baseline,unique_source_ips,261.0,complete,True,20260912
ransomware_burst,41,2026-01-06T17:00:00Z,baseline,unique_source_ips,274.0,complete,True,20260912
ransomware_burst,42,2026-01-06T18:00:00Z,baseline,unique_source_ips,278.0,complete,True,20260912
ransomware_burst,43,2026-01-06T19:00:00Z,baseline,unique_source_ips,265.0,complete,True,20260912
ransomware_burst,44,2026-01-06T20:00:00Z,baseline,unique_source_ips,255.0,complete,True,20260912
ransomware_burst,45,2026-01-06T21:00:00Z,baseline,unique_source_ips,238.0,complete,True,20260912
ransomware_burst,46,2026-01-06T22:00:00Z,baseline,unique_source_ips,201.0,complete,True,20260912
ransomware_burst,47,2026-01-06T23:00:00Z,baseline,unique_source_ips,223.0,complete,True,20260912
ransomware_burst,48,2026-01-07T00:00:00Z,target,unique_source_ips,225,complete,True,20260912
ransomware_burst,0,2026-01-05T00:00:00Z,baseline,successful_logins,1014.0,complete,True,20260912
ransomware_burst,1,2026-01-05T01:00:00Z,baseline,successful_logins,909.0,complete,True,20260912
ransomware_burst,2,2026-01-05T02:00:00Z,baseline,successful_logins,860.0,complete,True,20260912
ransomware_burst,3,2026-01-05T03:00:00Z,baseline,successful_logins,786.0,complete,True,20260912
ransomware_burst,4,2026-01-05T04:00:00Z,baseline,successful_logins,1000.0,complete,True,20260912
ransomware_burst,5,2026-01-05T05:00:00Z,baseline,successful_logins,1010.0,complete,True,20260912
ransomware_burst,6,2026-01-05T06:00:00Z,baseline,successful_logins,1253.0,complete,True,20260912
ransomware_burst,7,2026-01-05T07:00:00Z,baseline,successful_logins,1253.0,complete,True,20260912
ransomware_burst,8,2026-01-05T08:00:00Z,baseline,successful_logins,1554.0,complete,True,20260912
ransomware_burst,9,2026-01-05T09:00:00Z,baseline,successful_logins,1530.0,complete,True,20260912
ransomware_burst,10,2026-01-05T10:00:00Z,baseline,successful_logins,1859.0,complete,True,20260912
ransomware_burst,11,2026-01-05T11:00:00Z,baseline,successful_logins,1686.0,complete,True,20260912
ransomware_burst,12,2026-01-05T12:00:00Z,baseline,successful_logins,2340.0,complete,True,20260912
ransomware_burst,13,2026-01-05T13:00:00Z,baseline,successful_logins,2102.0,complete,True,20260912
ransomware_burst,14,2026-01-05T14:00:00Z,baseline,successful_logins,2044.0,complete,True,20260912
ransomware_burst,15,2026-01-05T15:00:00Z,baseline,successful_logins,2080.0,complete,True,20260912
ransomware_burst,16,2026-01-05T16:00:00Z,baseline,successful_logins,1873.0,complete,True,20260912
ransomware_burst,17,2026-01-05T17:00:00Z,baseline,successful_logins,2001.0,complete,True,20260912
ransomware_burst,18,2026-01-05T18:00:00Z,baseline,successful_logins,1790.0,complete,True,20260912
ransomware_burst,19,2026-01-05T19:00:00Z,baseline,successful_logins,1670.0,complete,True,20260912
ransomware_burst,20,2026-01-05T20:00:00Z,baseline,successful_logins,1537.0,complete,True,20260912
ransomware_burst,21,2026-01-05T21:00:00Z,baseline,successful_logins,1363.0,complete,True,20260912
ransomware_burst,22,2026-01-05T22:00:00Z,baseline,successful_logins,1224.0,complete,True,20260912
ransomware_burst,23,2026-01-05T23:00:00Z,baseline,successful_logins,1142.0,complete,True,20260912
ransomware_burst,24,2026-01-06T00:00:00Z,baseline,successful_logins,942.0,complete,True,20260912
ransomware_burst,25,2026-01-06T01:00:00Z,baseline,successful_logins,996.0,complete,True,20260912
ransomware_burst,26,2026-01-06T02:00:00Z,baseline,successful_logins,947.0,complete,True,20260912
ransomware_burst,27,2026-01-06T03:00:00Z,baseline,successful_logins,1072.0,complete,True,20260912
ransomware_burst,28,2026-01-06T04:00:00Z,baseline,successful_logins,954.0,complete,True,20260912
ransomware_burst,29,2026-01-06T05:00:00Z,baseline,successful_logins,1055.0,complete,True,20260912
ransomware_burst,30,2026-01-06T06:00:00Z,baseline,successful_logins,1221.0,complete,True,20260912
ransomware_burst,31,2026-01-06T07:00:00Z,baseline,successful_logins,1319.0,complete,True,20260912
ransomware_burst,32,2026-01-06T08:00:00Z,baseline,successful_logins,1567.0,complete,True,20260912
ransomware_burst,33,2026-01-06T09:00:00Z,baseline,successful_logins,1771.0,complete,True,20260912
ransomware_burst,34,2026-01-06T10:00:00Z,baseline,successful_logins,2031.0,complete,True,20260912
ransomware_burst,35,2026-01-06T11:00:00Z,baseline,successful_logins,1862.0,complete,True,20260912
ransomware_burst,36,2026-01-06T12:00:00Z,baseline,successful_logins,2092.0,complete,True,20260912
ransomware_burst,37,2026-01-06T13:00:00Z,baseline,successful_logins,2152.0,complete,True,20260912
ransomware_burst,38,2026-01-06T14:00:00Z,baseline,successful_logins,2219.0,complete,True,20260912
ransomware_burst,39,2026-01-06T15:00:00Z,baseline,successful_logins,2118.0,complete,True,20260912
ransomware_burst,40,2026-01-06T16:00:00Z,baseline,successful_logins,2084.0,complete,True,20260912
ransomware_burst,41,2026-01-06T17:00:00Z,baseline,successful_logins,1995.0,complete,True,20260912
ransomware_burst,42,2026-01-06T18:00:00Z,baseline,successful_logins,1841.0,complete,True,20260912
ransomware_burst,43,2026-01-06T19:00:00Z,baseline,successful_logins,1541.0,complete,True,20260912
ransomware_burst,44,2026-01-06T20:00:00Z,baseline,successful_logins,1454.0,complete,True,20260912
ransomware_burst,45,2026-01-06T21:00:00Z,baseline,successful_logins,1370.0,complete,True,20260912
ransomware_burst,46,2026-01-06T22:00:00Z,baseline,successful_logins,1428.0,complete,True,20260912
ransomware_burst,47,2026-01-06T23:00:00Z,baseline,successful_logins,1120.0,complete,True,20260912
ransomware_burst,48,2026-01-07T00:00:00Z,target,successful_logins,867,complete,True,20260912
ransomware_burst,0,2026-01-05T00:00:00Z,baseline,privileged_changes,1.0,complete,True,20260912
ransomware_burst,1,2026-01-05T01:00:00Z,baseline,privileged_changes,2.0,complete,True,20260912
ransomware_burst,2,2026-01-05T02:00:00Z,baseline,privileged_changes,2.0,complete,True,20260912
ransomware_burst,3,2026-01-05T03:00:00Z,baseline,privileged_changes,2.0,complete,True,20260912
ransomware_burst,4,2026-01-05T04:00:00Z,baseline,privileged_changes,1.0,complete,True,20260912
ransomware_burst,5,2026-01-05T05:00:00Z,baseline,privileged_changes,2.0,complete,True,20260912
ransomware_burst,6,2026-01-05T06:00:00Z,baseline,privileged_changes,1.0,complete,True,20260912
ransomware_burst,7,2026-01-05T07:00:00Z,baseline,privileged_changes,2.0,complete,True,20260912
ransomware_burst,8,2026-01-05T08:00:00Z,baseline,privileged_changes,2.0,complete,True,20260912
ransomware_burst,9,2026-01-05T09:00:00Z,baseline,privileged_changes,1.0,complete,True,20260912
ransomware_burst,10,2026-01-05T10:00:00Z,baseline,privileged_changes,2.0,complete,True,20260912
ransomware_burst,11,2026-01-05T11:00:00Z,baseline,privileged_changes,2.0,complete,True,20260912
ransomware_burst,12,2026-01-05T12:00:00Z,baseline,privileged_changes,2.0,complete,True,20260912
ransomware_burst,13,2026-01-05T13:00:00Z,baseline,privileged_changes,2.0,complete,True,20260912
ransomware_burst,14,2026-01-05T14:00:00Z,baseline,privileged_changes,3.0,complete,True,20260912
ransomware_burst,15,2026-01-05T15:00:00Z,baseline,privileged_changes,2.0,complete,True,20260912
ransomware_burst,16,2026-01-05T16:00:00Z,baseline,privileged_changes,3.0,complete,True,20260912
ransomware_burst,17,2026-01-05T17:00:00Z,baseline,privileged_changes,2.0,complete,True,20260912
ransomware_burst,18,2026-01-05T18:00:00Z,baseline,privileged_changes,2.0,complete,True,20260912
ransomware_burst,19,2026-01-05T19:00:00Z,baseline,privileged_changes,1.0,complete,True,20260912
ransomware_burst,20,2026-01-05T20:00:00Z,baseline,privileged_changes,1.0,complete,True,20260912
ransomware_burst,21,2026-01-05T21:00:00Z,baseline,privileged_changes,2.0,complete,True,20260912
ransomware_burst,22,2026-01-05T22:00:00Z,baseline,privileged_changes,1.0,complete,True,20260912
ransomware_burst,23,2026-01-05T23:00:00Z,baseline,privileged_changes,2.0,complete,True,20260912
ransomware_burst,24,2026-01-06T00:00:00Z,baseline,privileged_changes,1.0,complete,True,20260912
ransomware_burst,25,2026-01-06T01:00:00Z,baseline,privileged_changes,2.0,complete,True,20260912
ransomware_burst,26,2026-01-06T02:00:00Z,baseline,privileged_changes,2.0,complete,True,20260912
ransomware_burst,27,2026-01-06T03:00:00Z,baseline,privileged_changes,1.0,complete,True,20260912
ransomware_burst,28,2026-01-06T04:00:00Z,baseline,privileged_changes,1.0,complete,True,20260912
ransomware_burst,29,2026-01-06T05:00:00Z,baseline,privileged_changes,1.0,complete,True,20260912
ransomware_burst,30,2026-01-06T06:00:00Z,baseline,privileged_changes,2.0,complete,True,20260912
ransomware_burst,31,2026-01-06T07:00:00Z,baseline,privileged_changes,2.0,complete,True,20260912
ransomware_burst,32,2026-01-06T08:00:00Z,baseline,privileged_changes,2.0,complete,True,20260912
ransomware_burst,33,2026-01-06T09:00:00Z,baseline,privileged_changes,1.0,complete,True,20260912
ransomware_burst,34,2026-01-06T10:00:00Z,baseline,privileged_changes,2.0,complete,True,20260912
ransomware_burst,35,2026-01-06T11:00:00Z,baseline,privileged_changes,1.0,complete,True,20260912
ransomware_burst,36,2026-01-06T12:00:00Z,baseline,privileged_changes,2.0,complete,True,20260912
ransomware_burst,37,2026-01-06T13:00:00Z,baseline,privileged_changes,2.0,complete,True,20260912
ransomware_burst,38,2026-01-06T14:00:00Z,baseline,privileged_changes,2.0,complete,True,20260912
ransomware_burst,39,2026-01-06T15:00:00Z,baseline,privileged_changes,3.0,complete,True,20260912
ransomware_burst,40,2026-01-06T16:00:00Z,baseline,privileged_changes,2.0,complete,True,20260912
ransomware_burst,41,2026-01-06T17:00:00Z,baseline,privileged_changes,2.0,complete,True,20260912
ransomware_burst,42,2026-01-06T18:00:00Z,baseline,privileged_changes,2.0,complete,True,20260912
ransomware_burst,43,2026-01-06T19:00:00Z,baseline,privileged_changes,2.0,complete,True,20260912
ransomware_burst,44,2026-01-06T20:00:00Z,baseline,privileged_changes,2.0,complete,True,20260912
ransomware_burst,45,2026-01-06T21:00:00Z,baseline,privileged_changes,1.0,complete,True,20260912
ransomware_burst,46,2026-01-06T22:00:00Z,baseline,privileged_changes,2.0,complete,True,20260912
ransomware_burst,47,2026-01-06T23:00:00Z,baseline,privileged_changes,2.0,complete,True,20260912
ransomware_burst,48,2026-01-07T00:00:00Z,target,privileged_changes,1,complete,True,20260912
ransomware_burst,0,2026-01-05T00:00:00Z,baseline,outbound_mb,569.618,complete,True,20260912
ransomware_burst,1,2026-01-05T01:00:00Z,baseline,outbound_mb,590.314,complete,True,20260912
ransomware_burst,2,2026-01-05T02:00:00Z,baseline,outbound_mb,499.042,complete,True,20260912
ransomware_burst,3,2026-01-05T03:00:00Z,baseline,outbound_mb,586.011,complete,True,20260912
ransomware_burst,4,2026-01-05T04:00:00Z,baseline,outbound_mb,615.7,complete,True,20260912
ransomware_burst,5,2026-01-05T05:00:00Z,baseline,outbound_mb,626.911,complete,True,20260912
ransomware_burst,6,2026-01-05T06:00:00Z,baseline,outbound_mb,743.643,complete,True,20260912
ransomware_burst,7,2026-01-05T07:00:00Z,baseline,outbound_mb,671.023,complete,True,20260912
ransomware_burst,8,2026-01-05T08:00:00Z,baseline,outbound_mb,941.457,complete,True,20260912
ransomware_burst,9,2026-01-05T09:00:00Z,baseline,outbound_mb,941.562,complete,True,20260912
ransomware_burst,10,2026-01-05T10:00:00Z,baseline,outbound_mb,959.481,complete,True,20260912
ransomware_burst,11,2026-01-05T11:00:00Z,baseline,outbound_mb,1023.223,complete,True,20260912
ransomware_burst,12,2026-01-05T12:00:00Z,baseline,outbound_mb,1045.345,complete,True,20260912
ransomware_burst,13,2026-01-05T13:00:00Z,baseline,outbound_mb,1144.96,complete,True,20260912
ransomware_burst,14,2026-01-05T14:00:00Z,baseline,outbound_mb,1120.51,complete,True,20260912
ransomware_burst,15,2026-01-05T15:00:00Z,baseline,outbound_mb,1283.955,complete,True,20260912
ransomware_burst,16,2026-01-05T16:00:00Z,baseline,outbound_mb,1208.597,complete,True,20260912
ransomware_burst,17,2026-01-05T17:00:00Z,baseline,outbound_mb,1122.067,complete,True,20260912
ransomware_burst,18,2026-01-05T18:00:00Z,baseline,outbound_mb,1099.137,complete,True,20260912
ransomware_burst,19,2026-01-05T19:00:00Z,baseline,outbound_mb,981.991,complete,True,20260912
ransomware_burst,20,2026-01-05T20:00:00Z,baseline,outbound_mb,879.454,complete,True,20260912
ransomware_burst,21,2026-01-05T21:00:00Z,baseline,outbound_mb,768.974,complete,True,20260912
ransomware_burst,22,2026-01-05T22:00:00Z,baseline,outbound_mb,654.101,complete,True,20260912
ransomware_burst,23,2026-01-05T23:00:00Z,baseline,outbound_mb,658.746,complete,True,20260912
ransomware_burst,24,2026-01-06T00:00:00Z,baseline,outbound_mb,528.428,complete,True,20260912
ransomware_burst,25,2026-01-06T01:00:00Z,baseline,outbound_mb,535.876,complete,True,20260912
ransomware_burst,26,2026-01-06T02:00:00Z,baseline,outbound_mb,552.549,complete,True,20260912
ransomware_burst,27,2026-01-06T03:00:00Z,baseline,outbound_mb,569.242,complete,True,20260912
ransomware_burst,28,2026-01-06T04:00:00Z,baseline,outbound_mb,580.46,complete,True,20260912
ransomware_burst,29,2026-01-06T05:00:00Z,baseline,outbound_mb,597.628,complete,True,20260912
ransomware_burst,30,2026-01-06T06:00:00Z,baseline,outbound_mb,648.03,complete,True,20260912
ransomware_burst,31,2026-01-06T07:00:00Z,baseline,outbound_mb,849.046,complete,True,20260912
ransomware_burst,32,2026-01-06T08:00:00Z,baseline,outbound_mb,853.942,complete,True,20260912
ransomware_burst,33,2026-01-06T09:00:00Z,baseline,outbound_mb,966.863,complete,True,20260912
ransomware_burst,34,2026-01-06T10:00:00Z,baseline,outbound_mb,987.898,complete,True,20260912
ransomware_burst,35,2026-01-06T11:00:00Z,baseline,outbound_mb,1103.945,complete,True,20260912
ransomware_burst,36,2026-01-06T12:00:00Z,baseline,outbound_mb,1107.193,complete,True,20260912
ransomware_burst,37,2026-01-06T13:00:00Z,baseline,outbound_mb,1007.202,complete,True,20260912
ransomware_burst,38,2026-01-06T14:00:00Z,baseline,outbound_mb,1162.302,complete,True,20260912
ransomware_burst,39,2026-01-06T15:00:00Z,baseline,outbound_mb,1294.028,complete,True,20260912
ransomware_burst,40,2026-01-06T16:00:00Z,baseline,outbound_mb,1023.66,complete,True,20260912
ransomware_burst,41,2026-01-06T17:00:00Z,baseline,outbound_mb,964.261,complete,True,20260912
ransomware_burst,42,2026-01-06T18:00:00Z,baseline,outbound_mb,951.751,complete,True,20260912
ransomware_burst,43,2026-01-06T19:00:00Z,baseline,outbound_mb,1012.848,complete,True,20260912
ransomware_burst,44,2026-01-06T20:00:00Z,baseline,outbound_mb,879.287,complete,True,20260912
ransomware_burst,45,2026-01-06T21:00:00Z,baseline,outbound_mb,744.357,complete,True,20260912
ransomware_burst,46,2026-01-06T22:00:00Z,baseline,outbound_mb,658.886,complete,True,20260912
ransomware_burst,47,2026-01-06T23:00:00Z,baseline,outbound_mb,666.609,complete,True,20260912
ransomware_burst,48,2026-01-07T00:00:00Z,target,outbound_mb,565.775,complete,True,20260912
ransomware_burst,0,2026-01-05T00:00:00Z,baseline,api_5xx,13.0,complete,True,20260912
ransomware_burst,1,2026-01-05T01:00:00Z,baseline,api_5xx,16.0,complete,True,20260912
ransomware_burst,2,2026-01-05T02:00:00Z,baseline,api_5xx,16.0,complete,True,20260912
ransomware_burst,3,2026-01-05T03:00:00Z,baseline,api_5xx,18.0,complete,True,20260912
ransomware_burst,4,2026-01-05T04:00:00Z,baseline,api_5xx,15.0,complete,True,20260912
ransomware_burst,5,2026-01-05T05:00:00Z,baseline,api_5xx,20.0,complete,True,20260912
ransomware_burst,6,2026-01-05T06:00:00Z,baseline,api_5xx,6.0,complete,True,20260912
ransomware_burst,7,2026-01-05T07:00:00Z,baseline,api_5xx,20.0,complete,True,20260912
ransomware_burst,8,2026-01-05T08:00:00Z,baseline,api_5xx,19.0,complete,True,20260912
ransomware_burst,9,2026-01-05T09:00:00Z,baseline,api_5xx,21.0,complete,True,20260912
ransomware_burst,10,2026-01-05T10:00:00Z,baseline,api_5xx,18.0,complete,True,20260912
ransomware_burst,11,2026-01-05T11:00:00Z,baseline,api_5xx,21.0,complete,True,20260912
ransomware_burst,12,2026-01-05T12:00:00Z,baseline,api_5xx,30.0,complete,True,20260912
ransomware_burst,13,2026-01-05T13:00:00Z,baseline,api_5xx,27.0,complete,True,20260912
ransomware_burst,14,2026-01-05T14:00:00Z,baseline,api_5xx,27.0,complete,True,20260912
ransomware_burst,15,2026-01-05T15:00:00Z,baseline,api_5xx,19.0,complete,True,20260912
ransomware_burst,16,2026-01-05T16:00:00Z,baseline,api_5xx,28.0,complete,True,20260912
ransomware_burst,17,2026-01-05T17:00:00Z,baseline,api_5xx,24.0,complete,True,20260912
ransomware_burst,18,2026-01-05T18:00:00Z,baseline,api_5xx,20.0,complete,True,20260912
ransomware_burst,19,2026-01-05T19:00:00Z,baseline,api_5xx,20.0,complete,True,20260912
ransomware_burst,20,2026-01-05T20:00:00Z,baseline,api_5xx,19.0,complete,True,20260912
ransomware_burst,21,2026-01-05T21:00:00Z,baseline,api_5xx,18.0,complete,True,20260912
ransomware_burst,22,2026-01-05T22:00:00Z,baseline,api_5xx,18.0,complete,True,20260912
ransomware_burst,23,2026-01-05T23:00:00Z,baseline,api_5xx,11.0,complete,True,20260912
ransomware_burst,24,2026-01-06T00:00:00Z,baseline,api_5xx,12.0,complete,True,20260912
ransomware_burst,25,2026-01-06T01:00:00Z,baseline,api_5xx,11.0,complete,True,20260912
ransomware_burst,26,2026-01-06T02:00:00Z,baseline,api_5xx,11.0,complete,True,20260912
ransomware_burst,27,2026-01-06T03:00:00Z,baseline,api_5xx,12.0,complete,True,20260912
ransomware_burst,28,2026-01-06T04:00:00Z,baseline,api_5xx,14.0,complete,True,20260912
ransomware_burst,29,2026-01-06T05:00:00Z,baseline,api_5xx,15.0,complete,True,20260912
ransomware_burst,30,2026-01-06T06:00:00Z,baseline,api_5xx,15.0,complete,True,20260912
ransomware_burst,31,2026-01-06T07:00:00Z,baseline,api_5xx,21.0,complete,True,20260912
ransomware_burst,32,2026-01-06T08:00:00Z,baseline,api_5xx,19.0,complete,True,20260912
ransomware_burst,33,2026-01-06T09:00:00Z,baseline,api_5xx,28.0,complete,True,20260912
ransomware_burst,34,2026-01-06T10:00:00Z,baseline,api_5xx,22.0,complete,True,20260912
ransomware_burst,35,2026-01-06T11:00:00Z,baseline,api_5xx,28.0,complete,True,20260912
ransomware_burst,36,2026-01-06T12:00:00Z,baseline,api_5xx,30.0,complete,True,20260912
ransomware_burst,37,2026-01-06T13:00:00Z,baseline,api_5xx,30.0,complete,True,20260912
ransomware_burst,38,2026-01-06T14:00:00Z,baseline,api_5xx,22.0,complete,True,20260912
ransomware_burst,39,2026-01-06T15:00:00Z,baseline,api_5xx,24.0,complete,True,20260912
ransomware_burst,40,2026-01-06T16:00:00Z,baseline,api_5xx,21.0,complete,True,20260912
ransomware_burst,41,2026-01-06T17:00:00Z,baseline,api_5xx,22.0,complete,True,20260912
ransomware_burst,42,2026-01-06T18:00:00Z,baseline,api_5xx,23.0,complete,True,20260912
ransomware_burst,43,2026-01-06T19:00:00Z,baseline,api_5xx,24.0,complete,True,20260912
ransomware_burst,44,2026-01-06T20:00:00Z,baseline,api_5xx,20.0,complete,True,20260912
ransomware_burst,45,2026-01-06T21:00:00Z,baseline,api_5xx,14.0,complete,True,20260912
ransomware_burst,46,2026-01-06T22:00:00Z,baseline,api_5xx,17.0,complete,True,20260912
ransomware_burst,47,2026-01-06T23:00:00Z,baseline,api_5xx,13.0,complete,True,20260912
ransomware_burst,48,2026-01-07T00:00:00Z,target,api_5xx,14,complete,True,20260912
ransomware_burst,0,2026-01-05T00:00:00Z,baseline,endpoint_alerts,4.0,complete,True,20260912
ransomware_burst,1,2026-01-05T01:00:00Z,baseline,endpoint_alerts,3.0,complete,True,20260912
ransomware_burst,2,2026-01-05T02:00:00Z,baseline,endpoint_alerts,4.0,complete,True,20260912
ransomware_burst,3,2026-01-05T03:00:00Z,baseline,endpoint_alerts,5.0,complete,True,20260912
ransomware_burst,4,2026-01-05T04:00:00Z,baseline,endpoint_alerts,5.0,complete,True,20260912
ransomware_burst,5,2026-01-05T05:00:00Z,baseline,endpoint_alerts,3.0,complete,True,20260912
ransomware_burst,6,2026-01-05T06:00:00Z,baseline,endpoint_alerts,4.0,complete,True,20260912
ransomware_burst,7,2026-01-05T07:00:00Z,baseline,endpoint_alerts,6.0,complete,True,20260912
ransomware_burst,8,2026-01-05T08:00:00Z,baseline,endpoint_alerts,6.0,complete,True,20260912
ransomware_burst,9,2026-01-05T09:00:00Z,baseline,endpoint_alerts,6.0,complete,True,20260912
ransomware_burst,10,2026-01-05T10:00:00Z,baseline,endpoint_alerts,5.0,complete,True,20260912
ransomware_burst,11,2026-01-05T11:00:00Z,baseline,endpoint_alerts,5.0,complete,True,20260912
ransomware_burst,12,2026-01-05T12:00:00Z,baseline,endpoint_alerts,4.0,complete,True,20260912
ransomware_burst,13,2026-01-05T13:00:00Z,baseline,endpoint_alerts,7.0,complete,True,20260912
ransomware_burst,14,2026-01-05T14:00:00Z,baseline,endpoint_alerts,3.0,complete,True,20260912
ransomware_burst,15,2026-01-05T15:00:00Z,baseline,endpoint_alerts,6.0,complete,True,20260912
ransomware_burst,16,2026-01-05T16:00:00Z,baseline,endpoint_alerts,4.0,complete,True,20260912
ransomware_burst,17,2026-01-05T17:00:00Z,baseline,endpoint_alerts,5.0,complete,True,20260912
ransomware_burst,18,2026-01-05T18:00:00Z,baseline,endpoint_alerts,2.0,complete,True,20260912
ransomware_burst,19,2026-01-05T19:00:00Z,baseline,endpoint_alerts,4.0,complete,True,20260912
ransomware_burst,20,2026-01-05T20:00:00Z,baseline,endpoint_alerts,4.0,complete,True,20260912
ransomware_burst,21,2026-01-05T21:00:00Z,baseline,endpoint_alerts,4.0,complete,True,20260912
ransomware_burst,22,2026-01-05T22:00:00Z,baseline,endpoint_alerts,3.0,complete,True,20260912
ransomware_burst,23,2026-01-05T23:00:00Z,baseline,endpoint_alerts,2.0,complete,True,20260912
ransomware_burst,24,2026-01-06T00:00:00Z,baseline,endpoint_alerts,3.0,complete,True,20260912
ransomware_burst,25,2026-01-06T01:00:00Z,baseline,endpoint_alerts,3.0,complete,True,20260912
ransomware_burst,26,2026-01-06T02:00:00Z,baseline,endpoint_alerts,4.0,complete,True,20260912
ransomware_burst,27,2026-01-06T03:00:00Z,baseline,endpoint_alerts,5.0,complete,True,20260912
ransomware_burst,28,2026-01-06T04:00:00Z,baseline,endpoint_alerts,5.0,complete,True,20260912
ransomware_burst,29,2026-01-06T05:00:00Z,baseline,endpoint_alerts,7.0,complete,True,20260912
ransomware_burst,30,2026-01-06T06:00:00Z,baseline,endpoint_alerts,4.0,complete,True,20260912
ransomware_burst,31,2026-01-06T07:00:00Z,baseline,endpoint_alerts,6.0,complete,True,20260912
ransomware_burst,32,2026-01-06T08:00:00Z,baseline,endpoint_alerts,4.0,complete,True,20260912
ransomware_burst,33,2026-01-06T09:00:00Z,baseline,endpoint_alerts,5.0,complete,True,20260912
ransomware_burst,34,2026-01-06T10:00:00Z,baseline,endpoint_alerts,5.0,complete,True,20260912
ransomware_burst,35,2026-01-06T11:00:00Z,baseline,endpoint_alerts,4.0,complete,True,20260912
ransomware_burst,36,2026-01-06T12:00:00Z,baseline,endpoint_alerts,9.0,complete,True,20260912
ransomware_burst,37,2026-01-06T13:00:00Z,baseline,endpoint_alerts,4.0,complete,True,20260912
ransomware_burst,38,2026-01-06T14:00:00Z,baseline,endpoint_alerts,6.0,complete,True,20260912
ransomware_burst,39,2026-01-06T15:00:00Z,baseline,endpoint_alerts,6.0,complete,True,20260912
ransomware_burst,40,2026-01-06T16:00:00Z,baseline,endpoint_alerts,6.0,complete,True,20260912
ransomware_burst,41,2026-01-06T17:00:00Z,baseline,endpoint_alerts,5.0,complete,True,20260912
ransomware_burst,42,2026-01-06T18:00:00Z,baseline,endpoint_alerts,4.0,complete,True,20260912
ransomware_burst,43,2026-01-06T19:00:00Z,baseline,endpoint_alerts,4.0,complete,True,20260912
ransomware_burst,44,2026-01-06T20:00:00Z,baseline,endpoint_alerts,3.0,complete,True,20260912
ransomware_burst,45,2026-01-06T21:00:00Z,baseline,endpoint_alerts,5.0,complete,True,20260912
ransomware_burst,46,2026-01-06T22:00:00Z,baseline,endpoint_alerts,4.0,complete,True,20260912
ransomware_burst,47,2026-01-06T23:00:00Z,baseline,endpoint_alerts,6.0,complete,True,20260912
ransomware_burst,48,2026-01-07T00:00:00Z,target,endpoint_alerts,60,complete,True,20260912
ransomware_burst,0,2026-01-05T00:00:00Z,baseline,file_rename_events,32.0,complete,True,20260912
ransomware_burst,1,2026-01-05T01:00:00Z,baseline,file_rename_events,40.0,complete,True,20260912
ransomware_burst,2,2026-01-05T02:00:00Z,baseline,file_rename_events,29.0,complete,True,20260912
ransomware_burst,3,2026-01-05T03:00:00Z,baseline,file_rename_events,31.0,complete,True,20260912
ransomware_burst,4,2026-01-05T04:00:00Z,baseline,file_rename_events,29.0,complete,True,20260912
ransomware_burst,5,2026-01-05T05:00:00Z,baseline,file_rename_events,37.0,complete,True,20260912
ransomware_burst,6,2026-01-05T06:00:00Z,baseline,file_rename_events,45.0,complete,True,20260912
ransomware_burst,7,2026-01-05T07:00:00Z,baseline,file_rename_events,45.0,complete,True,20260912
ransomware_burst,8,2026-01-05T08:00:00Z,baseline,file_rename_events,43.0,complete,True,20260912
ransomware_burst,9,2026-01-05T09:00:00Z,baseline,file_rename_events,47.0,complete,True,20260912
ransomware_burst,10,2026-01-05T10:00:00Z,baseline,file_rename_events,42.0,complete,True,20260912
ransomware_burst,11,2026-01-05T11:00:00Z,baseline,file_rename_events,48.0,complete,True,20260912
ransomware_burst,12,2026-01-05T12:00:00Z,baseline,file_rename_events,41.0,complete,True,20260912
ransomware_burst,13,2026-01-05T13:00:00Z,baseline,file_rename_events,48.0,complete,True,20260912
ransomware_burst,14,2026-01-05T14:00:00Z,baseline,file_rename_events,53.0,complete,True,20260912
ransomware_burst,15,2026-01-05T15:00:00Z,baseline,file_rename_events,54.0,complete,True,20260912
ransomware_burst,16,2026-01-05T16:00:00Z,baseline,file_rename_events,46.0,complete,True,20260912
ransomware_burst,17,2026-01-05T17:00:00Z,baseline,file_rename_events,50.0,complete,True,20260912
ransomware_burst,18,2026-01-05T18:00:00Z,baseline,file_rename_events,46.0,complete,True,20260912
ransomware_burst,19,2026-01-05T19:00:00Z,baseline,file_rename_events,52.0,complete,True,20260912
ransomware_burst,20,2026-01-05T20:00:00Z,baseline,file_rename_events,43.0,complete,True,20260912
ransomware_burst,21,2026-01-05T21:00:00Z,baseline,file_rename_events,44.0,complete,True,20260912
ransomware_burst,22,2026-01-05T22:00:00Z,baseline,file_rename_events,43.0,complete,True,20260912
ransomware_burst,23,2026-01-05T23:00:00Z,baseline,file_rename_events,46.0,complete,True,20260912
ransomware_burst,24,2026-01-06T00:00:00Z,baseline,file_rename_events,33.0,complete,True,20260912
ransomware_burst,25,2026-01-06T01:00:00Z,baseline,file_rename_events,38.0,complete,True,20260912
ransomware_burst,26,2026-01-06T02:00:00Z,baseline,file_rename_events,41.0,complete,True,20260912
ransomware_burst,27,2026-01-06T03:00:00Z,baseline,file_rename_events,32.0,complete,True,20260912
ransomware_burst,28,2026-01-06T04:00:00Z,baseline,file_rename_events,33.0,complete,True,20260912
ransomware_burst,29,2026-01-06T05:00:00Z,baseline,file_rename_events,41.0,complete,True,20260912
ransomware_burst,30,2026-01-06T06:00:00Z,baseline,file_rename_events,33.0,complete,True,20260912
ransomware_burst,31,2026-01-06T07:00:00Z,baseline,file_rename_events,33.0,complete,True,20260912
ransomware_burst,32,2026-01-06T08:00:00Z,baseline,file_rename_events,45.0,complete,True,20260912
ransomware_burst,33,2026-01-06T09:00:00Z,baseline,file_rename_events,44.0,complete,True,20260912
ransomware_burst,34,2026-01-06T10:00:00Z,baseline,file_rename_events,40.0,complete,True,20260912
ransomware_burst,35,2026-01-06T11:00:00Z,baseline,file_rename_events,50.0,complete,True,20260912
ransomware_burst,36,2026-01-06T12:00:00Z,baseline,file_rename_events,53.0,complete,True,20260912
ransomware_burst,37,2026-01-06T13:00:00Z,baseline,file_rename_events,47.0,complete,True,20260912
ransomware_burst,38,2026-01-06T14:00:00Z,baseline,file_rename_events,49.0,complete,True,20260912
ransomware_burst,39,2026-01-06T15:00:00Z,baseline,file_rename_events,58.0,complete,True,20260912
ransomware_burst,40,2026-01-06T16:00:00Z,baseline,file_rename_events,59.0,complete,True,20260912
ransomware_burst,41,2026-01-06T17:00:00Z,baseline,file_rename_events,42.0,complete,True,20260912
ransomware_burst,42,2026-01-06T18:00:00Z,baseline,file_rename_events,44.0,complete,True,20260912
ransomware_burst,43,2026-01-06T19:00:00Z,baseline,file_rename_events,47.0,complete,True,20260912
ransomware_burst,44,2026-01-06T20:00:00Z,baseline,file_rename_events,41.0,complete,True,20260912
ransomware_burst,45,2026-01-06T21:00:00Z,baseline,file_rename_events,45.0,complete,True,20260912
ransomware_burst,46,2026-01-06T22:00:00Z,baseline,file_rename_events,36.0,complete,True,20260912
ransomware_burst,47,2026-01-06T23:00:00Z,baseline,file_rename_events,38.0,complete,True,20260912
ransomware_burst,48,2026-01-07T00:00:00Z,target,file_rename_events,560,complete,True,20260912
ransomware_burst,0,2026-01-05T00:00:00Z,baseline,inbound_requests,31128.0,complete,True,20260912
ransomware_burst,1,2026-01-05T01:00:00Z,baseline,inbound_requests,26370.0,complete,True,20260912
ransomware_burst,2,2026-01-05T02:00:00Z,baseline,inbound_requests,25999.0,complete,True,20260912
ransomware_burst,3,2026-01-05T03:00:00Z,baseline,inbound_requests,30963.0,complete,True,20260912
ransomware_burst,4,2026-01-05T04:00:00Z,baseline,inbound_requests,33297.0,complete,True,20260912
ransomware_burst,5,2026-01-05T05:00:00Z,baseline,inbound_requests,31866.0,complete,True,20260912
ransomware_burst,6,2026-01-05T06:00:00Z,baseline,inbound_requests,40461.0,complete,True,20260912
ransomware_burst,7,2026-01-05T07:00:00Z,baseline,inbound_requests,41154.0,complete,True,20260912
ransomware_burst,8,2026-01-05T08:00:00Z,baseline,inbound_requests,54284.0,complete,True,20260912
ransomware_burst,9,2026-01-05T09:00:00Z,baseline,inbound_requests,52532.0,complete,True,20260912
ransomware_burst,10,2026-01-05T10:00:00Z,baseline,inbound_requests,62375.0,complete,True,20260912
ransomware_burst,11,2026-01-05T11:00:00Z,baseline,inbound_requests,68830.0,complete,True,20260912
ransomware_burst,12,2026-01-05T12:00:00Z,baseline,inbound_requests,72074.0,complete,True,20260912
ransomware_burst,13,2026-01-05T13:00:00Z,baseline,inbound_requests,75614.0,complete,True,20260912
ransomware_burst,14,2026-01-05T14:00:00Z,baseline,inbound_requests,77699.0,complete,True,20260912
ransomware_burst,15,2026-01-05T15:00:00Z,baseline,inbound_requests,67383.0,complete,True,20260912
ransomware_burst,16,2026-01-05T16:00:00Z,baseline,inbound_requests,65903.0,complete,True,20260912
ransomware_burst,17,2026-01-05T17:00:00Z,baseline,inbound_requests,67326.0,complete,True,20260912
ransomware_burst,18,2026-01-05T18:00:00Z,baseline,inbound_requests,58226.0,complete,True,20260912
ransomware_burst,19,2026-01-05T19:00:00Z,baseline,inbound_requests,57968.0,complete,True,20260912
ransomware_burst,20,2026-01-05T20:00:00Z,baseline,inbound_requests,51634.0,complete,True,20260912
ransomware_burst,21,2026-01-05T21:00:00Z,baseline,inbound_requests,44515.0,complete,True,20260912
ransomware_burst,22,2026-01-05T22:00:00Z,baseline,inbound_requests,40494.0,complete,True,20260912
ransomware_burst,23,2026-01-05T23:00:00Z,baseline,inbound_requests,36234.0,complete,True,20260912
ransomware_burst,24,2026-01-06T00:00:00Z,baseline,inbound_requests,30728.0,complete,True,20260912
ransomware_burst,25,2026-01-06T01:00:00Z,baseline,inbound_requests,28025.0,complete,True,20260912
ransomware_burst,26,2026-01-06T02:00:00Z,baseline,inbound_requests,27396.0,complete,True,20260912
ransomware_burst,27,2026-01-06T03:00:00Z,baseline,inbound_requests,31019.0,complete,True,20260912
ransomware_burst,28,2026-01-06T04:00:00Z,baseline,inbound_requests,28860.0,complete,True,20260912
ransomware_burst,29,2026-01-06T05:00:00Z,baseline,inbound_requests,35891.0,complete,True,20260912
ransomware_burst,30,2026-01-06T06:00:00Z,baseline,inbound_requests,37428.0,complete,True,20260912
ransomware_burst,31,2026-01-06T07:00:00Z,baseline,inbound_requests,47037.0,complete,True,20260912
ransomware_burst,32,2026-01-06T08:00:00Z,baseline,inbound_requests,55263.0,complete,True,20260912
ransomware_burst,33,2026-01-06T09:00:00Z,baseline,inbound_requests,59942.0,complete,True,20260912
ransomware_burst,34,2026-01-06T10:00:00Z,baseline,inbound_requests,63892.0,complete,True,20260912
ransomware_burst,35,2026-01-06T11:00:00Z,baseline,inbound_requests,63861.0,complete,True,20260912
ransomware_burst,36,2026-01-06T12:00:00Z,baseline,inbound_requests,70496.0,complete,True,20260912
ransomware_burst,37,2026-01-06T13:00:00Z,baseline,inbound_requests,74387.0,complete,True,20260912
ransomware_burst,38,2026-01-06T14:00:00Z,baseline,inbound_requests,70364.0,complete,True,20260912
ransomware_burst,39,2026-01-06T15:00:00Z,baseline,inbound_requests,69728.0,complete,True,20260912
ransomware_burst,40,2026-01-06T16:00:00Z,baseline,inbound_requests,71124.0,complete,True,20260912
ransomware_burst,41,2026-01-06T17:00:00Z,baseline,inbound_requests,64741.0,complete,True,20260912
ransomware_burst,42,2026-01-06T18:00:00Z,baseline,inbound_requests,67448.0,complete,True,20260912
ransomware_burst,43,2026-01-06T19:00:00Z,baseline,inbound_requests,54328.0,complete,True,20260912
ransomware_burst,44,2026-01-06T20:00:00Z,baseline,inbound_requests,54441.0,complete,True,20260912
ransomware_burst,45,2026-01-06T21:00:00Z,baseline,inbound_requests,42830.0,complete,True,20260912
ransomware_burst,46,2026-01-06T22:00:00Z,baseline,inbound_requests,39736.0,complete,True,20260912
ransomware_burst,47,2026-01-06T23:00:00Z,baseline,inbound_requests,36247.0,complete,True,20260912
ransomware_burst,48,2026-01-07T00:00:00Z,target,inbound_requests,31091,complete,True,20260912
privilege_escalation,0,2026-01-05T00:00:00Z,baseline,auth_failures,92.0,complete,True,20260913
privilege_escalation,1,2026-01-05T01:00:00Z,baseline,auth_failures,81.0,complete,True,20260913
privilege_escalation,2,2026-01-05T02:00:00Z,baseline,auth_failures,83.0,complete,True,20260913
privilege_escalation,3,2026-01-05T03:00:00Z,baseline,auth_failures,86.0,complete,True,20260913
privilege_escalation,4,2026-01-05T04:00:00Z,baseline,auth_failures,87.0,complete,True,20260913
privilege_escalation,5,2026-01-05T05:00:00Z,baseline,auth_failures,87.0,complete,True,20260913
privilege_escalation,6,2026-01-05T06:00:00Z,baseline,auth_failures,102.0,complete,True,20260913
privilege_escalation,7,2026-01-05T07:00:00Z,baseline,auth_failures,100.0,complete,True,20260913
privilege_escalation,8,2026-01-05T08:00:00Z,baseline,auth_failures,142.0,complete,True,20260913
privilege_escalation,9,2026-01-05T09:00:00Z,baseline,auth_failures,131.0,complete,True,20260913
privilege_escalation,10,2026-01-05T10:00:00Z,baseline,auth_failures,123.0,complete,True,20260913
privilege_escalation,11,2026-01-05T11:00:00Z,baseline,auth_failures,141.0,complete,True,20260913
privilege_escalation,12,2026-01-05T12:00:00Z,baseline,auth_failures,162.0,complete,True,20260913
privilege_escalation,13,2026-01-05T13:00:00Z,baseline,auth_failures,164.0,complete,True,20260913
privilege_escalation,14,2026-01-05T14:00:00Z,baseline,auth_failures,154.0,complete,True,20260913
privilege_escalation,15,2026-01-05T15:00:00Z,baseline,auth_failures,148.0,complete,True,20260913
privilege_escalation,16,2026-01-05T16:00:00Z,baseline,auth_failures,155.0,complete,True,20260913
privilege_escalation,17,2026-01-05T17:00:00Z,baseline,auth_failures,152.0,complete,True,20260913
privilege_escalation,18,2026-01-05T18:00:00Z,baseline,auth_failures,166.0,complete,True,20260913
privilege_escalation,19,2026-01-05T19:00:00Z,baseline,auth_failures,118.0,complete,True,20260913
privilege_escalation,20,2026-01-05T20:00:00Z,baseline,auth_failures,124.0,complete,True,20260913
privilege_escalation,21,2026-01-05T21:00:00Z,baseline,auth_failures,124.0,complete,True,20260913
privilege_escalation,22,2026-01-05T22:00:00Z,baseline,auth_failures,90.0,complete,True,20260913
privilege_escalation,23,2026-01-05T23:00:00Z,baseline,auth_failures,72.0,complete,True,20260913
privilege_escalation,24,2026-01-06T00:00:00Z,baseline,auth_failures,104.0,complete,True,20260913
privilege_escalation,25,2026-01-06T01:00:00Z,baseline,auth_failures,91.0,complete,True,20260913
privilege_escalation,26,2026-01-06T02:00:00Z,baseline,auth_failures,81.0,complete,True,20260913
privilege_escalation,27,2026-01-06T03:00:00Z,baseline,auth_failures,84.0,complete,True,20260913
privilege_escalation,28,2026-01-06T04:00:00Z,baseline,auth_failures,94.0,complete,True,20260913
privilege_escalation,29,2026-01-06T05:00:00Z,baseline,auth_failures,99.0,complete,True,20260913
privilege_escalation,30,2026-01-06T06:00:00Z,baseline,auth_failures,106.0,complete,True,20260913
privilege_escalation,31,2026-01-06T07:00:00Z,baseline,auth_failures,117.0,complete,True,20260913
privilege_escalation,32,2026-01-06T08:00:00Z,baseline,auth_failures,141.0,complete,True,20260913
privilege_escalation,33,2026-01-06T09:00:00Z,baseline,auth_failures,142.0,complete,True,20260913
privilege_escalation,34,2026-01-06T10:00:00Z,baseline,auth_failures,148.0,complete,True,20260913
privilege_escalation,35,2026-01-06T11:00:00Z,baseline,auth_failures,162.0,complete,True,20260913
privilege_escalation,36,2026-01-06T12:00:00Z,baseline,auth_failures,138.0,complete,True,20260913
privilege_escalation,37,2026-01-06T13:00:00Z,baseline,auth_failures,142.0,complete,True,20260913
privilege_escalation,38,2026-01-06T14:00:00Z,baseline,auth_failures,127.0,complete,True,20260913
privilege_escalation,39,2026-01-06T15:00:00Z,baseline,auth_failures,150.0,complete,True,20260913
privilege_escalation,40,2026-01-06T16:00:00Z,baseline,auth_failures,125.0,complete,True,20260913
privilege_escalation,41,2026-01-06T17:00:00Z,baseline,auth_failures,164.0,complete,True,20260913
privilege_escalation,42,2026-01-06T18:00:00Z,baseline,auth_failures,92.0,complete,True,20260913
privilege_escalation,43,2026-01-06T19:00:00Z,baseline,auth_failures,102.0,complete,True,20260913
privilege_escalation,44,2026-01-06T20:00:00Z,baseline,auth_failures,136.0,complete,True,20260913
privilege_escalation,45,2026-01-06T21:00:00Z,baseline,auth_failures,107.0,complete,True,20260913
privilege_escalation,46,2026-01-06T22:00:00Z,baseline,auth_failures,107.0,complete,True,20260913
privilege_escalation,47,2026-01-06T23:00:00Z,baseline,auth_failures,76.0,complete,True,20260913
privilege_escalation,48,2026-01-07T00:00:00Z,target,auth_failures,96,complete,True,20260913
privilege_escalation,0,2026-01-05T00:00:00Z,baseline,unique_failed_accounts,28.0,complete,True,20260913
privilege_escalation,1,2026-01-05T01:00:00Z,baseline,unique_failed_accounts,30.0,complete,True,20260913
privilege_escalation,2,2026-01-05T02:00:00Z,baseline,unique_failed_accounts,25.0,complete,True,20260913
privilege_escalation,3,2026-01-05T03:00:00Z,baseline,unique_failed_accounts,26.0,complete,True,20260913
privilege_escalation,4,2026-01-05T04:00:00Z,baseline,unique_failed_accounts,25.0,complete,True,20260913
privilege_escalation,5,2026-01-05T05:00:00Z,baseline,unique_failed_accounts,27.0,complete,True,20260913
privilege_escalation,6,2026-01-05T06:00:00Z,baseline,unique_failed_accounts,29.0,complete,True,20260913
privilege_escalation,7,2026-01-05T07:00:00Z,baseline,unique_failed_accounts,32.0,complete,True,20260913
privilege_escalation,8,2026-01-05T08:00:00Z,baseline,unique_failed_accounts,37.0,complete,True,20260913
privilege_escalation,9,2026-01-05T09:00:00Z,baseline,unique_failed_accounts,42.0,complete,True,20260913
privilege_escalation,10,2026-01-05T10:00:00Z,baseline,unique_failed_accounts,40.0,complete,True,20260913
privilege_escalation,11,2026-01-05T11:00:00Z,baseline,unique_failed_accounts,34.0,complete,True,20260913
privilege_escalation,12,2026-01-05T12:00:00Z,baseline,unique_failed_accounts,40.0,complete,True,20260913
privilege_escalation,13,2026-01-05T13:00:00Z,baseline,unique_failed_accounts,39.0,complete,True,20260913
privilege_escalation,14,2026-01-05T14:00:00Z,baseline,unique_failed_accounts,40.0,complete,True,20260913
privilege_escalation,15,2026-01-05T15:00:00Z,baseline,unique_failed_accounts,39.0,complete,True,20260913
privilege_escalation,16,2026-01-05T16:00:00Z,baseline,unique_failed_accounts,43.0,complete,True,20260913
privilege_escalation,17,2026-01-05T17:00:00Z,baseline,unique_failed_accounts,41.0,complete,True,20260913
privilege_escalation,18,2026-01-05T18:00:00Z,baseline,unique_failed_accounts,37.0,complete,True,20260913
privilege_escalation,19,2026-01-05T19:00:00Z,baseline,unique_failed_accounts,35.0,complete,True,20260913
privilege_escalation,20,2026-01-05T20:00:00Z,baseline,unique_failed_accounts,34.0,complete,True,20260913
privilege_escalation,21,2026-01-05T21:00:00Z,baseline,unique_failed_accounts,35.0,complete,True,20260913
privilege_escalation,22,2026-01-05T22:00:00Z,baseline,unique_failed_accounts,31.0,complete,True,20260913
privilege_escalation,23,2026-01-05T23:00:00Z,baseline,unique_failed_accounts,28.0,complete,True,20260913
privilege_escalation,24,2026-01-06T00:00:00Z,baseline,unique_failed_accounts,28.0,complete,True,20260913
privilege_escalation,25,2026-01-06T01:00:00Z,baseline,unique_failed_accounts,24.0,complete,True,20260913
privilege_escalation,26,2026-01-06T02:00:00Z,baseline,unique_failed_accounts,23.0,complete,True,20260913
privilege_escalation,27,2026-01-06T03:00:00Z,baseline,unique_failed_accounts,31.0,complete,True,20260913
privilege_escalation,28,2026-01-06T04:00:00Z,baseline,unique_failed_accounts,34.0,complete,True,20260913
privilege_escalation,29,2026-01-06T05:00:00Z,baseline,unique_failed_accounts,32.0,complete,True,20260913
privilege_escalation,30,2026-01-06T06:00:00Z,baseline,unique_failed_accounts,25.0,complete,True,20260913
privilege_escalation,31,2026-01-06T07:00:00Z,baseline,unique_failed_accounts,30.0,complete,True,20260913
privilege_escalation,32,2026-01-06T08:00:00Z,baseline,unique_failed_accounts,33.0,complete,True,20260913
privilege_escalation,33,2026-01-06T09:00:00Z,baseline,unique_failed_accounts,35.0,complete,True,20260913
privilege_escalation,34,2026-01-06T10:00:00Z,baseline,unique_failed_accounts,36.0,complete,True,20260913
privilege_escalation,35,2026-01-06T11:00:00Z,baseline,unique_failed_accounts,39.0,complete,True,20260913
privilege_escalation,36,2026-01-06T12:00:00Z,baseline,unique_failed_accounts,45.0,complete,True,20260913
privilege_escalation,37,2026-01-06T13:00:00Z,baseline,unique_failed_accounts,42.0,complete,True,20260913
privilege_escalation,38,2026-01-06T14:00:00Z,baseline,unique_failed_accounts,41.0,complete,True,20260913
privilege_escalation,39,2026-01-06T15:00:00Z,baseline,unique_failed_accounts,46.0,complete,True,20260913
privilege_escalation,40,2026-01-06T16:00:00Z,baseline,unique_failed_accounts,43.0,complete,True,20260913
privilege_escalation,41,2026-01-06T17:00:00Z,baseline,unique_failed_accounts,40.0,complete,True,20260913
privilege_escalation,42,2026-01-06T18:00:00Z,baseline,unique_failed_accounts,41.0,complete,True,20260913
privilege_escalation,43,2026-01-06T19:00:00Z,baseline,unique_failed_accounts,39.0,complete,True,20260913
privilege_escalation,44,2026-01-06T20:00:00Z,baseline,unique_failed_accounts,34.0,complete,True,20260913
privilege_escalation,45,2026-01-06T21:00:00Z,baseline,unique_failed_accounts,36.0,complete,True,20260913
privilege_escalation,46,2026-01-06T22:00:00Z,baseline,unique_failed_accounts,26.0,complete,True,20260913
privilege_escalation,47,2026-01-06T23:00:00Z,baseline,unique_failed_accounts,23.0,complete,True,20260913
privilege_escalation,48,2026-01-07T00:00:00Z,target,unique_failed_accounts,25,complete,True,20260913
privilege_escalation,0,2026-01-05T00:00:00Z,baseline,unique_source_ips,216.0,complete,True,20260913
privilege_escalation,1,2026-01-05T01:00:00Z,baseline,unique_source_ips,175.0,complete,True,20260913
privilege_escalation,2,2026-01-05T02:00:00Z,baseline,unique_source_ips,216.0,complete,True,20260913
privilege_escalation,3,2026-01-05T03:00:00Z,baseline,unique_source_ips,207.0,complete,True,20260913
privilege_escalation,4,2026-01-05T04:00:00Z,baseline,unique_source_ips,200.0,complete,True,20260913
privilege_escalation,5,2026-01-05T05:00:00Z,baseline,unique_source_ips,233.0,complete,True,20260913
privilege_escalation,6,2026-01-05T06:00:00Z,baseline,unique_source_ips,225.0,complete,True,20260913
privilege_escalation,7,2026-01-05T07:00:00Z,baseline,unique_source_ips,215.0,complete,True,20260913
privilege_escalation,8,2026-01-05T08:00:00Z,baseline,unique_source_ips,243.0,complete,True,20260913
privilege_escalation,9,2026-01-05T09:00:00Z,baseline,unique_source_ips,304.0,complete,True,20260913
privilege_escalation,10,2026-01-05T10:00:00Z,baseline,unique_source_ips,260.0,complete,True,20260913
privilege_escalation,11,2026-01-05T11:00:00Z,baseline,unique_source_ips,294.0,complete,True,20260913
privilege_escalation,12,2026-01-05T12:00:00Z,baseline,unique_source_ips,276.0,complete,True,20260913
privilege_escalation,13,2026-01-05T13:00:00Z,baseline,unique_source_ips,256.0,complete,True,20260913
privilege_escalation,14,2026-01-05T14:00:00Z,baseline,unique_source_ips,286.0,complete,True,20260913
privilege_escalation,15,2026-01-05T15:00:00Z,baseline,unique_source_ips,309.0,complete,True,20260913
privilege_escalation,16,2026-01-05T16:00:00Z,baseline,unique_source_ips,301.0,complete,True,20260913
privilege_escalation,17,2026-01-05T17:00:00Z,baseline,unique_source_ips,313.0,complete,True,20260913
privilege_escalation,18,2026-01-05T18:00:00Z,baseline,unique_source_ips,273.0,complete,True,20260913
privilege_escalation,19,2026-01-05T19:00:00Z,baseline,unique_source_ips,224.0,complete,True,20260913
privilege_escalation,20,2026-01-05T20:00:00Z,baseline,unique_source_ips,278.0,complete,True,20260913
privilege_escalation,21,2026-01-05T21:00:00Z,baseline,unique_source_ips,218.0,complete,True,20260913
privilege_escalation,22,2026-01-05T22:00:00Z,baseline,unique_source_ips,235.0,complete,True,20260913
privilege_escalation,23,2026-01-05T23:00:00Z,baseline,unique_source_ips,225.0,complete,True,20260913
privilege_escalation,24,2026-01-06T00:00:00Z,baseline,unique_source_ips,199.0,complete,True,20260913
privilege_escalation,25,2026-01-06T01:00:00Z,baseline,unique_source_ips,198.0,complete,True,20260913
privilege_escalation,26,2026-01-06T02:00:00Z,baseline,unique_source_ips,183.0,complete,True,20260913
privilege_escalation,27,2026-01-06T03:00:00Z,baseline,unique_source_ips,168.0,complete,True,20260913
privilege_escalation,28,2026-01-06T04:00:00Z,baseline,unique_source_ips,225.0,complete,True,20260913
privilege_escalation,29,2026-01-06T05:00:00Z,baseline,unique_source_ips,234.0,complete,True,20260913
privilege_escalation,30,2026-01-06T06:00:00Z,baseline,unique_source_ips,223.0,complete,True,20260913
privilege_escalation,31,2026-01-06T07:00:00Z,baseline,unique_source_ips,237.0,complete,True,20260913
privilege_escalation,32,2026-01-06T08:00:00Z,baseline,unique_source_ips,251.0,complete,True,20260913
privilege_escalation,33,2026-01-06T09:00:00Z,baseline,unique_source_ips,248.0,complete,True,20260913
privilege_escalation,34,2026-01-06T10:00:00Z,baseline,unique_source_ips,275.0,complete,True,20260913
privilege_escalation,35,2026-01-06T11:00:00Z,baseline,unique_source_ips,279.0,complete,True,20260913
privilege_escalation,36,2026-01-06T12:00:00Z,baseline,unique_source_ips,308.0,complete,True,20260913
privilege_escalation,37,2026-01-06T13:00:00Z,baseline,unique_source_ips,274.0,complete,True,20260913
privilege_escalation,38,2026-01-06T14:00:00Z,baseline,unique_source_ips,291.0,complete,True,20260913
privilege_escalation,39,2026-01-06T15:00:00Z,baseline,unique_source_ips,300.0,complete,True,20260913
privilege_escalation,40,2026-01-06T16:00:00Z,baseline,unique_source_ips,277.0,complete,True,20260913
privilege_escalation,41,2026-01-06T17:00:00Z,baseline,unique_source_ips,295.0,complete,True,20260913
privilege_escalation,42,2026-01-06T18:00:00Z,baseline,unique_source_ips,298.0,complete,True,20260913
privilege_escalation,43,2026-01-06T19:00:00Z,baseline,unique_source_ips,259.0,complete,True,20260913
privilege_escalation,44,2026-01-06T20:00:00Z,baseline,unique_source_ips,230.0,complete,True,20260913
privilege_escalation,45,2026-01-06T21:00:00Z,baseline,unique_source_ips,234.0,complete,True,20260913
privilege_escalation,46,2026-01-06T22:00:00Z,baseline,unique_source_ips,231.0,complete,True,20260913
privilege_escalation,47,2026-01-06T23:00:00Z,baseline,unique_source_ips,239.0,complete,True,20260913
privilege_escalation,48,2026-01-07T00:00:00Z,target,unique_source_ips,219,complete,True,20260913
privilege_escalation,0,2026-01-05T00:00:00Z,baseline,successful_logins,913.0,complete,True,20260913
privilege_escalation,1,2026-01-05T01:00:00Z,baseline,successful_logins,951.0,complete,True,20260913
privilege_escalation,2,2026-01-05T02:00:00Z,baseline,successful_logins,844.0,complete,True,20260913
privilege_escalation,3,2026-01-05T03:00:00Z,baseline,successful_logins,948.0,complete,True,20260913
privilege_escalation,4,2026-01-05T04:00:00Z,baseline,successful_logins,968.0,complete,True,20260913
privilege_escalation,5,2026-01-05T05:00:00Z,baseline,successful_logins,1068.0,complete,True,20260913
privilege_escalation,6,2026-01-05T06:00:00Z,baseline,successful_logins,1146.0,complete,True,20260913
privilege_escalation,7,2026-01-05T07:00:00Z,baseline,successful_logins,1316.0,complete,True,20260913
privilege_escalation,8,2026-01-05T08:00:00Z,baseline,successful_logins,1449.0,complete,True,20260913
privilege_escalation,9,2026-01-05T09:00:00Z,baseline,successful_logins,1609.0,complete,True,20260913
privilege_escalation,10,2026-01-05T10:00:00Z,baseline,successful_logins,1740.0,complete,True,20260913
privilege_escalation,11,2026-01-05T11:00:00Z,baseline,successful_logins,1942.0,complete,True,20260913
privilege_escalation,12,2026-01-05T12:00:00Z,baseline,successful_logins,1944.0,complete,True,20260913
privilege_escalation,13,2026-01-05T13:00:00Z,baseline,successful_logins,2032.0,complete,True,20260913
privilege_escalation,14,2026-01-05T14:00:00Z,baseline,successful_logins,2271.0,complete,True,20260913
privilege_escalation,15,2026-01-05T15:00:00Z,baseline,successful_logins,2103.0,complete,True,20260913
privilege_escalation,16,2026-01-05T16:00:00Z,baseline,successful_logins,1999.0,complete,True,20260913
privilege_escalation,17,2026-01-05T17:00:00Z,baseline,successful_logins,1934.0,complete,True,20260913
privilege_escalation,18,2026-01-05T18:00:00Z,baseline,successful_logins,1837.0,complete,True,20260913
privilege_escalation,19,2026-01-05T19:00:00Z,baseline,successful_logins,1717.0,complete,True,20260913
privilege_escalation,20,2026-01-05T20:00:00Z,baseline,successful_logins,1458.0,complete,True,20260913
privilege_escalation,21,2026-01-05T21:00:00Z,baseline,successful_logins,1414.0,complete,True,20260913
privilege_escalation,22,2026-01-05T22:00:00Z,baseline,successful_logins,1223.0,complete,True,20260913
privilege_escalation,23,2026-01-05T23:00:00Z,baseline,successful_logins,984.0,complete,True,20260913
privilege_escalation,24,2026-01-06T00:00:00Z,baseline,successful_logins,919.0,complete,True,20260913
privilege_escalation,25,2026-01-06T01:00:00Z,baseline,successful_logins,979.0,complete,True,20260913
privilege_escalation,26,2026-01-06T02:00:00Z,baseline,successful_logins,979.0,complete,True,20260913
privilege_escalation,27,2026-01-06T03:00:00Z,baseline,successful_logins,914.0,complete,True,20260913
privilege_escalation,28,2026-01-06T04:00:00Z,baseline,successful_logins,1023.0,complete,True,20260913
privilege_escalation,29,2026-01-06T05:00:00Z,baseline,successful_logins,1098.0,complete,True,20260913
privilege_escalation,30,2026-01-06T06:00:00Z,baseline,successful_logins,1330.0,complete,True,20260913
privilege_escalation,31,2026-01-06T07:00:00Z,baseline,successful_logins,1470.0,complete,True,20260913
privilege_escalation,32,2026-01-06T08:00:00Z,baseline,successful_logins,1652.0,complete,True,20260913
privilege_escalation,33,2026-01-06T09:00:00Z,baseline,successful_logins,1822.0,complete,True,20260913
privilege_escalation,34,2026-01-06T10:00:00Z,baseline,successful_logins,1864.0,complete,True,20260913
privilege_escalation,35,2026-01-06T11:00:00Z,baseline,successful_logins,2059.0,complete,True,20260913
privilege_escalation,36,2026-01-06T12:00:00Z,baseline,successful_logins,1985.0,complete,True,20260913
privilege_escalation,37,2026-01-06T13:00:00Z,baseline,successful_logins,2047.0,complete,True,20260913
privilege_escalation,38,2026-01-06T14:00:00Z,baseline,successful_logins,2046.0,complete,True,20260913
privilege_escalation,39,2026-01-06T15:00:00Z,baseline,successful_logins,1971.0,complete,True,20260913
privilege_escalation,40,2026-01-06T16:00:00Z,baseline,successful_logins,2044.0,complete,True,20260913
privilege_escalation,41,2026-01-06T17:00:00Z,baseline,successful_logins,2083.0,complete,True,20260913
privilege_escalation,42,2026-01-06T18:00:00Z,baseline,successful_logins,1923.0,complete,True,20260913
privilege_escalation,43,2026-01-06T19:00:00Z,baseline,successful_logins,1569.0,complete,True,20260913
privilege_escalation,44,2026-01-06T20:00:00Z,baseline,successful_logins,1672.0,complete,True,20260913
privilege_escalation,45,2026-01-06T21:00:00Z,baseline,successful_logins,1311.0,complete,True,20260913
privilege_escalation,46,2026-01-06T22:00:00Z,baseline,successful_logins,1284.0,complete,True,20260913
privilege_escalation,47,2026-01-06T23:00:00Z,baseline,successful_logins,1129.0,complete,True,20260913
privilege_escalation,48,2026-01-07T00:00:00Z,target,successful_logins,1007,complete,True,20260913
privilege_escalation,0,2026-01-05T00:00:00Z,baseline,privileged_changes,1.0,complete,True,20260913
privilege_escalation,1,2026-01-05T01:00:00Z,baseline,privileged_changes,1.0,complete,True,20260913
privilege_escalation,2,2026-01-05T02:00:00Z,baseline,privileged_changes,2.0,complete,True,20260913
privilege_escalation,3,2026-01-05T03:00:00Z,baseline,privileged_changes,2.0,complete,True,20260913
privilege_escalation,4,2026-01-05T04:00:00Z,baseline,privileged_changes,1.0,complete,True,20260913
privilege_escalation,5,2026-01-05T05:00:00Z,baseline,privileged_changes,1.0,complete,True,20260913
privilege_escalation,6,2026-01-05T06:00:00Z,baseline,privileged_changes,2.0,complete,True,20260913
privilege_escalation,7,2026-01-05T07:00:00Z,baseline,privileged_changes,2.0,complete,True,20260913
privilege_escalation,8,2026-01-05T08:00:00Z,baseline,privileged_changes,2.0,complete,True,20260913
privilege_escalation,9,2026-01-05T09:00:00Z,baseline,privileged_changes,3.0,complete,True,20260913
privilege_escalation,10,2026-01-05T10:00:00Z,baseline,privileged_changes,2.0,complete,True,20260913
privilege_escalation,11,2026-01-05T11:00:00Z,baseline,privileged_changes,2.0,complete,True,20260913
privilege_escalation,12,2026-01-05T12:00:00Z,baseline,privileged_changes,2.0,complete,True,20260913
privilege_escalation,13,2026-01-05T13:00:00Z,baseline,privileged_changes,3.0,complete,True,20260913
privilege_escalation,14,2026-01-05T14:00:00Z,baseline,privileged_changes,2.0,complete,True,20260913
privilege_escalation,15,2026-01-05T15:00:00Z,baseline,privileged_changes,3.0,complete,True,20260913
privilege_escalation,16,2026-01-05T16:00:00Z,baseline,privileged_changes,1.0,complete,True,20260913
privilege_escalation,17,2026-01-05T17:00:00Z,baseline,privileged_changes,2.0,complete,True,20260913
privilege_escalation,18,2026-01-05T18:00:00Z,baseline,privileged_changes,2.0,complete,True,20260913
privilege_escalation,19,2026-01-05T19:00:00Z,baseline,privileged_changes,2.0,complete,True,20260913
privilege_escalation,20,2026-01-05T20:00:00Z,baseline,privileged_changes,2.0,complete,True,20260913
privilege_escalation,21,2026-01-05T21:00:00Z,baseline,privileged_changes,2.0,complete,True,20260913
privilege_escalation,22,2026-01-05T22:00:00Z,baseline,privileged_changes,2.0,complete,True,20260913
privilege_escalation,23,2026-01-05T23:00:00Z,baseline,privileged_changes,2.0,complete,True,20260913
privilege_escalation,24,2026-01-06T00:00:00Z,baseline,privileged_changes,2.0,complete,True,20260913
privilege_escalation,25,2026-01-06T01:00:00Z,baseline,privileged_changes,2.0,complete,True,20260913
privilege_escalation,26,2026-01-06T02:00:00Z,baseline,privileged_changes,1.0,complete,True,20260913
privilege_escalation,27,2026-01-06T03:00:00Z,baseline,privileged_changes,1.0,complete,True,20260913
privilege_escalation,28,2026-01-06T04:00:00Z,baseline,privileged_changes,2.0,complete,True,20260913
privilege_escalation,29,2026-01-06T05:00:00Z,baseline,privileged_changes,1.0,complete,True,20260913
privilege_escalation,30,2026-01-06T06:00:00Z,baseline,privileged_changes,1.0,complete,True,20260913
privilege_escalation,31,2026-01-06T07:00:00Z,baseline,privileged_changes,2.0,complete,True,20260913
privilege_escalation,32,2026-01-06T08:00:00Z,baseline,privileged_changes,2.0,complete,True,20260913
privilege_escalation,33,2026-01-06T09:00:00Z,baseline,privileged_changes,2.0,complete,True,20260913
privilege_escalation,34,2026-01-06T10:00:00Z,baseline,privileged_changes,2.0,complete,True,20260913
privilege_escalation,35,2026-01-06T11:00:00Z,baseline,privileged_changes,2.0,complete,True,20260913
privilege_escalation,36,2026-01-06T12:00:00Z,baseline,privileged_changes,2.0,complete,True,20260913
privilege_escalation,37,2026-01-06T13:00:00Z,baseline,privileged_changes,2.0,complete,True,20260913
privilege_escalation,38,2026-01-06T14:00:00Z,baseline,privileged_changes,2.0,complete,True,20260913
privilege_escalation,39,2026-01-06T15:00:00Z,baseline,privileged_changes,2.0,complete,True,20260913
privilege_escalation,40,2026-01-06T16:00:00Z,baseline,privileged_changes,2.0,complete,True,20260913
privilege_escalation,41,2026-01-06T17:00:00Z,baseline,privileged_changes,1.0,complete,True,20260913
privilege_escalation,42,2026-01-06T18:00:00Z,baseline,privileged_changes,2.0,complete,True,20260913
privilege_escalation,43,2026-01-06T19:00:00Z,baseline,privileged_changes,2.0,complete,True,20260913
privilege_escalation,44,2026-01-06T20:00:00Z,baseline,privileged_changes,2.0,complete,True,20260913
privilege_escalation,45,2026-01-06T21:00:00Z,baseline,privileged_changes,1.0,complete,True,20260913
privilege_escalation,46,2026-01-06T22:00:00Z,baseline,privileged_changes,2.0,complete,True,20260913
privilege_escalation,47,2026-01-06T23:00:00Z,baseline,privileged_changes,2.0,complete,True,20260913
privilege_escalation,48,2026-01-07T00:00:00Z,target,privileged_changes,30,complete,True,20260913
privilege_escalation,0,2026-01-05T00:00:00Z,baseline,outbound_mb,581.974,complete,True,20260913
privilege_escalation,1,2026-01-05T01:00:00Z,baseline,outbound_mb,565.948,complete,True,20260913
privilege_escalation,2,2026-01-05T02:00:00Z,baseline,outbound_mb,555.753,complete,True,20260913
privilege_escalation,3,2026-01-05T03:00:00Z,baseline,outbound_mb,559.17,complete,True,20260913
privilege_escalation,4,2026-01-05T04:00:00Z,baseline,outbound_mb,614.781,complete,True,20260913
privilege_escalation,5,2026-01-05T05:00:00Z,baseline,outbound_mb,698.389,complete,True,20260913
privilege_escalation,6,2026-01-05T06:00:00Z,baseline,outbound_mb,683.137,complete,True,20260913
privilege_escalation,7,2026-01-05T07:00:00Z,baseline,outbound_mb,823.65,complete,True,20260913
privilege_escalation,8,2026-01-05T08:00:00Z,baseline,outbound_mb,942.416,complete,True,20260913
privilege_escalation,9,2026-01-05T09:00:00Z,baseline,outbound_mb,924.073,complete,True,20260913
privilege_escalation,10,2026-01-05T10:00:00Z,baseline,outbound_mb,1051.186,complete,True,20260913
privilege_escalation,11,2026-01-05T11:00:00Z,baseline,outbound_mb,1009.671,complete,True,20260913
privilege_escalation,12,2026-01-05T12:00:00Z,baseline,outbound_mb,1168.511,complete,True,20260913
privilege_escalation,13,2026-01-05T13:00:00Z,baseline,outbound_mb,1174.674,complete,True,20260913
privilege_escalation,14,2026-01-05T14:00:00Z,baseline,outbound_mb,1372.807,complete,True,20260913
privilege_escalation,15,2026-01-05T15:00:00Z,baseline,outbound_mb,1098.257,complete,True,20260913
privilege_escalation,16,2026-01-05T16:00:00Z,baseline,outbound_mb,1002.842,complete,True,20260913
privilege_escalation,17,2026-01-05T17:00:00Z,baseline,outbound_mb,979.904,complete,True,20260913
privilege_escalation,18,2026-01-05T18:00:00Z,baseline,outbound_mb,1068.673,complete,True,20260913
privilege_escalation,19,2026-01-05T19:00:00Z,baseline,outbound_mb,962.07,complete,True,20260913
privilege_escalation,20,2026-01-05T20:00:00Z,baseline,outbound_mb,847.21,complete,True,20260913
privilege_escalation,21,2026-01-05T21:00:00Z,baseline,outbound_mb,677.91,complete,True,20260913
privilege_escalation,22,2026-01-05T22:00:00Z,baseline,outbound_mb,745.461,complete,True,20260913
privilege_escalation,23,2026-01-05T23:00:00Z,baseline,outbound_mb,630.782,complete,True,20260913
privilege_escalation,24,2026-01-06T00:00:00Z,baseline,outbound_mb,650.489,complete,True,20260913
privilege_escalation,25,2026-01-06T01:00:00Z,baseline,outbound_mb,602.378,complete,True,20260913
privilege_escalation,26,2026-01-06T02:00:00Z,baseline,outbound_mb,588.648,complete,True,20260913
privilege_escalation,27,2026-01-06T03:00:00Z,baseline,outbound_mb,556.639,complete,True,20260913
privilege_escalation,28,2026-01-06T04:00:00Z,baseline,outbound_mb,475.311,complete,True,20260913
privilege_escalation,29,2026-01-06T05:00:00Z,baseline,outbound_mb,695.188,complete,True,20260913
privilege_escalation,30,2026-01-06T06:00:00Z,baseline,outbound_mb,648.221,complete,True,20260913
privilege_escalation,31,2026-01-06T07:00:00Z,baseline,outbound_mb,772.043,complete,True,20260913
privilege_escalation,32,2026-01-06T08:00:00Z,baseline,outbound_mb,879.897,complete,True,20260913
privilege_escalation,33,2026-01-06T09:00:00Z,baseline,outbound_mb,983.079,complete,True,20260913
privilege_escalation,34,2026-01-06T10:00:00Z,baseline,outbound_mb,836.313,complete,True,20260913
privilege_escalation,35,2026-01-06T11:00:00Z,baseline,outbound_mb,1009.969,complete,True,20260913
privilege_escalation,36,2026-01-06T12:00:00Z,baseline,outbound_mb,1169.341,complete,True,20260913
privilege_escalation,37,2026-01-06T13:00:00Z,baseline,outbound_mb,1181.768,complete,True,20260913
privilege_escalation,38,2026-01-06T14:00:00Z,baseline,outbound_mb,1197.156,complete,True,20260913
privilege_escalation,39,2026-01-06T15:00:00Z,baseline,outbound_mb,1078.975,complete,True,20260913
privilege_escalation,40,2026-01-06T16:00:00Z,baseline,outbound_mb,1192.057,complete,True,20260913
privilege_escalation,41,2026-01-06T17:00:00Z,baseline,outbound_mb,1059.146,complete,True,20260913
privilege_escalation,42,2026-01-06T18:00:00Z,baseline,outbound_mb,1090.245,complete,True,20260913
privilege_escalation,43,2026-01-06T19:00:00Z,baseline,outbound_mb,931.416,complete,True,20260913
privilege_escalation,44,2026-01-06T20:00:00Z,baseline,outbound_mb,890.274,complete,True,20260913
privilege_escalation,45,2026-01-06T21:00:00Z,baseline,outbound_mb,683.893,complete,True,20260913
privilege_escalation,46,2026-01-06T22:00:00Z,baseline,outbound_mb,658.533,complete,True,20260913
privilege_escalation,47,2026-01-06T23:00:00Z,baseline,outbound_mb,682.48,complete,True,20260913
privilege_escalation,48,2026-01-07T00:00:00Z,target,outbound_mb,664.506,complete,True,20260913
privilege_escalation,0,2026-01-05T00:00:00Z,baseline,api_5xx,11.0,complete,True,20260913
privilege_escalation,1,2026-01-05T01:00:00Z,baseline,api_5xx,10.0,complete,True,20260913
privilege_escalation,2,2026-01-05T02:00:00Z,baseline,api_5xx,10.0,complete,True,20260913
privilege_escalation,3,2026-01-05T03:00:00Z,baseline,api_5xx,16.0,complete,True,20260913
privilege_escalation,4,2026-01-05T04:00:00Z,baseline,api_5xx,13.0,complete,True,20260913
privilege_escalation,5,2026-01-05T05:00:00Z,baseline,api_5xx,13.0,complete,True,20260913
privilege_escalation,6,2026-01-05T06:00:00Z,baseline,api_5xx,16.0,complete,True,20260913
privilege_escalation,7,2026-01-05T07:00:00Z,baseline,api_5xx,16.0,complete,True,20260913
privilege_escalation,8,2026-01-05T08:00:00Z,baseline,api_5xx,16.0,complete,True,20260913
privilege_escalation,9,2026-01-05T09:00:00Z,baseline,api_5xx,19.0,complete,True,20260913
privilege_escalation,10,2026-01-05T10:00:00Z,baseline,api_5xx,26.0,complete,True,20260913
privilege_escalation,11,2026-01-05T11:00:00Z,baseline,api_5xx,26.0,complete,True,20260913
privilege_escalation,12,2026-01-05T12:00:00Z,baseline,api_5xx,17.0,complete,True,20260913
privilege_escalation,13,2026-01-05T13:00:00Z,baseline,api_5xx,25.0,complete,True,20260913
privilege_escalation,14,2026-01-05T14:00:00Z,baseline,api_5xx,20.0,complete,True,20260913
privilege_escalation,15,2026-01-05T15:00:00Z,baseline,api_5xx,28.0,complete,True,20260913
privilege_escalation,16,2026-01-05T16:00:00Z,baseline,api_5xx,19.0,complete,True,20260913
privilege_escalation,17,2026-01-05T17:00:00Z,baseline,api_5xx,17.0,complete,True,20260913
privilege_escalation,18,2026-01-05T18:00:00Z,baseline,api_5xx,20.0,complete,True,20260913
privilege_escalation,19,2026-01-05T19:00:00Z,baseline,api_5xx,19.0,complete,True,20260913
privilege_escalation,20,2026-01-05T20:00:00Z,baseline,api_5xx,21.0,complete,True,20260913
privilege_escalation,21,2026-01-05T21:00:00Z,baseline,api_5xx,20.0,complete,True,20260913
privilege_escalation,22,2026-01-05T22:00:00Z,baseline,api_5xx,13.0,complete,True,20260913
privilege_escalation,23,2026-01-05T23:00:00Z,baseline,api_5xx,15.0,complete,True,20260913
privilege_escalation,24,2026-01-06T00:00:00Z,baseline,api_5xx,11.0,complete,True,20260913
privilege_escalation,25,2026-01-06T01:00:00Z,baseline,api_5xx,15.0,complete,True,20260913
privilege_escalation,26,2026-01-06T02:00:00Z,baseline,api_5xx,10.0,complete,True,20260913
privilege_escalation,27,2026-01-06T03:00:00Z,baseline,api_5xx,13.0,complete,True,20260913
privilege_escalation,28,2026-01-06T04:00:00Z,baseline,api_5xx,10.0,complete,True,20260913
privilege_escalation,29,2026-01-06T05:00:00Z,baseline,api_5xx,11.0,complete,True,20260913
privilege_escalation,30,2026-01-06T06:00:00Z,baseline,api_5xx,16.0,complete,True,20260913
privilege_escalation,31,2026-01-06T07:00:00Z,baseline,api_5xx,19.0,complete,True,20260913
privilege_escalation,32,2026-01-06T08:00:00Z,baseline,api_5xx,20.0,complete,True,20260913
privilege_escalation,33,2026-01-06T09:00:00Z,baseline,api_5xx,22.0,complete,True,20260913
privilege_escalation,34,2026-01-06T10:00:00Z,baseline,api_5xx,28.0,complete,True,20260913
privilege_escalation,35,2026-01-06T11:00:00Z,baseline,api_5xx,23.0,complete,True,20260913
privilege_escalation,36,2026-01-06T12:00:00Z,baseline,api_5xx,20.0,complete,True,20260913
privilege_escalation,37,2026-01-06T13:00:00Z,baseline,api_5xx,18.0,complete,True,20260913
privilege_escalation,38,2026-01-06T14:00:00Z,baseline,api_5xx,27.0,complete,True,20260913
privilege_escalation,39,2026-01-06T15:00:00Z,baseline,api_5xx,19.0,complete,True,20260913
privilege_escalation,40,2026-01-06T16:00:00Z,baseline,api_5xx,26.0,complete,True,20260913
privilege_escalation,41,2026-01-06T17:00:00Z,baseline,api_5xx,26.0,complete,True,20260913
privilege_escalation,42,2026-01-06T18:00:00Z,baseline,api_5xx,20.0,complete,True,20260913
privilege_escalation,43,2026-01-06T19:00:00Z,baseline,api_5xx,22.0,complete,True,20260913
privilege_escalation,44,2026-01-06T20:00:00Z,baseline,api_5xx,18.0,complete,True,20260913
privilege_escalation,45,2026-01-06T21:00:00Z,baseline,api_5xx,16.0,complete,True,20260913
privilege_escalation,46,2026-01-06T22:00:00Z,baseline,api_5xx,15.0,complete,True,20260913
privilege_escalation,47,2026-01-06T23:00:00Z,baseline,api_5xx,15.0,complete,True,20260913
privilege_escalation,48,2026-01-07T00:00:00Z,target,api_5xx,10,complete,True,20260913
privilege_escalation,0,2026-01-05T00:00:00Z,baseline,endpoint_alerts,6.0,complete,True,20260913
privilege_escalation,1,2026-01-05T01:00:00Z,baseline,endpoint_alerts,4.0,complete,True,20260913
privilege_escalation,2,2026-01-05T02:00:00Z,baseline,endpoint_alerts,4.0,complete,True,20260913
privilege_escalation,3,2026-01-05T03:00:00Z,baseline,endpoint_alerts,5.0,complete,True,20260913
privilege_escalation,4,2026-01-05T04:00:00Z,baseline,endpoint_alerts,4.0,complete,True,20260913
privilege_escalation,5,2026-01-05T05:00:00Z,baseline,endpoint_alerts,3.0,complete,True,20260913
privilege_escalation,6,2026-01-05T06:00:00Z,baseline,endpoint_alerts,4.0,complete,True,20260913
privilege_escalation,7,2026-01-05T07:00:00Z,baseline,endpoint_alerts,3.0,complete,True,20260913
privilege_escalation,8,2026-01-05T08:00:00Z,baseline,endpoint_alerts,6.0,complete,True,20260913
privilege_escalation,9,2026-01-05T09:00:00Z,baseline,endpoint_alerts,3.0,complete,True,20260913
privilege_escalation,10,2026-01-05T10:00:00Z,baseline,endpoint_alerts,4.0,complete,True,20260913
privilege_escalation,11,2026-01-05T11:00:00Z,baseline,endpoint_alerts,5.0,complete,True,20260913
privilege_escalation,12,2026-01-05T12:00:00Z,baseline,endpoint_alerts,6.0,complete,True,20260913
privilege_escalation,13,2026-01-05T13:00:00Z,baseline,endpoint_alerts,4.0,complete,True,20260913
privilege_escalation,14,2026-01-05T14:00:00Z,baseline,endpoint_alerts,4.0,complete,True,20260913
privilege_escalation,15,2026-01-05T15:00:00Z,baseline,endpoint_alerts,6.0,complete,True,20260913
privilege_escalation,16,2026-01-05T16:00:00Z,baseline,endpoint_alerts,7.0,complete,True,20260913
privilege_escalation,17,2026-01-05T17:00:00Z,baseline,endpoint_alerts,4.0,complete,True,20260913
privilege_escalation,18,2026-01-05T18:00:00Z,baseline,endpoint_alerts,5.0,complete,True,20260913
privilege_escalation,19,2026-01-05T19:00:00Z,baseline,endpoint_alerts,4.0,complete,True,20260913
privilege_escalation,20,2026-01-05T20:00:00Z,baseline,endpoint_alerts,4.0,complete,True,20260913
privilege_escalation,21,2026-01-05T21:00:00Z,baseline,endpoint_alerts,5.0,complete,True,20260913
privilege_escalation,22,2026-01-05T22:00:00Z,baseline,endpoint_alerts,5.0,complete,True,20260913
privilege_escalation,23,2026-01-05T23:00:00Z,baseline,endpoint_alerts,4.0,complete,True,20260913
privilege_escalation,24,2026-01-06T00:00:00Z,baseline,endpoint_alerts,4.0,complete,True,20260913
privilege_escalation,25,2026-01-06T01:00:00Z,baseline,endpoint_alerts,5.0,complete,True,20260913
privilege_escalation,26,2026-01-06T02:00:00Z,baseline,endpoint_alerts,4.0,complete,True,20260913
privilege_escalation,27,2026-01-06T03:00:00Z,baseline,endpoint_alerts,5.0,complete,True,20260913
privilege_escalation,28,2026-01-06T04:00:00Z,baseline,endpoint_alerts,3.0,complete,True,20260913
privilege_escalation,29,2026-01-06T05:00:00Z,baseline,endpoint_alerts,4.0,complete,True,20260913
privilege_escalation,30,2026-01-06T06:00:00Z,baseline,endpoint_alerts,6.0,complete,True,20260913
privilege_escalation,31,2026-01-06T07:00:00Z,baseline,endpoint_alerts,4.0,complete,True,20260913
privilege_escalation,32,2026-01-06T08:00:00Z,baseline,endpoint_alerts,7.0,complete,True,20260913
privilege_escalation,33,2026-01-06T09:00:00Z,baseline,endpoint_alerts,4.0,complete,True,20260913
privilege_escalation,34,2026-01-06T10:00:00Z,baseline,endpoint_alerts,5.0,complete,True,20260913
privilege_escalation,35,2026-01-06T11:00:00Z,baseline,endpoint_alerts,4.0,complete,True,20260913
privilege_escalation,36,2026-01-06T12:00:00Z,baseline,endpoint_alerts,3.0,complete,True,20260913
privilege_escalation,37,2026-01-06T13:00:00Z,baseline,endpoint_alerts,6.0,complete,True,20260913
privilege_escalation,38,2026-01-06T14:00:00Z,baseline,endpoint_alerts,7.0,complete,True,20260913
privilege_escalation,39,2026-01-06T15:00:00Z,baseline,endpoint_alerts,4.0,complete,True,20260913
privilege_escalation,40,2026-01-06T16:00:00Z,baseline,endpoint_alerts,4.0,complete,True,20260913
privilege_escalation,41,2026-01-06T17:00:00Z,baseline,endpoint_alerts,4.0,complete,True,20260913
privilege_escalation,42,2026-01-06T18:00:00Z,baseline,endpoint_alerts,7.0,complete,True,20260913
privilege_escalation,43,2026-01-06T19:00:00Z,baseline,endpoint_alerts,4.0,complete,True,20260913
privilege_escalation,44,2026-01-06T20:00:00Z,baseline,endpoint_alerts,4.0,complete,True,20260913
privilege_escalation,45,2026-01-06T21:00:00Z,baseline,endpoint_alerts,4.0,complete,True,20260913
privilege_escalation,46,2026-01-06T22:00:00Z,baseline,endpoint_alerts,5.0,complete,True,20260913
privilege_escalation,47,2026-01-06T23:00:00Z,baseline,endpoint_alerts,2.0,complete,True,20260913
privilege_escalation,48,2026-01-07T00:00:00Z,target,endpoint_alerts,4,complete,True,20260913
privilege_escalation,0,2026-01-05T00:00:00Z,baseline,file_rename_events,42.0,complete,True,20260913
privilege_escalation,1,2026-01-05T01:00:00Z,baseline,file_rename_events,34.0,complete,True,20260913
privilege_escalation,2,2026-01-05T02:00:00Z,baseline,file_rename_events,31.0,complete,True,20260913
privilege_escalation,3,2026-01-05T03:00:00Z,baseline,file_rename_events,36.0,complete,True,20260913
privilege_escalation,4,2026-01-05T04:00:00Z,baseline,file_rename_events,34.0,complete,True,20260913
privilege_escalation,5,2026-01-05T05:00:00Z,baseline,file_rename_events,45.0,complete,True,20260913
privilege_escalation,6,2026-01-05T06:00:00Z,baseline,file_rename_events,41.0,complete,True,20260913
privilege_escalation,7,2026-01-05T07:00:00Z,baseline,file_rename_events,48.0,complete,True,20260913
privilege_escalation,8,2026-01-05T08:00:00Z,baseline,file_rename_events,49.0,complete,True,20260913
privilege_escalation,9,2026-01-05T09:00:00Z,baseline,file_rename_events,41.0,complete,True,20260913
privilege_escalation,10,2026-01-05T10:00:00Z,baseline,file_rename_events,48.0,complete,True,20260913
privilege_escalation,11,2026-01-05T11:00:00Z,baseline,file_rename_events,48.0,complete,True,20260913
privilege_escalation,12,2026-01-05T12:00:00Z,baseline,file_rename_events,47.0,complete,True,20260913
privilege_escalation,13,2026-01-05T13:00:00Z,baseline,file_rename_events,47.0,complete,True,20260913
privilege_escalation,14,2026-01-05T14:00:00Z,baseline,file_rename_events,60.0,complete,True,20260913
privilege_escalation,15,2026-01-05T15:00:00Z,baseline,file_rename_events,42.0,complete,True,20260913
privilege_escalation,16,2026-01-05T16:00:00Z,baseline,file_rename_events,47.0,complete,True,20260913
privilege_escalation,17,2026-01-05T17:00:00Z,baseline,file_rename_events,44.0,complete,True,20260913
privilege_escalation,18,2026-01-05T18:00:00Z,baseline,file_rename_events,46.0,complete,True,20260913
privilege_escalation,19,2026-01-05T19:00:00Z,baseline,file_rename_events,48.0,complete,True,20260913
privilege_escalation,20,2026-01-05T20:00:00Z,baseline,file_rename_events,43.0,complete,True,20260913
privilege_escalation,21,2026-01-05T21:00:00Z,baseline,file_rename_events,48.0,complete,True,20260913
privilege_escalation,22,2026-01-05T22:00:00Z,baseline,file_rename_events,42.0,complete,True,20260913
privilege_escalation,23,2026-01-05T23:00:00Z,baseline,file_rename_events,38.0,complete,True,20260913
privilege_escalation,24,2026-01-06T00:00:00Z,baseline,file_rename_events,29.0,complete,True,20260913
privilege_escalation,25,2026-01-06T01:00:00Z,baseline,file_rename_events,35.0,complete,True,20260913
privilege_escalation,26,2026-01-06T02:00:00Z,baseline,file_rename_events,34.0,complete,True,20260913
privilege_escalation,27,2026-01-06T03:00:00Z,baseline,file_rename_events,35.0,complete,True,20260913
privilege_escalation,28,2026-01-06T04:00:00Z,baseline,file_rename_events,35.0,complete,True,20260913
privilege_escalation,29,2026-01-06T05:00:00Z,baseline,file_rename_events,35.0,complete,True,20260913
privilege_escalation,30,2026-01-06T06:00:00Z,baseline,file_rename_events,37.0,complete,True,20260913
privilege_escalation,31,2026-01-06T07:00:00Z,baseline,file_rename_events,42.0,complete,True,20260913
privilege_escalation,32,2026-01-06T08:00:00Z,baseline,file_rename_events,30.0,complete,True,20260913
privilege_escalation,33,2026-01-06T09:00:00Z,baseline,file_rename_events,49.0,complete,True,20260913
privilege_escalation,34,2026-01-06T10:00:00Z,baseline,file_rename_events,57.0,complete,True,20260913
privilege_escalation,35,2026-01-06T11:00:00Z,baseline,file_rename_events,47.0,complete,True,20260913
privilege_escalation,36,2026-01-06T12:00:00Z,baseline,file_rename_events,49.0,complete,True,20260913
privilege_escalation,37,2026-01-06T13:00:00Z,baseline,file_rename_events,47.0,complete,True,20260913
privilege_escalation,38,2026-01-06T14:00:00Z,baseline,file_rename_events,58.0,complete,True,20260913
privilege_escalation,39,2026-01-06T15:00:00Z,baseline,file_rename_events,56.0,complete,True,20260913
privilege_escalation,40,2026-01-06T16:00:00Z,baseline,file_rename_events,49.0,complete,True,20260913
privilege_escalation,41,2026-01-06T17:00:00Z,baseline,file_rename_events,51.0,complete,True,20260913
privilege_escalation,42,2026-01-06T18:00:00Z,baseline,file_rename_events,61.0,complete,True,20260913
privilege_escalation,43,2026-01-06T19:00:00Z,baseline,file_rename_events,50.0,complete,True,20260913
privilege_escalation,44,2026-01-06T20:00:00Z,baseline,file_rename_events,47.0,complete,True,20260913
privilege_escalation,45,2026-01-06T21:00:00Z,baseline,file_rename_events,33.0,complete,True,20260913
privilege_escalation,46,2026-01-06T22:00:00Z,baseline,file_rename_events,33.0,complete,True,20260913
privilege_escalation,47,2026-01-06T23:00:00Z,baseline,file_rename_events,38.0,complete,True,20260913
privilege_escalation,48,2026-01-07T00:00:00Z,target,file_rename_events,34,complete,True,20260913
privilege_escalation,0,2026-01-05T00:00:00Z,baseline,inbound_requests,29735.0,complete,True,20260913
privilege_escalation,1,2026-01-05T01:00:00Z,baseline,inbound_requests,28633.0,complete,True,20260913
privilege_escalation,2,2026-01-05T02:00:00Z,baseline,inbound_requests,27303.0,complete,True,20260913
privilege_escalation,3,2026-01-05T03:00:00Z,baseline,inbound_requests,27418.0,complete,True,20260913
privilege_escalation,4,2026-01-05T04:00:00Z,baseline,inbound_requests,30525.0,complete,True,20260913
privilege_escalation,5,2026-01-05T05:00:00Z,baseline,inbound_requests,38211.0,complete,True,20260913
privilege_escalation,6,2026-01-05T06:00:00Z,baseline,inbound_requests,42156.0,complete,True,20260913
privilege_escalation,7,2026-01-05T07:00:00Z,baseline,inbound_requests,43837.0,complete,True,20260913
privilege_escalation,8,2026-01-05T08:00:00Z,baseline,inbound_requests,48920.0,complete,True,20260913
privilege_escalation,9,2026-01-05T09:00:00Z,baseline,inbound_requests,58448.0,complete,True,20260913
privilege_escalation,10,2026-01-05T10:00:00Z,baseline,inbound_requests,61711.0,complete,True,20260913
privilege_escalation,11,2026-01-05T11:00:00Z,baseline,inbound_requests,62448.0,complete,True,20260913
privilege_escalation,12,2026-01-05T12:00:00Z,baseline,inbound_requests,68876.0,complete,True,20260913
privilege_escalation,13,2026-01-05T13:00:00Z,baseline,inbound_requests,77828.0,complete,True,20260913
privilege_escalation,14,2026-01-05T14:00:00Z,baseline,inbound_requests,73892.0,complete,True,20260913
privilege_escalation,15,2026-01-05T15:00:00Z,baseline,inbound_requests,72885.0,complete,True,20260913
privilege_escalation,16,2026-01-05T16:00:00Z,baseline,inbound_requests,70060.0,complete,True,20260913
privilege_escalation,17,2026-01-05T17:00:00Z,baseline,inbound_requests,71651.0,complete,True,20260913
privilege_escalation,18,2026-01-05T18:00:00Z,baseline,inbound_requests,66024.0,complete,True,20260913
privilege_escalation,19,2026-01-05T19:00:00Z,baseline,inbound_requests,55588.0,complete,True,20260913
privilege_escalation,20,2026-01-05T20:00:00Z,baseline,inbound_requests,51522.0,complete,True,20260913
privilege_escalation,21,2026-01-05T21:00:00Z,baseline,inbound_requests,39173.0,complete,True,20260913
privilege_escalation,22,2026-01-05T22:00:00Z,baseline,inbound_requests,39451.0,complete,True,20260913
privilege_escalation,23,2026-01-05T23:00:00Z,baseline,inbound_requests,33812.0,complete,True,20260913
privilege_escalation,24,2026-01-06T00:00:00Z,baseline,inbound_requests,31694.0,complete,True,20260913
privilege_escalation,25,2026-01-06T01:00:00Z,baseline,inbound_requests,28788.0,complete,True,20260913
privilege_escalation,26,2026-01-06T02:00:00Z,baseline,inbound_requests,27760.0,complete,True,20260913
privilege_escalation,27,2026-01-06T03:00:00Z,baseline,inbound_requests,26688.0,complete,True,20260913
privilege_escalation,28,2026-01-06T04:00:00Z,baseline,inbound_requests,31008.0,complete,True,20260913
privilege_escalation,29,2026-01-06T05:00:00Z,baseline,inbound_requests,31455.0,complete,True,20260913
privilege_escalation,30,2026-01-06T06:00:00Z,baseline,inbound_requests,39393.0,complete,True,20260913
privilege_escalation,31,2026-01-06T07:00:00Z,baseline,inbound_requests,47060.0,complete,True,20260913
privilege_escalation,32,2026-01-06T08:00:00Z,baseline,inbound_requests,53700.0,complete,True,20260913
privilege_escalation,33,2026-01-06T09:00:00Z,baseline,inbound_requests,60777.0,complete,True,20260913
privilege_escalation,34,2026-01-06T10:00:00Z,baseline,inbound_requests,59602.0,complete,True,20260913
privilege_escalation,35,2026-01-06T11:00:00Z,baseline,inbound_requests,65304.0,complete,True,20260913
privilege_escalation,36,2026-01-06T12:00:00Z,baseline,inbound_requests,72488.0,complete,True,20260913
privilege_escalation,37,2026-01-06T13:00:00Z,baseline,inbound_requests,66109.0,complete,True,20260913
privilege_escalation,38,2026-01-06T14:00:00Z,baseline,inbound_requests,77576.0,complete,True,20260913
privilege_escalation,39,2026-01-06T15:00:00Z,baseline,inbound_requests,80236.0,complete,True,20260913
privilege_escalation,40,2026-01-06T16:00:00Z,baseline,inbound_requests,75741.0,complete,True,20260913
privilege_escalation,41,2026-01-06T17:00:00Z,baseline,inbound_requests,73354.0,complete,True,20260913
privilege_escalation,42,2026-01-06T18:00:00Z,baseline,inbound_requests,64052.0,complete,True,20260913
privilege_escalation,43,2026-01-06T19:00:00Z,baseline,inbound_requests,57583.0,complete,True,20260913
privilege_escalation,44,2026-01-06T20:00:00Z,baseline,inbound_requests,55143.0,complete,True,20260913
privilege_escalation,45,2026-01-06T21:00:00Z,baseline,inbound_requests,43653.0,complete,True,20260913
privilege_escalation,46,2026-01-06T22:00:00Z,baseline,inbound_requests,40314.0,complete,True,20260913
privilege_escalation,47,2026-01-06T23:00:00Z,baseline,inbound_requests,34998.0,complete,True,20260913
privilege_escalation,48,2026-01-07T00:00:00Z,target,inbound_requests,33931,complete,True,20260913
slow_exfiltration,0,2026-01-05T00:00:00Z,baseline,auth_failures,96.0,complete,True,20260914
slow_exfiltration,1,2026-01-05T01:00:00Z,baseline,auth_failures,98.0,complete,True,20260914
slow_exfiltration,2,2026-01-05T02:00:00Z,baseline,auth_failures,88.0,complete,True,20260914
slow_exfiltration,3,2026-01-05T03:00:00Z,baseline,auth_failures,93.0,complete,True,20260914
slow_exfiltration,4,2026-01-05T04:00:00Z,baseline,auth_failures,98.0,complete,True,20260914
slow_exfiltration,5,2026-01-05T05:00:00Z,baseline,auth_failures,99.0,complete,True,20260914
slow_exfiltration,6,2026-01-05T06:00:00Z,baseline,auth_failures,93.0,complete,True,20260914
slow_exfiltration,7,2026-01-05T07:00:00Z,baseline,auth_failures,116.0,complete,True,20260914
slow_exfiltration,8,2026-01-05T08:00:00Z,baseline,auth_failures,134.0,complete,True,20260914
slow_exfiltration,9,2026-01-05T09:00:00Z,baseline,auth_failures,112.0,complete,True,20260914
slow_exfiltration,10,2026-01-05T10:00:00Z,baseline,auth_failures,135.0,complete,True,20260914
slow_exfiltration,11,2026-01-05T11:00:00Z,baseline,auth_failures,138.0,complete,True,20260914
slow_exfiltration,12,2026-01-05T12:00:00Z,baseline,auth_failures,172.0,complete,True,20260914
slow_exfiltration,13,2026-01-05T13:00:00Z,baseline,auth_failures,154.0,complete,True,20260914
slow_exfiltration,14,2026-01-05T14:00:00Z,baseline,auth_failures,159.0,complete,True,20260914
slow_exfiltration,15,2026-01-05T15:00:00Z,baseline,auth_failures,167.0,complete,True,20260914
slow_exfiltration,16,2026-01-05T16:00:00Z,baseline,auth_failures,127.0,complete,True,20260914
slow_exfiltration,17,2026-01-05T17:00:00Z,baseline,auth_failures,148.0,complete,True,20260914
slow_exfiltration,18,2026-01-05T18:00:00Z,baseline,auth_failures,127.0,complete,True,20260914
slow_exfiltration,19,2026-01-05T19:00:00Z,baseline,auth_failures,137.0,complete,True,20260914
slow_exfiltration,20,2026-01-05T20:00:00Z,baseline,auth_failures,123.0,complete,True,20260914
slow_exfiltration,21,2026-01-05T21:00:00Z,baseline,auth_failures,103.0,complete,True,20260914
slow_exfiltration,22,2026-01-05T22:00:00Z,baseline,auth_failures,106.0,complete,True,20260914
slow_exfiltration,23,2026-01-05T23:00:00Z,baseline,auth_failures,98.0,complete,True,20260914
slow_exfiltration,24,2026-01-06T00:00:00Z,baseline,auth_failures,108.0,complete,True,20260914
slow_exfiltration,25,2026-01-06T01:00:00Z,baseline,auth_failures,106.0,complete,True,20260914
slow_exfiltration,26,2026-01-06T02:00:00Z,baseline,auth_failures,84.0,complete,True,20260914
slow_exfiltration,27,2026-01-06T03:00:00Z,baseline,auth_failures,74.0,complete,True,20260914
slow_exfiltration,28,2026-01-06T04:00:00Z,baseline,auth_failures,91.0,complete,True,20260914
slow_exfiltration,29,2026-01-06T05:00:00Z,baseline,auth_failures,95.0,complete,True,20260914
slow_exfiltration,30,2026-01-06T06:00:00Z,baseline,auth_failures,90.0,complete,True,20260914
slow_exfiltration,31,2026-01-06T07:00:00Z,baseline,auth_failures,100.0,complete,True,20260914
slow_exfiltration,32,2026-01-06T08:00:00Z,baseline,auth_failures,121.0,complete,True,20260914
slow_exfiltration,33,2026-01-06T09:00:00Z,baseline,auth_failures,116.0,complete,True,20260914
slow_exfiltration,34,2026-01-06T10:00:00Z,baseline,auth_failures,139.0,complete,True,20260914
slow_exfiltration,35,2026-01-06T11:00:00Z,baseline,auth_failures,131.0,complete,True,20260914
slow_exfiltration,36,2026-01-06T12:00:00Z,baseline,auth_failures,136.0,complete,True,20260914
slow_exfiltration,37,2026-01-06T13:00:00Z,baseline,auth_failures,159.0,complete,True,20260914
slow_exfiltration,38,2026-01-06T14:00:00Z,baseline,auth_failures,157.0,complete,True,20260914
slow_exfiltration,39,2026-01-06T15:00:00Z,baseline,auth_failures,181.0,complete,True,20260914
slow_exfiltration,40,2026-01-06T16:00:00Z,baseline,auth_failures,126.0,complete,True,20260914
slow_exfiltration,41,2026-01-06T17:00:00Z,baseline,auth_failures,142.0,complete,True,20260914
slow_exfiltration,42,2026-01-06T18:00:00Z,baseline,auth_failures,159.0,complete,True,20260914
slow_exfiltration,43,2026-01-06T19:00:00Z,baseline,auth_failures,123.0,complete,True,20260914
slow_exfiltration,44,2026-01-06T20:00:00Z,baseline,auth_failures,117.0,complete,True,20260914
slow_exfiltration,45,2026-01-06T21:00:00Z,baseline,auth_failures,121.0,complete,True,20260914
slow_exfiltration,46,2026-01-06T22:00:00Z,baseline,auth_failures,100.0,complete,True,20260914
slow_exfiltration,47,2026-01-06T23:00:00Z,baseline,auth_failures,110.0,complete,True,20260914
slow_exfiltration,48,2026-01-07T00:00:00Z,target,auth_failures,97,complete,True,20260914
slow_exfiltration,0,2026-01-05T00:00:00Z,baseline,unique_failed_accounts,25.0,complete,True,20260914
slow_exfiltration,1,2026-01-05T01:00:00Z,baseline,unique_failed_accounts,24.0,complete,True,20260914
slow_exfiltration,2,2026-01-05T02:00:00Z,baseline,unique_failed_accounts,28.0,complete,True,20260914
slow_exfiltration,3,2026-01-05T03:00:00Z,baseline,unique_failed_accounts,25.0,complete,True,20260914
slow_exfiltration,4,2026-01-05T04:00:00Z,baseline,unique_failed_accounts,28.0,complete,True,20260914
slow_exfiltration,5,2026-01-05T05:00:00Z,baseline,unique_failed_accounts,26.0,complete,True,20260914
slow_exfiltration,6,2026-01-05T06:00:00Z,baseline,unique_failed_accounts,27.0,complete,True,20260914
slow_exfiltration,7,2026-01-05T07:00:00Z,baseline,unique_failed_accounts,29.0,complete,True,20260914
slow_exfiltration,8,2026-01-05T08:00:00Z,baseline,unique_failed_accounts,36.0,complete,True,20260914
slow_exfiltration,9,2026-01-05T09:00:00Z,baseline,unique_failed_accounts,33.0,complete,True,20260914
slow_exfiltration,10,2026-01-05T10:00:00Z,baseline,unique_failed_accounts,40.0,complete,True,20260914
slow_exfiltration,11,2026-01-05T11:00:00Z,baseline,unique_failed_accounts,41.0,complete,True,20260914
slow_exfiltration,12,2026-01-05T12:00:00Z,baseline,unique_failed_accounts,42.0,complete,True,20260914
slow_exfiltration,13,2026-01-05T13:00:00Z,baseline,unique_failed_accounts,44.0,complete,True,20260914
slow_exfiltration,14,2026-01-05T14:00:00Z,baseline,unique_failed_accounts,46.0,complete,True,20260914
slow_exfiltration,15,2026-01-05T15:00:00Z,baseline,unique_failed_accounts,44.0,complete,True,20260914
slow_exfiltration,16,2026-01-05T16:00:00Z,baseline,unique_failed_accounts,39.0,complete,True,20260914
slow_exfiltration,17,2026-01-05T17:00:00Z,baseline,unique_failed_accounts,40.0,complete,True,20260914
slow_exfiltration,18,2026-01-05T18:00:00Z,baseline,unique_failed_accounts,37.0,complete,True,20260914
slow_exfiltration,19,2026-01-05T19:00:00Z,baseline,unique_failed_accounts,32.0,complete,True,20260914
slow_exfiltration,20,2026-01-05T20:00:00Z,baseline,unique_failed_accounts,25.0,complete,True,20260914
slow_exfiltration,21,2026-01-05T21:00:00Z,baseline,unique_failed_accounts,34.0,complete,True,20260914
slow_exfiltration,22,2026-01-05T22:00:00Z,baseline,unique_failed_accounts,29.0,complete,True,20260914
slow_exfiltration,23,2026-01-05T23:00:00Z,baseline,unique_failed_accounts,26.0,complete,True,20260914
slow_exfiltration,24,2026-01-06T00:00:00Z,baseline,unique_failed_accounts,30.0,complete,True,20260914
slow_exfiltration,25,2026-01-06T01:00:00Z,baseline,unique_failed_accounts,27.0,complete,True,20260914
slow_exfiltration,26,2026-01-06T02:00:00Z,baseline,unique_failed_accounts,30.0,complete,True,20260914
slow_exfiltration,27,2026-01-06T03:00:00Z,baseline,unique_failed_accounts,30.0,complete,True,20260914
slow_exfiltration,28,2026-01-06T04:00:00Z,baseline,unique_failed_accounts,26.0,complete,True,20260914
slow_exfiltration,29,2026-01-06T05:00:00Z,baseline,unique_failed_accounts,36.0,complete,True,20260914
slow_exfiltration,30,2026-01-06T06:00:00Z,baseline,unique_failed_accounts,34.0,complete,True,20260914
slow_exfiltration,31,2026-01-06T07:00:00Z,baseline,unique_failed_accounts,34.0,complete,True,20260914
slow_exfiltration,32,2026-01-06T08:00:00Z,baseline,unique_failed_accounts,36.0,complete,True,20260914
slow_exfiltration,33,2026-01-06T09:00:00Z,baseline,unique_failed_accounts,31.0,complete,True,20260914
slow_exfiltration,34,2026-01-06T10:00:00Z,baseline,unique_failed_accounts,37.0,complete,True,20260914
slow_exfiltration,35,2026-01-06T11:00:00Z,baseline,unique_failed_accounts,41.0,complete,True,20260914
slow_exfiltration,36,2026-01-06T12:00:00Z,baseline,unique_failed_accounts,40.0,complete,True,20260914
slow_exfiltration,37,2026-01-06T13:00:00Z,baseline,unique_failed_accounts,50.0,complete,True,20260914
slow_exfiltration,38,2026-01-06T14:00:00Z,baseline,unique_failed_accounts,46.0,complete,True,20260914
slow_exfiltration,39,2026-01-06T15:00:00Z,baseline,unique_failed_accounts,38.0,complete,True,20260914
slow_exfiltration,40,2026-01-06T16:00:00Z,baseline,unique_failed_accounts,42.0,complete,True,20260914
slow_exfiltration,41,2026-01-06T17:00:00Z,baseline,unique_failed_accounts,42.0,complete,True,20260914
slow_exfiltration,42,2026-01-06T18:00:00Z,baseline,unique_failed_accounts,41.0,complete,True,20260914
slow_exfiltration,43,2026-01-06T19:00:00Z,baseline,unique_failed_accounts,38.0,complete,True,20260914
slow_exfiltration,44,2026-01-06T20:00:00Z,baseline,unique_failed_accounts,39.0,complete,True,20260914
slow_exfiltration,45,2026-01-06T21:00:00Z,baseline,unique_failed_accounts,39.0,complete,True,20260914
slow_exfiltration,46,2026-01-06T22:00:00Z,baseline,unique_failed_accounts,32.0,complete,True,20260914
slow_exfiltration,47,2026-01-06T23:00:00Z,baseline,unique_failed_accounts,33.0,complete,True,20260914
slow_exfiltration,48,2026-01-07T00:00:00Z,target,unique_failed_accounts,29,complete,True,20260914
slow_exfiltration,0,2026-01-05T00:00:00Z,baseline,unique_source_ips,176.0,complete,True,20260914
slow_exfiltration,1,2026-01-05T01:00:00Z,baseline,unique_source_ips,203.0,complete,True,20260914
slow_exfiltration,2,2026-01-05T02:00:00Z,baseline,unique_source_ips,189.0,complete,True,20260914
slow_exfiltration,3,2026-01-05T03:00:00Z,baseline,unique_source_ips,194.0,complete,True,20260914
slow_exfiltration,4,2026-01-05T04:00:00Z,baseline,unique_source_ips,208.0,complete,True,20260914
slow_exfiltration,5,2026-01-05T05:00:00Z,baseline,unique_source_ips,208.0,complete,True,20260914
slow_exfiltration,6,2026-01-05T06:00:00Z,baseline,unique_source_ips,223.0,complete,True,20260914
slow_exfiltration,7,2026-01-05T07:00:00Z,baseline,unique_source_ips,202.0,complete,True,20260914
slow_exfiltration,8,2026-01-05T08:00:00Z,baseline,unique_source_ips,241.0,complete,True,20260914
slow_exfiltration,9,2026-01-05T09:00:00Z,baseline,unique_source_ips,272.0,complete,True,20260914
slow_exfiltration,10,2026-01-05T10:00:00Z,baseline,unique_source_ips,280.0,complete,True,20260914
slow_exfiltration,11,2026-01-05T11:00:00Z,baseline,unique_source_ips,244.0,complete,True,20260914
slow_exfiltration,12,2026-01-05T12:00:00Z,baseline,unique_source_ips,240.0,complete,True,20260914
slow_exfiltration,13,2026-01-05T13:00:00Z,baseline,unique_source_ips,294.0,complete,True,20260914
slow_exfiltration,14,2026-01-05T14:00:00Z,baseline,unique_source_ips,266.0,complete,True,20260914
slow_exfiltration,15,2026-01-05T15:00:00Z,baseline,unique_source_ips,316.0,complete,True,20260914
slow_exfiltration,16,2026-01-05T16:00:00Z,baseline,unique_source_ips,301.0,complete,True,20260914
slow_exfiltration,17,2026-01-05T17:00:00Z,baseline,unique_source_ips,272.0,complete,True,20260914
slow_exfiltration,18,2026-01-05T18:00:00Z,baseline,unique_source_ips,311.0,complete,True,20260914
slow_exfiltration,19,2026-01-05T19:00:00Z,baseline,unique_source_ips,268.0,complete,True,20260914
slow_exfiltration,20,2026-01-05T20:00:00Z,baseline,unique_source_ips,248.0,complete,True,20260914
slow_exfiltration,21,2026-01-05T21:00:00Z,baseline,unique_source_ips,196.0,complete,True,20260914
slow_exfiltration,22,2026-01-05T22:00:00Z,baseline,unique_source_ips,226.0,complete,True,20260914
slow_exfiltration,23,2026-01-05T23:00:00Z,baseline,unique_source_ips,224.0,complete,True,20260914
slow_exfiltration,24,2026-01-06T00:00:00Z,baseline,unique_source_ips,195.0,complete,True,20260914
slow_exfiltration,25,2026-01-06T01:00:00Z,baseline,unique_source_ips,168.0,complete,True,20260914
slow_exfiltration,26,2026-01-06T02:00:00Z,baseline,unique_source_ips,223.0,complete,True,20260914
slow_exfiltration,27,2026-01-06T03:00:00Z,baseline,unique_source_ips,179.0,complete,True,20260914
slow_exfiltration,28,2026-01-06T04:00:00Z,baseline,unique_source_ips,204.0,complete,True,20260914
slow_exfiltration,29,2026-01-06T05:00:00Z,baseline,unique_source_ips,235.0,complete,True,20260914
slow_exfiltration,30,2026-01-06T06:00:00Z,baseline,unique_source_ips,260.0,complete,True,20260914
slow_exfiltration,31,2026-01-06T07:00:00Z,baseline,unique_source_ips,201.0,complete,True,20260914
slow_exfiltration,32,2026-01-06T08:00:00Z,baseline,unique_source_ips,211.0,complete,True,20260914
slow_exfiltration,33,2026-01-06T09:00:00Z,baseline,unique_source_ips,259.0,complete,True,20260914
slow_exfiltration,34,2026-01-06T10:00:00Z,baseline,unique_source_ips,281.0,complete,True,20260914
slow_exfiltration,35,2026-01-06T11:00:00Z,baseline,unique_source_ips,315.0,complete,True,20260914
slow_exfiltration,36,2026-01-06T12:00:00Z,baseline,unique_source_ips,298.0,complete,True,20260914
slow_exfiltration,37,2026-01-06T13:00:00Z,baseline,unique_source_ips,313.0,complete,True,20260914
slow_exfiltration,38,2026-01-06T14:00:00Z,baseline,unique_source_ips,277.0,complete,True,20260914
slow_exfiltration,39,2026-01-06T15:00:00Z,baseline,unique_source_ips,277.0,complete,True,20260914
slow_exfiltration,40,2026-01-06T16:00:00Z,baseline,unique_source_ips,279.0,complete,True,20260914
slow_exfiltration,41,2026-01-06T17:00:00Z,baseline,unique_source_ips,270.0,complete,True,20260914
slow_exfiltration,42,2026-01-06T18:00:00Z,baseline,unique_source_ips,259.0,complete,True,20260914
slow_exfiltration,43,2026-01-06T19:00:00Z,baseline,unique_source_ips,282.0,complete,True,20260914
slow_exfiltration,44,2026-01-06T20:00:00Z,baseline,unique_source_ips,238.0,complete,True,20260914
slow_exfiltration,45,2026-01-06T21:00:00Z,baseline,unique_source_ips,253.0,complete,True,20260914
slow_exfiltration,46,2026-01-06T22:00:00Z,baseline,unique_source_ips,273.0,complete,True,20260914
slow_exfiltration,47,2026-01-06T23:00:00Z,baseline,unique_source_ips,219.0,complete,True,20260914
slow_exfiltration,48,2026-01-07T00:00:00Z,target,unique_source_ips,215,complete,True,20260914
slow_exfiltration,0,2026-01-05T00:00:00Z,baseline,successful_logins,1087.0,complete,True,20260914
slow_exfiltration,1,2026-01-05T01:00:00Z,baseline,successful_logins,950.0,complete,True,20260914
slow_exfiltration,2,2026-01-05T02:00:00Z,baseline,successful_logins,911.0,complete,True,20260914
slow_exfiltration,3,2026-01-05T03:00:00Z,baseline,successful_logins,962.0,complete,True,20260914
slow_exfiltration,4,2026-01-05T04:00:00Z,baseline,successful_logins,997.0,complete,True,20260914
slow_exfiltration,5,2026-01-05T05:00:00Z,baseline,successful_logins,1023.0,complete,True,20260914
slow_exfiltration,6,2026-01-05T06:00:00Z,baseline,successful_logins,1175.0,complete,True,20260914
slow_exfiltration,7,2026-01-05T07:00:00Z,baseline,successful_logins,1349.0,complete,True,20260914
slow_exfiltration,8,2026-01-05T08:00:00Z,baseline,successful_logins,1530.0,complete,True,20260914
slow_exfiltration,9,2026-01-05T09:00:00Z,baseline,successful_logins,1741.0,complete,True,20260914
slow_exfiltration,10,2026-01-05T10:00:00Z,baseline,successful_logins,1898.0,complete,True,20260914
slow_exfiltration,11,2026-01-05T11:00:00Z,baseline,successful_logins,1866.0,complete,True,20260914
slow_exfiltration,12,2026-01-05T12:00:00Z,baseline,successful_logins,2066.0,complete,True,20260914
slow_exfiltration,13,2026-01-05T13:00:00Z,baseline,successful_logins,1943.0,complete,True,20260914
slow_exfiltration,14,2026-01-05T14:00:00Z,baseline,successful_logins,2267.0,complete,True,20260914
slow_exfiltration,15,2026-01-05T15:00:00Z,baseline,successful_logins,2027.0,complete,True,20260914
slow_exfiltration,16,2026-01-05T16:00:00Z,baseline,successful_logins,2230.0,complete,True,20260914
slow_exfiltration,17,2026-01-05T17:00:00Z,baseline,successful_logins,1802.0,complete,True,20260914
slow_exfiltration,18,2026-01-05T18:00:00Z,baseline,successful_logins,1701.0,complete,True,20260914
slow_exfiltration,19,2026-01-05T19:00:00Z,baseline,successful_logins,1691.0,complete,True,20260914
slow_exfiltration,20,2026-01-05T20:00:00Z,baseline,successful_logins,1716.0,complete,True,20260914
slow_exfiltration,21,2026-01-05T21:00:00Z,baseline,successful_logins,1344.0,complete,True,20260914
slow_exfiltration,22,2026-01-05T22:00:00Z,baseline,successful_logins,1245.0,complete,True,20260914
slow_exfiltration,23,2026-01-05T23:00:00Z,baseline,successful_logins,1052.0,complete,True,20260914
slow_exfiltration,24,2026-01-06T00:00:00Z,baseline,successful_logins,1060.0,complete,True,20260914
slow_exfiltration,25,2026-01-06T01:00:00Z,baseline,successful_logins,889.0,complete,True,20260914
slow_exfiltration,26,2026-01-06T02:00:00Z,baseline,successful_logins,891.0,complete,True,20260914
slow_exfiltration,27,2026-01-06T03:00:00Z,baseline,successful_logins,831.0,complete,True,20260914
slow_exfiltration,28,2026-01-06T04:00:00Z,baseline,successful_logins,1066.0,complete,True,20260914
slow_exfiltration,29,2026-01-06T05:00:00Z,baseline,successful_logins,1076.0,complete,True,20260914
slow_exfiltration,30,2026-01-06T06:00:00Z,baseline,successful_logins,1263.0,complete,True,20260914
slow_exfiltration,31,2026-01-06T07:00:00Z,baseline,successful_logins,1407.0,complete,True,20260914
slow_exfiltration,32,2026-01-06T08:00:00Z,baseline,successful_logins,1469.0,complete,True,20260914
slow_exfiltration,33,2026-01-06T09:00:00Z,baseline,successful_logins,1693.0,complete,True,20260914
slow_exfiltration,34,2026-01-06T10:00:00Z,baseline,successful_logins,1974.0,complete,True,20260914
slow_exfiltration,35,2026-01-06T11:00:00Z,baseline,successful_logins,2069.0,complete,True,20260914
slow_exfiltration,36,2026-01-06T12:00:00Z,baseline,successful_logins,2034.0,complete,True,20260914
slow_exfiltration,37,2026-01-06T13:00:00Z,baseline,successful_logins,2173.0,complete,True,20260914
slow_exfiltration,38,2026-01-06T14:00:00Z,baseline,successful_logins,2325.0,complete,True,20260914
slow_exfiltration,39,2026-01-06T15:00:00Z,baseline,successful_logins,2116.0,complete,True,20260914
slow_exfiltration,40,2026-01-06T16:00:00Z,baseline,successful_logins,2206.0,complete,True,20260914
slow_exfiltration,41,2026-01-06T17:00:00Z,baseline,successful_logins,1883.0,complete,True,20260914
slow_exfiltration,42,2026-01-06T18:00:00Z,baseline,successful_logins,2060.0,complete,True,20260914
slow_exfiltration,43,2026-01-06T19:00:00Z,baseline,successful_logins,1769.0,complete,True,20260914
slow_exfiltration,44,2026-01-06T20:00:00Z,baseline,successful_logins,1477.0,complete,True,20260914
slow_exfiltration,45,2026-01-06T21:00:00Z,baseline,successful_logins,1188.0,complete,True,20260914
slow_exfiltration,46,2026-01-06T22:00:00Z,baseline,successful_logins,1199.0,complete,True,20260914
slow_exfiltration,47,2026-01-06T23:00:00Z,baseline,successful_logins,1182.0,complete,True,20260914
slow_exfiltration,48,2026-01-07T00:00:00Z,target,successful_logins,977,complete,True,20260914
slow_exfiltration,0,2026-01-05T00:00:00Z,baseline,privileged_changes,1.0,complete,True,20260914
slow_exfiltration,1,2026-01-05T01:00:00Z,baseline,privileged_changes,2.0,complete,True,20260914
slow_exfiltration,2,2026-01-05T02:00:00Z,baseline,privileged_changes,2.0,complete,True,20260914
slow_exfiltration,3,2026-01-05T03:00:00Z,baseline,privileged_changes,2.0,complete,True,20260914
slow_exfiltration,4,2026-01-05T04:00:00Z,baseline,privileged_changes,1.0,complete,True,20260914
slow_exfiltration,5,2026-01-05T05:00:00Z,baseline,privileged_changes,1.0,complete,True,20260914
slow_exfiltration,6,2026-01-05T06:00:00Z,baseline,privileged_changes,2.0,complete,True,20260914
slow_exfiltration,7,2026-01-05T07:00:00Z,baseline,privileged_changes,1.0,complete,True,20260914
slow_exfiltration,8,2026-01-05T08:00:00Z,baseline,privileged_changes,2.0,complete,True,20260914
slow_exfiltration,9,2026-01-05T09:00:00Z,baseline,privileged_changes,2.0,complete,True,20260914
slow_exfiltration,10,2026-01-05T10:00:00Z,baseline,privileged_changes,1.0,complete,True,20260914
slow_exfiltration,11,2026-01-05T11:00:00Z,baseline,privileged_changes,2.0,complete,True,20260914
slow_exfiltration,12,2026-01-05T12:00:00Z,baseline,privileged_changes,2.0,complete,True,20260914
slow_exfiltration,13,2026-01-05T13:00:00Z,baseline,privileged_changes,2.0,complete,True,20260914
slow_exfiltration,14,2026-01-05T14:00:00Z,baseline,privileged_changes,2.0,complete,True,20260914
slow_exfiltration,15,2026-01-05T15:00:00Z,baseline,privileged_changes,1.0,complete,True,20260914
slow_exfiltration,16,2026-01-05T16:00:00Z,baseline,privileged_changes,2.0,complete,True,20260914
slow_exfiltration,17,2026-01-05T17:00:00Z,baseline,privileged_changes,2.0,complete,True,20260914
slow_exfiltration,18,2026-01-05T18:00:00Z,baseline,privileged_changes,3.0,complete,True,20260914
slow_exfiltration,19,2026-01-05T19:00:00Z,baseline,privileged_changes,2.0,complete,True,20260914
slow_exfiltration,20,2026-01-05T20:00:00Z,baseline,privileged_changes,2.0,complete,True,20260914
slow_exfiltration,21,2026-01-05T21:00:00Z,baseline,privileged_changes,2.0,complete,True,20260914
slow_exfiltration,22,2026-01-05T22:00:00Z,baseline,privileged_changes,2.0,complete,True,20260914
slow_exfiltration,23,2026-01-05T23:00:00Z,baseline,privileged_changes,2.0,complete,True,20260914
slow_exfiltration,24,2026-01-06T00:00:00Z,baseline,privileged_changes,1.0,complete,True,20260914
slow_exfiltration,25,2026-01-06T01:00:00Z,baseline,privileged_changes,2.0,complete,True,20260914
slow_exfiltration,26,2026-01-06T02:00:00Z,baseline,privileged_changes,2.0,complete,True,20260914
slow_exfiltration,27,2026-01-06T03:00:00Z,baseline,privileged_changes,2.0,complete,True,20260914
slow_exfiltration,28,2026-01-06T04:00:00Z,baseline,privileged_changes,1.0,complete,True,20260914
slow_exfiltration,29,2026-01-06T05:00:00Z,baseline,privileged_changes,2.0,complete,True,20260914
slow_exfiltration,30,2026-01-06T06:00:00Z,baseline,privileged_changes,1.0,complete,True,20260914
slow_exfiltration,31,2026-01-06T07:00:00Z,baseline,privileged_changes,1.0,complete,True,20260914
slow_exfiltration,32,2026-01-06T08:00:00Z,baseline,privileged_changes,2.0,complete,True,20260914
slow_exfiltration,33,2026-01-06T09:00:00Z,baseline,privileged_changes,2.0,complete,True,20260914
slow_exfiltration,34,2026-01-06T10:00:00Z,baseline,privileged_changes,2.0,complete,True,20260914
slow_exfiltration,35,2026-01-06T11:00:00Z,baseline,privileged_changes,3.0,complete,True,20260914
slow_exfiltration,36,2026-01-06T12:00:00Z,baseline,privileged_changes,2.0,complete,True,20260914
slow_exfiltration,37,2026-01-06T13:00:00Z,baseline,privileged_changes,3.0,complete,True,20260914
slow_exfiltration,38,2026-01-06T14:00:00Z,baseline,privileged_changes,2.0,complete,True,20260914
slow_exfiltration,39,2026-01-06T15:00:00Z,baseline,privileged_changes,2.0,complete,True,20260914
slow_exfiltration,40,2026-01-06T16:00:00Z,baseline,privileged_changes,2.0,complete,True,20260914
slow_exfiltration,41,2026-01-06T17:00:00Z,baseline,privileged_changes,2.0,complete,True,20260914
slow_exfiltration,42,2026-01-06T18:00:00Z,baseline,privileged_changes,2.0,complete,True,20260914
slow_exfiltration,43,2026-01-06T19:00:00Z,baseline,privileged_changes,2.0,complete,True,20260914
slow_exfiltration,44,2026-01-06T20:00:00Z,baseline,privileged_changes,2.0,complete,True,20260914
slow_exfiltration,45,2026-01-06T21:00:00Z,baseline,privileged_changes,2.0,complete,True,20260914
slow_exfiltration,46,2026-01-06T22:00:00Z,baseline,privileged_changes,2.0,complete,True,20260914
slow_exfiltration,47,2026-01-06T23:00:00Z,baseline,privileged_changes,2.0,complete,True,20260914
slow_exfiltration,48,2026-01-07T00:00:00Z,target,privileged_changes,1,complete,True,20260914
slow_exfiltration,0,2026-01-05T00:00:00Z,baseline,outbound_mb,638.493,complete,True,20260914
slow_exfiltration,1,2026-01-05T01:00:00Z,baseline,outbound_mb,569.117,complete,True,20260914
slow_exfiltration,2,2026-01-05T02:00:00Z,baseline,outbound_mb,502.257,complete,True,20260914
slow_exfiltration,3,2026-01-05T03:00:00Z,baseline,outbound_mb,573.701,complete,True,20260914
slow_exfiltration,4,2026-01-05T04:00:00Z,baseline,outbound_mb,490.213,complete,True,20260914
slow_exfiltration,5,2026-01-05T05:00:00Z,baseline,outbound_mb,613.106,complete,True,20260914
slow_exfiltration,6,2026-01-05T06:00:00Z,baseline,outbound_mb,686.769,complete,True,20260914
slow_exfiltration,7,2026-01-05T07:00:00Z,baseline,outbound_mb,781.849,complete,True,20260914
slow_exfiltration,8,2026-01-05T08:00:00Z,baseline,outbound_mb,868.264,complete,True,20260914
slow_exfiltration,9,2026-01-05T09:00:00Z,baseline,outbound_mb,972.026,complete,True,20260914
slow_exfiltration,10,2026-01-05T10:00:00Z,baseline,outbound_mb,1044.637,complete,True,20260914
slow_exfiltration,11,2026-01-05T11:00:00Z,baseline,outbound_mb,1231.366,complete,True,20260914
slow_exfiltration,12,2026-01-05T12:00:00Z,baseline,outbound_mb,1195.231,complete,True,20260914
slow_exfiltration,13,2026-01-05T13:00:00Z,baseline,outbound_mb,1225.271,complete,True,20260914
slow_exfiltration,14,2026-01-05T14:00:00Z,baseline,outbound_mb,1085.315,complete,True,20260914
slow_exfiltration,15,2026-01-05T15:00:00Z,baseline,outbound_mb,1195.712,complete,True,20260914
slow_exfiltration,16,2026-01-05T16:00:00Z,baseline,outbound_mb,1106.84,complete,True,20260914
slow_exfiltration,17,2026-01-05T17:00:00Z,baseline,outbound_mb,895.019,complete,True,20260914
slow_exfiltration,18,2026-01-05T18:00:00Z,baseline,outbound_mb,917.489,complete,True,20260914
slow_exfiltration,19,2026-01-05T19:00:00Z,baseline,outbound_mb,965.592,complete,True,20260914
slow_exfiltration,20,2026-01-05T20:00:00Z,baseline,outbound_mb,882.885,complete,True,20260914
slow_exfiltration,21,2026-01-05T21:00:00Z,baseline,outbound_mb,755.789,complete,True,20260914
slow_exfiltration,22,2026-01-05T22:00:00Z,baseline,outbound_mb,692.366,complete,True,20260914
slow_exfiltration,23,2026-01-05T23:00:00Z,baseline,outbound_mb,584.127,complete,True,20260914
slow_exfiltration,24,2026-01-06T00:00:00Z,baseline,outbound_mb,617.974,complete,True,20260914
slow_exfiltration,25,2026-01-06T01:00:00Z,baseline,outbound_mb,550.814,complete,True,20260914
slow_exfiltration,26,2026-01-06T02:00:00Z,baseline,outbound_mb,536.158,complete,True,20260914
slow_exfiltration,27,2026-01-06T03:00:00Z,baseline,outbound_mb,646.61,complete,True,20260914
slow_exfiltration,28,2026-01-06T04:00:00Z,baseline,outbound_mb,563.682,complete,True,20260914
slow_exfiltration,29,2026-01-06T05:00:00Z,baseline,outbound_mb,697.99,complete,True,20260914
slow_exfiltration,30,2026-01-06T06:00:00Z,baseline,outbound_mb,674.8,complete,True,20260914
slow_exfiltration,31,2026-01-06T07:00:00Z,baseline,outbound_mb,737.595,complete,True,20260914
slow_exfiltration,32,2026-01-06T08:00:00Z,baseline,outbound_mb,880.443,complete,True,20260914
slow_exfiltration,33,2026-01-06T09:00:00Z,baseline,outbound_mb,1037.518,complete,True,20260914
slow_exfiltration,34,2026-01-06T10:00:00Z,baseline,outbound_mb,983.885,complete,True,20260914
slow_exfiltration,35,2026-01-06T11:00:00Z,baseline,outbound_mb,1237.222,complete,True,20260914
slow_exfiltration,36,2026-01-06T12:00:00Z,baseline,outbound_mb,1104.771,complete,True,20260914
slow_exfiltration,37,2026-01-06T13:00:00Z,baseline,outbound_mb,1145.13,complete,True,20260914
slow_exfiltration,38,2026-01-06T14:00:00Z,baseline,outbound_mb,1196.592,complete,True,20260914
slow_exfiltration,39,2026-01-06T15:00:00Z,baseline,outbound_mb,1156.025,complete,True,20260914
slow_exfiltration,40,2026-01-06T16:00:00Z,baseline,outbound_mb,1185.878,complete,True,20260914
slow_exfiltration,41,2026-01-06T17:00:00Z,baseline,outbound_mb,999.476,complete,True,20260914
slow_exfiltration,42,2026-01-06T18:00:00Z,baseline,outbound_mb,1032.139,complete,True,20260914
slow_exfiltration,43,2026-01-06T19:00:00Z,baseline,outbound_mb,901.517,complete,True,20260914
slow_exfiltration,44,2026-01-06T20:00:00Z,baseline,outbound_mb,862.485,complete,True,20260914
slow_exfiltration,45,2026-01-06T21:00:00Z,baseline,outbound_mb,834.631,complete,True,20260914
slow_exfiltration,46,2026-01-06T22:00:00Z,baseline,outbound_mb,763.659,complete,True,20260914
slow_exfiltration,47,2026-01-06T23:00:00Z,baseline,outbound_mb,664.428,complete,True,20260914
slow_exfiltration,48,2026-01-07T00:00:00Z,target,outbound_mb,823.164,complete,True,20260914
slow_exfiltration,0,2026-01-05T00:00:00Z,baseline,api_5xx,8.0,complete,True,20260914
slow_exfiltration,1,2026-01-05T01:00:00Z,baseline,api_5xx,13.0,complete,True,20260914
slow_exfiltration,2,2026-01-05T02:00:00Z,baseline,api_5xx,11.0,complete,True,20260914
slow_exfiltration,3,2026-01-05T03:00:00Z,baseline,api_5xx,10.0,complete,True,20260914
slow_exfiltration,4,2026-01-05T04:00:00Z,baseline,api_5xx,15.0,complete,True,20260914
slow_exfiltration,5,2026-01-05T05:00:00Z,baseline,api_5xx,14.0,complete,True,20260914
slow_exfiltration,6,2026-01-05T06:00:00Z,baseline,api_5xx,13.0,complete,True,20260914
slow_exfiltration,7,2026-01-05T07:00:00Z,baseline,api_5xx,16.0,complete,True,20260914
slow_exfiltration,8,2026-01-05T08:00:00Z,baseline,api_5xx,19.0,complete,True,20260914
slow_exfiltration,9,2026-01-05T09:00:00Z,baseline,api_5xx,22.0,complete,True,20260914
slow_exfiltration,10,2026-01-05T10:00:00Z,baseline,api_5xx,14.0,complete,True,20260914
slow_exfiltration,11,2026-01-05T11:00:00Z,baseline,api_5xx,28.0,complete,True,20260914
slow_exfiltration,12,2026-01-05T12:00:00Z,baseline,api_5xx,15.0,complete,True,20260914
slow_exfiltration,13,2026-01-05T13:00:00Z,baseline,api_5xx,21.0,complete,True,20260914
slow_exfiltration,14,2026-01-05T14:00:00Z,baseline,api_5xx,21.0,complete,True,20260914
slow_exfiltration,15,2026-01-05T15:00:00Z,baseline,api_5xx,23.0,complete,True,20260914
slow_exfiltration,16,2026-01-05T16:00:00Z,baseline,api_5xx,24.0,complete,True,20260914
slow_exfiltration,17,2026-01-05T17:00:00Z,baseline,api_5xx,17.0,complete,True,20260914
slow_exfiltration,18,2026-01-05T18:00:00Z,baseline,api_5xx,23.0,complete,True,20260914
slow_exfiltration,19,2026-01-05T19:00:00Z,baseline,api_5xx,19.0,complete,True,20260914
slow_exfiltration,20,2026-01-05T20:00:00Z,baseline,api_5xx,20.0,complete,True,20260914
slow_exfiltration,21,2026-01-05T21:00:00Z,baseline,api_5xx,13.0,complete,True,20260914
slow_exfiltration,22,2026-01-05T22:00:00Z,baseline,api_5xx,16.0,complete,True,20260914
slow_exfiltration,23,2026-01-05T23:00:00Z,baseline,api_5xx,16.0,complete,True,20260914
slow_exfiltration,24,2026-01-06T00:00:00Z,baseline,api_5xx,11.0,complete,True,20260914
slow_exfiltration,25,2026-01-06T01:00:00Z,baseline,api_5xx,15.0,complete,True,20260914
slow_exfiltration,26,2026-01-06T02:00:00Z,baseline,api_5xx,12.0,complete,True,20260914
slow_exfiltration,27,2026-01-06T03:00:00Z,baseline,api_5xx,16.0,complete,True,20260914
slow_exfiltration,28,2026-01-06T04:00:00Z,baseline,api_5xx,14.0,complete,True,20260914
slow_exfiltration,29,2026-01-06T05:00:00Z,baseline,api_5xx,12.0,complete,True,20260914
slow_exfiltration,30,2026-01-06T06:00:00Z,baseline,api_5xx,12.0,complete,True,20260914
slow_exfiltration,31,2026-01-06T07:00:00Z,baseline,api_5xx,18.0,complete,True,20260914
slow_exfiltration,32,2026-01-06T08:00:00Z,baseline,api_5xx,15.0,complete,True,20260914
slow_exfiltration,33,2026-01-06T09:00:00Z,baseline,api_5xx,14.0,complete,True,20260914
slow_exfiltration,34,2026-01-06T10:00:00Z,baseline,api_5xx,23.0,complete,True,20260914
slow_exfiltration,35,2026-01-06T11:00:00Z,baseline,api_5xx,27.0,complete,True,20260914
slow_exfiltration,36,2026-01-06T12:00:00Z,baseline,api_5xx,21.0,complete,True,20260914
slow_exfiltration,37,2026-01-06T13:00:00Z,baseline,api_5xx,24.0,complete,True,20260914
slow_exfiltration,38,2026-01-06T14:00:00Z,baseline,api_5xx,24.0,complete,True,20260914
slow_exfiltration,39,2026-01-06T15:00:00Z,baseline,api_5xx,24.0,complete,True,20260914
slow_exfiltration,40,2026-01-06T16:00:00Z,baseline,api_5xx,21.0,complete,True,20260914
slow_exfiltration,41,2026-01-06T17:00:00Z,baseline,api_5xx,24.0,complete,True,20260914
slow_exfiltration,42,2026-01-06T18:00:00Z,baseline,api_5xx,12.0,complete,True,20260914
slow_exfiltration,43,2026-01-06T19:00:00Z,baseline,api_5xx,14.0,complete,True,20260914
slow_exfiltration,44,2026-01-06T20:00:00Z,baseline,api_5xx,13.0,complete,True,20260914
slow_exfiltration,45,2026-01-06T21:00:00Z,baseline,api_5xx,15.0,complete,True,20260914
slow_exfiltration,46,2026-01-06T22:00:00Z,baseline,api_5xx,15.0,complete,True,20260914
slow_exfiltration,47,2026-01-06T23:00:00Z,baseline,api_5xx,15.0,complete,True,20260914
slow_exfiltration,48,2026-01-07T00:00:00Z,target,api_5xx,16,complete,True,20260914
slow_exfiltration,0,2026-01-05T00:00:00Z,baseline,endpoint_alerts,5.0,complete,True,20260914
slow_exfiltration,1,2026-01-05T01:00:00Z,baseline,endpoint_alerts,5.0,complete,True,20260914
slow_exfiltration,2,2026-01-05T02:00:00Z,baseline,endpoint_alerts,2.0,complete,True,20260914
slow_exfiltration,3,2026-01-05T03:00:00Z,baseline,endpoint_alerts,2.0,complete,True,20260914
slow_exfiltration,4,2026-01-05T04:00:00Z,baseline,endpoint_alerts,4.0,complete,True,20260914
slow_exfiltration,5,2026-01-05T05:00:00Z,baseline,endpoint_alerts,4.0,complete,True,20260914
slow_exfiltration,6,2026-01-05T06:00:00Z,baseline,endpoint_alerts,4.0,complete,True,20260914
slow_exfiltration,7,2026-01-05T07:00:00Z,baseline,endpoint_alerts,5.0,complete,True,20260914
slow_exfiltration,8,2026-01-05T08:00:00Z,baseline,endpoint_alerts,4.0,complete,True,20260914
slow_exfiltration,9,2026-01-05T09:00:00Z,baseline,endpoint_alerts,5.0,complete,True,20260914
slow_exfiltration,10,2026-01-05T10:00:00Z,baseline,endpoint_alerts,5.0,complete,True,20260914
slow_exfiltration,11,2026-01-05T11:00:00Z,baseline,endpoint_alerts,4.0,complete,True,20260914
slow_exfiltration,12,2026-01-05T12:00:00Z,baseline,endpoint_alerts,3.0,complete,True,20260914
slow_exfiltration,13,2026-01-05T13:00:00Z,baseline,endpoint_alerts,5.0,complete,True,20260914
slow_exfiltration,14,2026-01-05T14:00:00Z,baseline,endpoint_alerts,7.0,complete,True,20260914
slow_exfiltration,15,2026-01-05T15:00:00Z,baseline,endpoint_alerts,6.0,complete,True,20260914
slow_exfiltration,16,2026-01-05T16:00:00Z,baseline,endpoint_alerts,4.0,complete,True,20260914
slow_exfiltration,17,2026-01-05T17:00:00Z,baseline,endpoint_alerts,5.0,complete,True,20260914
slow_exfiltration,18,2026-01-05T18:00:00Z,baseline,endpoint_alerts,5.0,complete,True,20260914
slow_exfiltration,19,2026-01-05T19:00:00Z,baseline,endpoint_alerts,4.0,complete,True,20260914
slow_exfiltration,20,2026-01-05T20:00:00Z,baseline,endpoint_alerts,4.0,complete,True,20260914
slow_exfiltration,21,2026-01-05T21:00:00Z,baseline,endpoint_alerts,7.0,complete,True,20260914
slow_exfiltration,22,2026-01-05T22:00:00Z,baseline,endpoint_alerts,5.0,complete,True,20260914
slow_exfiltration,23,2026-01-05T23:00:00Z,baseline,endpoint_alerts,5.0,complete,True,20260914
slow_exfiltration,24,2026-01-06T00:00:00Z,baseline,endpoint_alerts,6.0,complete,True,20260914
slow_exfiltration,25,2026-01-06T01:00:00Z,baseline,endpoint_alerts,5.0,complete,True,20260914
slow_exfiltration,26,2026-01-06T02:00:00Z,baseline,endpoint_alerts,4.0,complete,True,20260914
slow_exfiltration,27,2026-01-06T03:00:00Z,baseline,endpoint_alerts,3.0,complete,True,20260914
slow_exfiltration,28,2026-01-06T04:00:00Z,baseline,endpoint_alerts,3.0,complete,True,20260914
slow_exfiltration,29,2026-01-06T05:00:00Z,baseline,endpoint_alerts,5.0,complete,True,20260914
slow_exfiltration,30,2026-01-06T06:00:00Z,baseline,endpoint_alerts,4.0,complete,True,20260914
slow_exfiltration,31,2026-01-06T07:00:00Z,baseline,endpoint_alerts,5.0,complete,True,20260914
slow_exfiltration,32,2026-01-06T08:00:00Z,baseline,endpoint_alerts,3.0,complete,True,20260914
slow_exfiltration,33,2026-01-06T09:00:00Z,baseline,endpoint_alerts,5.0,complete,True,20260914
slow_exfiltration,34,2026-01-06T10:00:00Z,baseline,endpoint_alerts,4.0,complete,True,20260914
slow_exfiltration,35,2026-01-06T11:00:00Z,baseline,endpoint_alerts,4.0,complete,True,20260914
slow_exfiltration,36,2026-01-06T12:00:00Z,baseline,endpoint_alerts,5.0,complete,True,20260914
slow_exfiltration,37,2026-01-06T13:00:00Z,baseline,endpoint_alerts,4.0,complete,True,20260914
slow_exfiltration,38,2026-01-06T14:00:00Z,baseline,endpoint_alerts,7.0,complete,True,20260914
slow_exfiltration,39,2026-01-06T15:00:00Z,baseline,endpoint_alerts,7.0,complete,True,20260914
slow_exfiltration,40,2026-01-06T16:00:00Z,baseline,endpoint_alerts,4.0,complete,True,20260914
slow_exfiltration,41,2026-01-06T17:00:00Z,baseline,endpoint_alerts,6.0,complete,True,20260914
slow_exfiltration,42,2026-01-06T18:00:00Z,baseline,endpoint_alerts,4.0,complete,True,20260914
slow_exfiltration,43,2026-01-06T19:00:00Z,baseline,endpoint_alerts,4.0,complete,True,20260914
slow_exfiltration,44,2026-01-06T20:00:00Z,baseline,endpoint_alerts,3.0,complete,True,20260914
slow_exfiltration,45,2026-01-06T21:00:00Z,baseline,endpoint_alerts,3.0,complete,True,20260914
slow_exfiltration,46,2026-01-06T22:00:00Z,baseline,endpoint_alerts,3.0,complete,True,20260914
slow_exfiltration,47,2026-01-06T23:00:00Z,baseline,endpoint_alerts,4.0,complete,True,20260914
slow_exfiltration,48,2026-01-07T00:00:00Z,target,endpoint_alerts,4,complete,True,20260914
slow_exfiltration,0,2026-01-05T00:00:00Z,baseline,file_rename_events,32.0,complete,True,20260914
slow_exfiltration,1,2026-01-05T01:00:00Z,baseline,file_rename_events,39.0,complete,True,20260914
slow_exfiltration,2,2026-01-05T02:00:00Z,baseline,file_rename_events,38.0,complete,True,20260914
slow_exfiltration,3,2026-01-05T03:00:00Z,baseline,file_rename_events,39.0,complete,True,20260914
slow_exfiltration,4,2026-01-05T04:00:00Z,baseline,file_rename_events,32.0,complete,True,20260914
slow_exfiltration,5,2026-01-05T05:00:00Z,baseline,file_rename_events,41.0,complete,True,20260914
slow_exfiltration,6,2026-01-05T06:00:00Z,baseline,file_rename_events,43.0,complete,True,20260914
slow_exfiltration,7,2026-01-05T07:00:00Z,baseline,file_rename_events,39.0,complete,True,20260914
slow_exfiltration,8,2026-01-05T08:00:00Z,baseline,file_rename_events,33.0,complete,True,20260914
slow_exfiltration,9,2026-01-05T09:00:00Z,baseline,file_rename_events,56.0,complete,True,20260914
slow_exfiltration,10,2026-01-05T10:00:00Z,baseline,file_rename_events,50.0,complete,True,20260914
slow_exfiltration,11,2026-01-05T11:00:00Z,baseline,file_rename_events,54.0,complete,True,20260914
slow_exfiltration,12,2026-01-05T12:00:00Z,baseline,file_rename_events,51.0,complete,True,20260914
slow_exfiltration,13,2026-01-05T13:00:00Z,baseline,file_rename_events,38.0,complete,True,20260914
slow_exfiltration,14,2026-01-05T14:00:00Z,baseline,file_rename_events,45.0,complete,True,20260914
slow_exfiltration,15,2026-01-05T15:00:00Z,baseline,file_rename_events,49.0,complete,True,20260914
slow_exfiltration,16,2026-01-05T16:00:00Z,baseline,file_rename_events,42.0,complete,True,20260914
slow_exfiltration,17,2026-01-05T17:00:00Z,baseline,file_rename_events,33.0,complete,True,20260914
slow_exfiltration,18,2026-01-05T18:00:00Z,baseline,file_rename_events,53.0,complete,True,20260914
slow_exfiltration,19,2026-01-05T19:00:00Z,baseline,file_rename_events,48.0,complete,True,20260914
slow_exfiltration,20,2026-01-05T20:00:00Z,baseline,file_rename_events,35.0,complete,True,20260914
slow_exfiltration,21,2026-01-05T21:00:00Z,baseline,file_rename_events,40.0,complete,True,20260914
slow_exfiltration,22,2026-01-05T22:00:00Z,baseline,file_rename_events,34.0,complete,True,20260914
slow_exfiltration,23,2026-01-05T23:00:00Z,baseline,file_rename_events,42.0,complete,True,20260914
slow_exfiltration,24,2026-01-06T00:00:00Z,baseline,file_rename_events,48.0,complete,True,20260914
slow_exfiltration,25,2026-01-06T01:00:00Z,baseline,file_rename_events,35.0,complete,True,20260914
slow_exfiltration,26,2026-01-06T02:00:00Z,baseline,file_rename_events,38.0,complete,True,20260914
slow_exfiltration,27,2026-01-06T03:00:00Z,baseline,file_rename_events,41.0,complete,True,20260914
slow_exfiltration,28,2026-01-06T04:00:00Z,baseline,file_rename_events,39.0,complete,True,20260914
slow_exfiltration,29,2026-01-06T05:00:00Z,baseline,file_rename_events,35.0,complete,True,20260914
slow_exfiltration,30,2026-01-06T06:00:00Z,baseline,file_rename_events,35.0,complete,True,20260914
slow_exfiltration,31,2026-01-06T07:00:00Z,baseline,file_rename_events,37.0,complete,True,20260914
slow_exfiltration,32,2026-01-06T08:00:00Z,baseline,file_rename_events,43.0,complete,True,20260914
slow_exfiltration,33,2026-01-06T09:00:00Z,baseline,file_rename_events,44.0,complete,True,20260914
slow_exfiltration,34,2026-01-06T10:00:00Z,baseline,file_rename_events,40.0,complete,True,20260914
slow_exfiltration,35,2026-01-06T11:00:00Z,baseline,file_rename_events,47.0,complete,True,20260914
slow_exfiltration,36,2026-01-06T12:00:00Z,baseline,file_rename_events,49.0,complete,True,20260914
slow_exfiltration,37,2026-01-06T13:00:00Z,baseline,file_rename_events,43.0,complete,True,20260914
slow_exfiltration,38,2026-01-06T14:00:00Z,baseline,file_rename_events,58.0,complete,True,20260914
slow_exfiltration,39,2026-01-06T15:00:00Z,baseline,file_rename_events,55.0,complete,True,20260914
slow_exfiltration,40,2026-01-06T16:00:00Z,baseline,file_rename_events,56.0,complete,True,20260914
slow_exfiltration,41,2026-01-06T17:00:00Z,baseline,file_rename_events,55.0,complete,True,20260914
slow_exfiltration,42,2026-01-06T18:00:00Z,baseline,file_rename_events,51.0,complete,True,20260914
slow_exfiltration,43,2026-01-06T19:00:00Z,baseline,file_rename_events,39.0,complete,True,20260914
slow_exfiltration,44,2026-01-06T20:00:00Z,baseline,file_rename_events,47.0,complete,True,20260914
slow_exfiltration,45,2026-01-06T21:00:00Z,baseline,file_rename_events,40.0,complete,True,20260914
slow_exfiltration,46,2026-01-06T22:00:00Z,baseline,file_rename_events,39.0,complete,True,20260914
slow_exfiltration,47,2026-01-06T23:00:00Z,baseline,file_rename_events,33.0,complete,True,20260914
slow_exfiltration,48,2026-01-07T00:00:00Z,target,file_rename_events,35,complete,True,20260914
slow_exfiltration,0,2026-01-05T00:00:00Z,baseline,inbound_requests,29432.0,complete,True,20260914
slow_exfiltration,1,2026-01-05T01:00:00Z,baseline,inbound_requests,29270.0,complete,True,20260914
slow_exfiltration,2,2026-01-05T02:00:00Z,baseline,inbound_requests,26955.0,complete,True,20260914
slow_exfiltration,3,2026-01-05T03:00:00Z,baseline,inbound_requests,29453.0,complete,True,20260914
slow_exfiltration,4,2026-01-05T04:00:00Z,baseline,inbound_requests,30188.0,complete,True,20260914
slow_exfiltration,5,2026-01-05T05:00:00Z,baseline,inbound_requests,37057.0,complete,True,20260914
slow_exfiltration,6,2026-01-05T06:00:00Z,baseline,inbound_requests,41378.0,complete,True,20260914
slow_exfiltration,7,2026-01-05T07:00:00Z,baseline,inbound_requests,45552.0,complete,True,20260914
slow_exfiltration,8,2026-01-05T08:00:00Z,baseline,inbound_requests,46359.0,complete,True,20260914
slow_exfiltration,9,2026-01-05T09:00:00Z,baseline,inbound_requests,55225.0,complete,True,20260914
slow_exfiltration,10,2026-01-05T10:00:00Z,baseline,inbound_requests,58174.0,complete,True,20260914
slow_exfiltration,11,2026-01-05T11:00:00Z,baseline,inbound_requests,68531.0,complete,True,20260914
slow_exfiltration,12,2026-01-05T12:00:00Z,baseline,inbound_requests,67899.0,complete,True,20260914
slow_exfiltration,13,2026-01-05T13:00:00Z,baseline,inbound_requests,71402.0,complete,True,20260914
slow_exfiltration,14,2026-01-05T14:00:00Z,baseline,inbound_requests,74279.0,complete,True,20260914
slow_exfiltration,15,2026-01-05T15:00:00Z,baseline,inbound_requests,70199.0,complete,True,20260914
slow_exfiltration,16,2026-01-05T16:00:00Z,baseline,inbound_requests,69681.0,complete,True,20260914
slow_exfiltration,17,2026-01-05T17:00:00Z,baseline,inbound_requests,69487.0,complete,True,20260914
slow_exfiltration,18,2026-01-05T18:00:00Z,baseline,inbound_requests,61890.0,complete,True,20260914
slow_exfiltration,19,2026-01-05T19:00:00Z,baseline,inbound_requests,52415.0,complete,True,20260914
slow_exfiltration,20,2026-01-05T20:00:00Z,baseline,inbound_requests,47930.0,complete,True,20260914
slow_exfiltration,21,2026-01-05T21:00:00Z,baseline,inbound_requests,43837.0,complete,True,20260914
slow_exfiltration,22,2026-01-05T22:00:00Z,baseline,inbound_requests,39415.0,complete,True,20260914
slow_exfiltration,23,2026-01-05T23:00:00Z,baseline,inbound_requests,33339.0,complete,True,20260914
slow_exfiltration,24,2026-01-06T00:00:00Z,baseline,inbound_requests,28085.0,complete,True,20260914
slow_exfiltration,25,2026-01-06T01:00:00Z,baseline,inbound_requests,30241.0,complete,True,20260914
slow_exfiltration,26,2026-01-06T02:00:00Z,baseline,inbound_requests,28468.0,complete,True,20260914
slow_exfiltration,27,2026-01-06T03:00:00Z,baseline,inbound_requests,28270.0,complete,True,20260914
slow_exfiltration,28,2026-01-06T04:00:00Z,baseline,inbound_requests,30884.0,complete,True,20260914
slow_exfiltration,29,2026-01-06T05:00:00Z,baseline,inbound_requests,34220.0,complete,True,20260914
slow_exfiltration,30,2026-01-06T06:00:00Z,baseline,inbound_requests,40271.0,complete,True,20260914
slow_exfiltration,31,2026-01-06T07:00:00Z,baseline,inbound_requests,44860.0,complete,True,20260914
slow_exfiltration,32,2026-01-06T08:00:00Z,baseline,inbound_requests,51518.0,complete,True,20260914
slow_exfiltration,33,2026-01-06T09:00:00Z,baseline,inbound_requests,53707.0,complete,True,20260914
slow_exfiltration,34,2026-01-06T10:00:00Z,baseline,inbound_requests,59435.0,complete,True,20260914
slow_exfiltration,35,2026-01-06T11:00:00Z,baseline,inbound_requests,69316.0,complete,True,20260914
slow_exfiltration,36,2026-01-06T12:00:00Z,baseline,inbound_requests,69372.0,complete,True,20260914
slow_exfiltration,37,2026-01-06T13:00:00Z,baseline,inbound_requests,74274.0,complete,True,20260914
slow_exfiltration,38,2026-01-06T14:00:00Z,baseline,inbound_requests,70700.0,complete,True,20260914
slow_exfiltration,39,2026-01-06T15:00:00Z,baseline,inbound_requests,74954.0,complete,True,20260914
slow_exfiltration,40,2026-01-06T16:00:00Z,baseline,inbound_requests,69188.0,complete,True,20260914
slow_exfiltration,41,2026-01-06T17:00:00Z,baseline,inbound_requests,59403.0,complete,True,20260914
slow_exfiltration,42,2026-01-06T18:00:00Z,baseline,inbound_requests,60190.0,complete,True,20260914
slow_exfiltration,43,2026-01-06T19:00:00Z,baseline,inbound_requests,59309.0,complete,True,20260914
slow_exfiltration,44,2026-01-06T20:00:00Z,baseline,inbound_requests,51018.0,complete,True,20260914
slow_exfiltration,45,2026-01-06T21:00:00Z,baseline,inbound_requests,47157.0,complete,True,20260914
slow_exfiltration,46,2026-01-06T22:00:00Z,baseline,inbound_requests,40211.0,complete,True,20260914
slow_exfiltration,47,2026-01-06T23:00:00Z,baseline,inbound_requests,33541.0,complete,True,20260914
slow_exfiltration,48,2026-01-07T00:00:00Z,target,inbound_requests,33410,complete,True,20260914
correlated_subthreshold,0,2026-01-05T00:00:00Z,baseline,auth_failures,81.0,complete,True,20260915
correlated_subthreshold,1,2026-01-05T01:00:00Z,baseline,auth_failures,80.0,complete,True,20260915
correlated_subthreshold,2,2026-01-05T02:00:00Z,baseline,auth_failures,96.0,complete,True,20260915
correlated_subthreshold,3,2026-01-05T03:00:00Z,baseline,auth_failures,72.0,complete,True,20260915
correlated_subthreshold,4,2026-01-05T04:00:00Z,baseline,auth_failures,86.0,complete,True,20260915
correlated_subthreshold,5,2026-01-05T05:00:00Z,baseline,auth_failures,94.0,complete,True,20260915
correlated_subthreshold,6,2026-01-05T06:00:00Z,baseline,auth_failures,104.0,complete,True,20260915
correlated_subthreshold,7,2026-01-05T07:00:00Z,baseline,auth_failures,105.0,complete,True,20260915
correlated_subthreshold,8,2026-01-05T08:00:00Z,baseline,auth_failures,112.0,complete,True,20260915
correlated_subthreshold,9,2026-01-05T09:00:00Z,baseline,auth_failures,131.0,complete,True,20260915
correlated_subthreshold,10,2026-01-05T10:00:00Z,baseline,auth_failures,133.0,complete,True,20260915
correlated_subthreshold,11,2026-01-05T11:00:00Z,baseline,auth_failures,116.0,complete,True,20260915
correlated_subthreshold,12,2026-01-05T12:00:00Z,baseline,auth_failures,169.0,complete,True,20260915
correlated_subthreshold,13,2026-01-05T13:00:00Z,baseline,auth_failures,146.0,complete,True,20260915
correlated_subthreshold,14,2026-01-05T14:00:00Z,baseline,auth_failures,128.0,complete,True,20260915
correlated_subthreshold,15,2026-01-05T15:00:00Z,baseline,auth_failures,133.0,complete,True,20260915
correlated_subthreshold,16,2026-01-05T16:00:00Z,baseline,auth_failures,118.0,complete,True,20260915
correlated_subthreshold,17,2026-01-05T17:00:00Z,baseline,auth_failures,164.0,complete,True,20260915
correlated_subthreshold,18,2026-01-05T18:00:00Z,baseline,auth_failures,127.0,complete,True,20260915
correlated_subthreshold,19,2026-01-05T19:00:00Z,baseline,auth_failures,124.0,complete,True,20260915
correlated_subthreshold,20,2026-01-05T20:00:00Z,baseline,auth_failures,117.0,complete,True,20260915
correlated_subthreshold,21,2026-01-05T21:00:00Z,baseline,auth_failures,98.0,complete,True,20260915
correlated_subthreshold,22,2026-01-05T22:00:00Z,baseline,auth_failures,92.0,complete,True,20260915
correlated_subthreshold,23,2026-01-05T23:00:00Z,baseline,auth_failures,79.0,complete,True,20260915
correlated_subthreshold,24,2026-01-06T00:00:00Z,baseline,auth_failures,95.0,complete,True,20260915
correlated_subthreshold,25,2026-01-06T01:00:00Z,baseline,auth_failures,74.0,complete,True,20260915
correlated_subthreshold,26,2026-01-06T02:00:00Z,baseline,auth_failures,74.0,complete,True,20260915
correlated_subthreshold,27,2026-01-06T03:00:00Z,baseline,auth_failures,75.0,complete,True,20260915
correlated_subthreshold,28,2026-01-06T04:00:00Z,baseline,auth_failures,89.0,complete,True,20260915
correlated_subthreshold,29,2026-01-06T05:00:00Z,baseline,auth_failures,96.0,complete,True,20260915
correlated_subthreshold,30,2026-01-06T06:00:00Z,baseline,auth_failures,98.0,complete,True,20260915
correlated_subthreshold,31,2026-01-06T07:00:00Z,baseline,auth_failures,104.0,complete,True,20260915
correlated_subthreshold,32,2026-01-06T08:00:00Z,baseline,auth_failures,131.0,complete,True,20260915
correlated_subthreshold,33,2026-01-06T09:00:00Z,baseline,auth_failures,128.0,complete,True,20260915
correlated_subthreshold,34,2026-01-06T10:00:00Z,baseline,auth_failures,148.0,complete,True,20260915
correlated_subthreshold,35,2026-01-06T11:00:00Z,baseline,auth_failures,158.0,complete,True,20260915
correlated_subthreshold,36,2026-01-06T12:00:00Z,baseline,auth_failures,181.0,complete,True,20260915
correlated_subthreshold,37,2026-01-06T13:00:00Z,baseline,auth_failures,170.0,complete,True,20260915
correlated_subthreshold,38,2026-01-06T14:00:00Z,baseline,auth_failures,128.0,complete,True,20260915
correlated_subthreshold,39,2026-01-06T15:00:00Z,baseline,auth_failures,163.0,complete,True,20260915
correlated_subthreshold,40,2026-01-06T16:00:00Z,baseline,auth_failures,132.0,complete,True,20260915
correlated_subthreshold,41,2026-01-06T17:00:00Z,baseline,auth_failures,138.0,complete,True,20260915
correlated_subthreshold,42,2026-01-06T18:00:00Z,baseline,auth_failures,152.0,complete,True,20260915
correlated_subthreshold,43,2026-01-06T19:00:00Z,baseline,auth_failures,159.0,complete,True,20260915
correlated_subthreshold,44,2026-01-06T20:00:00Z,baseline,auth_failures,130.0,complete,True,20260915
correlated_subthreshold,45,2026-01-06T21:00:00Z,baseline,auth_failures,118.0,complete,True,20260915
correlated_subthreshold,46,2026-01-06T22:00:00Z,baseline,auth_failures,78.0,complete,True,20260915
correlated_subthreshold,47,2026-01-06T23:00:00Z,baseline,auth_failures,77.0,complete,True,20260915
correlated_subthreshold,48,2026-01-07T00:00:00Z,target,auth_failures,125,complete,True,20260915
correlated_subthreshold,0,2026-01-05T00:00:00Z,baseline,unique_failed_accounts,26.0,complete,True,20260915
correlated_subthreshold,1,2026-01-05T01:00:00Z,baseline,unique_failed_accounts,24.0,complete,True,20260915
correlated_subthreshold,2,2026-01-05T02:00:00Z,baseline,unique_failed_accounts,27.0,complete,True,20260915
correlated_subthreshold,3,2026-01-05T03:00:00Z,baseline,unique_failed_accounts,25.0,complete,True,20260915
correlated_subthreshold,4,2026-01-05T04:00:00Z,baseline,unique_failed_accounts,27.0,complete,True,20260915
correlated_subthreshold,5,2026-01-05T05:00:00Z,baseline,unique_failed_accounts,30.0,complete,True,20260915
correlated_subthreshold,6,2026-01-05T06:00:00Z,baseline,unique_failed_accounts,28.0,complete,True,20260915
correlated_subthreshold,7,2026-01-05T07:00:00Z,baseline,unique_failed_accounts,31.0,complete,True,20260915
correlated_subthreshold,8,2026-01-05T08:00:00Z,baseline,unique_failed_accounts,30.0,complete,True,20260915
correlated_subthreshold,9,2026-01-05T09:00:00Z,baseline,unique_failed_accounts,37.0,complete,True,20260915
correlated_subthreshold,10,2026-01-05T10:00:00Z,baseline,unique_failed_accounts,39.0,complete,True,20260915
correlated_subthreshold,11,2026-01-05T11:00:00Z,baseline,unique_failed_accounts,35.0,complete,True,20260915
correlated_subthreshold,12,2026-01-05T12:00:00Z,baseline,unique_failed_accounts,39.0,complete,True,20260915
correlated_subthreshold,13,2026-01-05T13:00:00Z,baseline,unique_failed_accounts,49.0,complete,True,20260915
correlated_subthreshold,14,2026-01-05T14:00:00Z,baseline,unique_failed_accounts,44.0,complete,True,20260915
correlated_subthreshold,15,2026-01-05T15:00:00Z,baseline,unique_failed_accounts,51.0,complete,True,20260915
correlated_subthreshold,16,2026-01-05T16:00:00Z,baseline,unique_failed_accounts,44.0,complete,True,20260915
correlated_subthreshold,17,2026-01-05T17:00:00Z,baseline,unique_failed_accounts,49.0,complete,True,20260915
correlated_subthreshold,18,2026-01-05T18:00:00Z,baseline,unique_failed_accounts,34.0,complete,True,20260915
correlated_subthreshold,19,2026-01-05T19:00:00Z,baseline,unique_failed_accounts,40.0,complete,True,20260915
correlated_subthreshold,20,2026-01-05T20:00:00Z,baseline,unique_failed_accounts,37.0,complete,True,20260915
correlated_subthreshold,21,2026-01-05T21:00:00Z,baseline,unique_failed_accounts,36.0,complete,True,20260915
correlated_subthreshold,22,2026-01-05T22:00:00Z,baseline,unique_failed_accounts,28.0,complete,True,20260915
correlated_subthreshold,23,2026-01-05T23:00:00Z,baseline,unique_failed_accounts,30.0,complete,True,20260915
correlated_subthreshold,24,2026-01-06T00:00:00Z,baseline,unique_failed_accounts,27.0,complete,True,20260915
correlated_subthreshold,25,2026-01-06T01:00:00Z,baseline,unique_failed_accounts,25.0,complete,True,20260915
correlated_subthreshold,26,2026-01-06T02:00:00Z,baseline,unique_failed_accounts,28.0,complete,True,20260915
correlated_subthreshold,27,2026-01-06T03:00:00Z,baseline,unique_failed_accounts,31.0,complete,True,20260915
correlated_subthreshold,28,2026-01-06T04:00:00Z,baseline,unique_failed_accounts,29.0,complete,True,20260915
correlated_subthreshold,29,2026-01-06T05:00:00Z,baseline,unique_failed_accounts,27.0,complete,True,20260915
correlated_subthreshold,30,2026-01-06T06:00:00Z,baseline,unique_failed_accounts,29.0,complete,True,20260915
correlated_subthreshold,31,2026-01-06T07:00:00Z,baseline,unique_failed_accounts,33.0,complete,True,20260915
correlated_subthreshold,32,2026-01-06T08:00:00Z,baseline,unique_failed_accounts,33.0,complete,True,20260915
correlated_subthreshold,33,2026-01-06T09:00:00Z,baseline,unique_failed_accounts,39.0,complete,True,20260915
correlated_subthreshold,34,2026-01-06T10:00:00Z,baseline,unique_failed_accounts,40.0,complete,True,20260915
correlated_subthreshold,35,2026-01-06T11:00:00Z,baseline,unique_failed_accounts,39.0,complete,True,20260915
correlated_subthreshold,36,2026-01-06T12:00:00Z,baseline,unique_failed_accounts,39.0,complete,True,20260915
correlated_subthreshold,37,2026-01-06T13:00:00Z,baseline,unique_failed_accounts,43.0,complete,True,20260915
correlated_subthreshold,38,2026-01-06T14:00:00Z,baseline,unique_failed_accounts,48.0,complete,True,20260915
correlated_subthreshold,39,2026-01-06T15:00:00Z,baseline,unique_failed_accounts,42.0,complete,True,20260915
correlated_subthreshold,40,2026-01-06T16:00:00Z,baseline,unique_failed_accounts,40.0,complete,True,20260915
correlated_subthreshold,41,2026-01-06T17:00:00Z,baseline,unique_failed_accounts,47.0,complete,True,20260915
correlated_subthreshold,42,2026-01-06T18:00:00Z,baseline,unique_failed_accounts,34.0,complete,True,20260915
correlated_subthreshold,43,2026-01-06T19:00:00Z,baseline,unique_failed_accounts,29.0,complete,True,20260915
correlated_subthreshold,44,2026-01-06T20:00:00Z,baseline,unique_failed_accounts,39.0,complete,True,20260915
correlated_subthreshold,45,2026-01-06T21:00:00Z,baseline,unique_failed_accounts,34.0,complete,True,20260915
correlated_subthreshold,46,2026-01-06T22:00:00Z,baseline,unique_failed_accounts,35.0,complete,True,20260915
correlated_subthreshold,47,2026-01-06T23:00:00Z,baseline,unique_failed_accounts,30.0,complete,True,20260915
correlated_subthreshold,48,2026-01-07T00:00:00Z,target,unique_failed_accounts,30,complete,True,20260915
correlated_subthreshold,0,2026-01-05T00:00:00Z,baseline,unique_source_ips,180.0,complete,True,20260915
correlated_subthreshold,1,2026-01-05T01:00:00Z,baseline,unique_source_ips,195.0,complete,True,20260915
correlated_subthreshold,2,2026-01-05T02:00:00Z,baseline,unique_source_ips,191.0,complete,True,20260915
correlated_subthreshold,3,2026-01-05T03:00:00Z,baseline,unique_source_ips,167.0,complete,True,20260915
correlated_subthreshold,4,2026-01-05T04:00:00Z,baseline,unique_source_ips,212.0,complete,True,20260915
correlated_subthreshold,5,2026-01-05T05:00:00Z,baseline,unique_source_ips,225.0,complete,True,20260915
correlated_subthreshold,6,2026-01-05T06:00:00Z,baseline,unique_source_ips,232.0,complete,True,20260915
correlated_subthreshold,7,2026-01-05T07:00:00Z,baseline,unique_source_ips,212.0,complete,True,20260915
correlated_subthreshold,8,2026-01-05T08:00:00Z,baseline,unique_source_ips,246.0,complete,True,20260915
correlated_subthreshold,9,2026-01-05T09:00:00Z,baseline,unique_source_ips,249.0,complete,True,20260915
correlated_subthreshold,10,2026-01-05T10:00:00Z,baseline,unique_source_ips,268.0,complete,True,20260915
correlated_subthreshold,11,2026-01-05T11:00:00Z,baseline,unique_source_ips,278.0,complete,True,20260915
correlated_subthreshold,12,2026-01-05T12:00:00Z,baseline,unique_source_ips,315.0,complete,True,20260915
correlated_subthreshold,13,2026-01-05T13:00:00Z,baseline,unique_source_ips,241.0,complete,True,20260915
correlated_subthreshold,14,2026-01-05T14:00:00Z,baseline,unique_source_ips,283.0,complete,True,20260915
correlated_subthreshold,15,2026-01-05T15:00:00Z,baseline,unique_source_ips,292.0,complete,True,20260915
correlated_subthreshold,16,2026-01-05T16:00:00Z,baseline,unique_source_ips,293.0,complete,True,20260915
correlated_subthreshold,17,2026-01-05T17:00:00Z,baseline,unique_source_ips,263.0,complete,True,20260915
correlated_subthreshold,18,2026-01-05T18:00:00Z,baseline,unique_source_ips,306.0,complete,True,20260915
correlated_subthreshold,19,2026-01-05T19:00:00Z,baseline,unique_source_ips,270.0,complete,True,20260915
correlated_subthreshold,20,2026-01-05T20:00:00Z,baseline,unique_source_ips,242.0,complete,True,20260915
correlated_subthreshold,21,2026-01-05T21:00:00Z,baseline,unique_source_ips,252.0,complete,True,20260915
correlated_subthreshold,22,2026-01-05T22:00:00Z,baseline,unique_source_ips,229.0,complete,True,20260915
correlated_subthreshold,23,2026-01-05T23:00:00Z,baseline,unique_source_ips,195.0,complete,True,20260915
correlated_subthreshold,24,2026-01-06T00:00:00Z,baseline,unique_source_ips,204.0,complete,True,20260915
correlated_subthreshold,25,2026-01-06T01:00:00Z,baseline,unique_source_ips,172.0,complete,True,20260915
correlated_subthreshold,26,2026-01-06T02:00:00Z,baseline,unique_source_ips,214.0,complete,True,20260915
correlated_subthreshold,27,2026-01-06T03:00:00Z,baseline,unique_source_ips,201.0,complete,True,20260915
correlated_subthreshold,28,2026-01-06T04:00:00Z,baseline,unique_source_ips,210.0,complete,True,20260915
correlated_subthreshold,29,2026-01-06T05:00:00Z,baseline,unique_source_ips,204.0,complete,True,20260915
correlated_subthreshold,30,2026-01-06T06:00:00Z,baseline,unique_source_ips,221.0,complete,True,20260915
correlated_subthreshold,31,2026-01-06T07:00:00Z,baseline,unique_source_ips,231.0,complete,True,20260915
correlated_subthreshold,32,2026-01-06T08:00:00Z,baseline,unique_source_ips,228.0,complete,True,20260915
correlated_subthreshold,33,2026-01-06T09:00:00Z,baseline,unique_source_ips,269.0,complete,True,20260915
correlated_subthreshold,34,2026-01-06T10:00:00Z,baseline,unique_source_ips,284.0,complete,True,20260915
correlated_subthreshold,35,2026-01-06T11:00:00Z,baseline,unique_source_ips,276.0,complete,True,20260915
correlated_subthreshold,36,2026-01-06T12:00:00Z,baseline,unique_source_ips,285.0,complete,True,20260915
correlated_subthreshold,37,2026-01-06T13:00:00Z,baseline,unique_source_ips,332.0,complete,True,20260915
correlated_subthreshold,38,2026-01-06T14:00:00Z,baseline,unique_source_ips,317.0,complete,True,20260915
correlated_subthreshold,39,2026-01-06T15:00:00Z,baseline,unique_source_ips,321.0,complete,True,20260915
correlated_subthreshold,40,2026-01-06T16:00:00Z,baseline,unique_source_ips,274.0,complete,True,20260915
correlated_subthreshold,41,2026-01-06T17:00:00Z,baseline,unique_source_ips,272.0,complete,True,20260915
correlated_subthreshold,42,2026-01-06T18:00:00Z,baseline,unique_source_ips,295.0,complete,True,20260915
correlated_subthreshold,43,2026-01-06T19:00:00Z,baseline,unique_source_ips,277.0,complete,True,20260915
correlated_subthreshold,44,2026-01-06T20:00:00Z,baseline,unique_source_ips,261.0,complete,True,20260915
correlated_subthreshold,45,2026-01-06T21:00:00Z,baseline,unique_source_ips,236.0,complete,True,20260915
correlated_subthreshold,46,2026-01-06T22:00:00Z,baseline,unique_source_ips,198.0,complete,True,20260915
correlated_subthreshold,47,2026-01-06T23:00:00Z,baseline,unique_source_ips,214.0,complete,True,20260915
correlated_subthreshold,48,2026-01-07T00:00:00Z,target,unique_source_ips,226,complete,True,20260915
correlated_subthreshold,0,2026-01-05T00:00:00Z,baseline,successful_logins,944.0,complete,True,20260915
correlated_subthreshold,1,2026-01-05T01:00:00Z,baseline,successful_logins,878.0,complete,True,20260915
correlated_subthreshold,2,2026-01-05T02:00:00Z,baseline,successful_logins,928.0,complete,True,20260915
correlated_subthreshold,3,2026-01-05T03:00:00Z,baseline,successful_logins,899.0,complete,True,20260915
correlated_subthreshold,4,2026-01-05T04:00:00Z,baseline,successful_logins,881.0,complete,True,20260915
correlated_subthreshold,5,2026-01-05T05:00:00Z,baseline,successful_logins,1049.0,complete,True,20260915
correlated_subthreshold,6,2026-01-05T06:00:00Z,baseline,successful_logins,1255.0,complete,True,20260915
correlated_subthreshold,7,2026-01-05T07:00:00Z,baseline,successful_logins,1439.0,complete,True,20260915
correlated_subthreshold,8,2026-01-05T08:00:00Z,baseline,successful_logins,1494.0,complete,True,20260915
correlated_subthreshold,9,2026-01-05T09:00:00Z,baseline,successful_logins,1586.0,complete,True,20260915
correlated_subthreshold,10,2026-01-05T10:00:00Z,baseline,successful_logins,1820.0,complete,True,20260915
correlated_subthreshold,11,2026-01-05T11:00:00Z,baseline,successful_logins,1748.0,complete,True,20260915
correlated_subthreshold,12,2026-01-05T12:00:00Z,baseline,successful_logins,1900.0,complete,True,20260915
correlated_subthreshold,13,2026-01-05T13:00:00Z,baseline,successful_logins,1874.0,complete,True,20260915
correlated_subthreshold,14,2026-01-05T14:00:00Z,baseline,successful_logins,2242.0,complete,True,20260915
correlated_subthreshold,15,2026-01-05T15:00:00Z,baseline,successful_logins,2250.0,complete,True,20260915
correlated_subthreshold,16,2026-01-05T16:00:00Z,baseline,successful_logins,2034.0,complete,True,20260915
correlated_subthreshold,17,2026-01-05T17:00:00Z,baseline,successful_logins,1785.0,complete,True,20260915
correlated_subthreshold,18,2026-01-05T18:00:00Z,baseline,successful_logins,2023.0,complete,True,20260915
correlated_subthreshold,19,2026-01-05T19:00:00Z,baseline,successful_logins,1700.0,complete,True,20260915
correlated_subthreshold,20,2026-01-05T20:00:00Z,baseline,successful_logins,1607.0,complete,True,20260915
correlated_subthreshold,21,2026-01-05T21:00:00Z,baseline,successful_logins,1318.0,complete,True,20260915
correlated_subthreshold,22,2026-01-05T22:00:00Z,baseline,successful_logins,1210.0,complete,True,20260915
correlated_subthreshold,23,2026-01-05T23:00:00Z,baseline,successful_logins,1182.0,complete,True,20260915
correlated_subthreshold,24,2026-01-06T00:00:00Z,baseline,successful_logins,1005.0,complete,True,20260915
correlated_subthreshold,25,2026-01-06T01:00:00Z,baseline,successful_logins,934.0,complete,True,20260915
correlated_subthreshold,26,2026-01-06T02:00:00Z,baseline,successful_logins,960.0,complete,True,20260915
correlated_subthreshold,27,2026-01-06T03:00:00Z,baseline,successful_logins,1050.0,complete,True,20260915
correlated_subthreshold,28,2026-01-06T04:00:00Z,baseline,successful_logins,926.0,complete,True,20260915
correlated_subthreshold,29,2026-01-06T05:00:00Z,baseline,successful_logins,1144.0,complete,True,20260915
correlated_subthreshold,30,2026-01-06T06:00:00Z,baseline,successful_logins,1196.0,complete,True,20260915
correlated_subthreshold,31,2026-01-06T07:00:00Z,baseline,successful_logins,1318.0,complete,True,20260915
correlated_subthreshold,32,2026-01-06T08:00:00Z,baseline,successful_logins,1540.0,complete,True,20260915
correlated_subthreshold,33,2026-01-06T09:00:00Z,baseline,successful_logins,1675.0,complete,True,20260915
correlated_subthreshold,34,2026-01-06T10:00:00Z,baseline,successful_logins,1811.0,complete,True,20260915
correlated_subthreshold,35,2026-01-06T11:00:00Z,baseline,successful_logins,1917.0,complete,True,20260915
correlated_subthreshold,36,2026-01-06T12:00:00Z,baseline,successful_logins,1891.0,complete,True,20260915
correlated_subthreshold,37,2026-01-06T13:00:00Z,baseline,successful_logins,2068.0,complete,True,20260915
correlated_subthreshold,38,2026-01-06T14:00:00Z,baseline,successful_logins,2501.0,complete,True,20260915
correlated_subthreshold,39,2026-01-06T15:00:00Z,baseline,successful_logins,2055.0,complete,True,20260915
correlated_subthreshold,40,2026-01-06T16:00:00Z,baseline,successful_logins,2008.0,complete,True,20260915
correlated_subthreshold,41,2026-01-06T17:00:00Z,baseline,successful_logins,2104.0,complete,True,20260915
correlated_subthreshold,42,2026-01-06T18:00:00Z,baseline,successful_logins,1871.0,complete,True,20260915
correlated_subthreshold,43,2026-01-06T19:00:00Z,baseline,successful_logins,1839.0,complete,True,20260915
correlated_subthreshold,44,2026-01-06T20:00:00Z,baseline,successful_logins,1669.0,complete,True,20260915
correlated_subthreshold,45,2026-01-06T21:00:00Z,baseline,successful_logins,1280.0,complete,True,20260915
correlated_subthreshold,46,2026-01-06T22:00:00Z,baseline,successful_logins,1362.0,complete,True,20260915
correlated_subthreshold,47,2026-01-06T23:00:00Z,baseline,successful_logins,1065.0,complete,True,20260915
correlated_subthreshold,48,2026-01-07T00:00:00Z,target,successful_logins,1015,complete,True,20260915
correlated_subthreshold,0,2026-01-05T00:00:00Z,baseline,privileged_changes,1.0,complete,True,20260915
correlated_subthreshold,1,2026-01-05T01:00:00Z,baseline,privileged_changes,1.0,complete,True,20260915
correlated_subthreshold,2,2026-01-05T02:00:00Z,baseline,privileged_changes,1.0,complete,True,20260915
correlated_subthreshold,3,2026-01-05T03:00:00Z,baseline,privileged_changes,1.0,complete,True,20260915
correlated_subthreshold,4,2026-01-05T04:00:00Z,baseline,privileged_changes,1.0,complete,True,20260915
correlated_subthreshold,5,2026-01-05T05:00:00Z,baseline,privileged_changes,1.0,complete,True,20260915
correlated_subthreshold,6,2026-01-05T06:00:00Z,baseline,privileged_changes,2.0,complete,True,20260915
correlated_subthreshold,7,2026-01-05T07:00:00Z,baseline,privileged_changes,2.0,complete,True,20260915
correlated_subthreshold,8,2026-01-05T08:00:00Z,baseline,privileged_changes,2.0,complete,True,20260915
correlated_subthreshold,9,2026-01-05T09:00:00Z,baseline,privileged_changes,2.0,complete,True,20260915
correlated_subthreshold,10,2026-01-05T10:00:00Z,baseline,privileged_changes,2.0,complete,True,20260915
correlated_subthreshold,11,2026-01-05T11:00:00Z,baseline,privileged_changes,3.0,complete,True,20260915
correlated_subthreshold,12,2026-01-05T12:00:00Z,baseline,privileged_changes,2.0,complete,True,20260915
correlated_subthreshold,13,2026-01-05T13:00:00Z,baseline,privileged_changes,2.0,complete,True,20260915
correlated_subthreshold,14,2026-01-05T14:00:00Z,baseline,privileged_changes,2.0,complete,True,20260915
correlated_subthreshold,15,2026-01-05T15:00:00Z,baseline,privileged_changes,1.0,complete,True,20260915
correlated_subthreshold,16,2026-01-05T16:00:00Z,baseline,privileged_changes,2.0,complete,True,20260915
correlated_subthreshold,17,2026-01-05T17:00:00Z,baseline,privileged_changes,2.0,complete,True,20260915
correlated_subthreshold,18,2026-01-05T18:00:00Z,baseline,privileged_changes,2.0,complete,True,20260915
correlated_subthreshold,19,2026-01-05T19:00:00Z,baseline,privileged_changes,2.0,complete,True,20260915
correlated_subthreshold,20,2026-01-05T20:00:00Z,baseline,privileged_changes,2.0,complete,True,20260915
correlated_subthreshold,21,2026-01-05T21:00:00Z,baseline,privileged_changes,2.0,complete,True,20260915
correlated_subthreshold,22,2026-01-05T22:00:00Z,baseline,privileged_changes,2.0,complete,True,20260915
correlated_subthreshold,23,2026-01-05T23:00:00Z,baseline,privileged_changes,2.0,complete,True,20260915
correlated_subthreshold,24,2026-01-06T00:00:00Z,baseline,privileged_changes,2.0,complete,True,20260915
correlated_subthreshold,25,2026-01-06T01:00:00Z,baseline,privileged_changes,1.0,complete,True,20260915
correlated_subthreshold,26,2026-01-06T02:00:00Z,baseline,privileged_changes,2.0,complete,True,20260915
correlated_subthreshold,27,2026-01-06T03:00:00Z,baseline,privileged_changes,1.0,complete,True,20260915
correlated_subthreshold,28,2026-01-06T04:00:00Z,baseline,privileged_changes,2.0,complete,True,20260915
correlated_subthreshold,29,2026-01-06T05:00:00Z,baseline,privileged_changes,2.0,complete,True,20260915
correlated_subthreshold,30,2026-01-06T06:00:00Z,baseline,privileged_changes,1.0,complete,True,20260915
correlated_subthreshold,31,2026-01-06T07:00:00Z,baseline,privileged_changes,2.0,complete,True,20260915
correlated_subthreshold,32,2026-01-06T08:00:00Z,baseline,privileged_changes,2.0,complete,True,20260915
correlated_subthreshold,33,2026-01-06T09:00:00Z,baseline,privileged_changes,2.0,complete,True,20260915
correlated_subthreshold,34,2026-01-06T10:00:00Z,baseline,privileged_changes,2.0,complete,True,20260915
correlated_subthreshold,35,2026-01-06T11:00:00Z,baseline,privileged_changes,3.0,complete,True,20260915
correlated_subthreshold,36,2026-01-06T12:00:00Z,baseline,privileged_changes,3.0,complete,True,20260915
correlated_subthreshold,37,2026-01-06T13:00:00Z,baseline,privileged_changes,2.0,complete,True,20260915
correlated_subthreshold,38,2026-01-06T14:00:00Z,baseline,privileged_changes,3.0,complete,True,20260915
correlated_subthreshold,39,2026-01-06T15:00:00Z,baseline,privileged_changes,2.0,complete,True,20260915
correlated_subthreshold,40,2026-01-06T16:00:00Z,baseline,privileged_changes,2.0,complete,True,20260915
correlated_subthreshold,41,2026-01-06T17:00:00Z,baseline,privileged_changes,2.0,complete,True,20260915
correlated_subthreshold,42,2026-01-06T18:00:00Z,baseline,privileged_changes,1.0,complete,True,20260915
correlated_subthreshold,43,2026-01-06T19:00:00Z,baseline,privileged_changes,2.0,complete,True,20260915
correlated_subthreshold,44,2026-01-06T20:00:00Z,baseline,privileged_changes,1.0,complete,True,20260915
correlated_subthreshold,45,2026-01-06T21:00:00Z,baseline,privileged_changes,2.0,complete,True,20260915
correlated_subthreshold,46,2026-01-06T22:00:00Z,baseline,privileged_changes,2.0,complete,True,20260915
correlated_subthreshold,47,2026-01-06T23:00:00Z,baseline,privileged_changes,2.0,complete,True,20260915
correlated_subthreshold,48,2026-01-07T00:00:00Z,target,privileged_changes,2,complete,True,20260915
correlated_subthreshold,0,2026-01-05T00:00:00Z,baseline,outbound_mb,598.706,complete,True,20260915
correlated_subthreshold,1,2026-01-05T01:00:00Z,baseline,outbound_mb,487.825,complete,True,20260915
correlated_subthreshold,2,2026-01-05T02:00:00Z,baseline,outbound_mb,548.362,complete,True,20260915
correlated_subthreshold,3,2026-01-05T03:00:00Z,baseline,outbound_mb,563.92,complete,True,20260915
correlated_subthreshold,4,2026-01-05T04:00:00Z,baseline,outbound_mb,591.711,complete,True,20260915
correlated_subthreshold,5,2026-01-05T05:00:00Z,baseline,outbound_mb,676.618,complete,True,20260915
correlated_subthreshold,6,2026-01-05T06:00:00Z,baseline,outbound_mb,742.466,complete,True,20260915
correlated_subthreshold,7,2026-01-05T07:00:00Z,baseline,outbound_mb,771.904,complete,True,20260915
correlated_subthreshold,8,2026-01-05T08:00:00Z,baseline,outbound_mb,860.079,complete,True,20260915
correlated_subthreshold,9,2026-01-05T09:00:00Z,baseline,outbound_mb,911.686,complete,True,20260915
correlated_subthreshold,10,2026-01-05T10:00:00Z,baseline,outbound_mb,1043.471,complete,True,20260915
correlated_subthreshold,11,2026-01-05T11:00:00Z,baseline,outbound_mb,1111.379,complete,True,20260915
correlated_subthreshold,12,2026-01-05T12:00:00Z,baseline,outbound_mb,1110.202,complete,True,20260915
correlated_subthreshold,13,2026-01-05T13:00:00Z,baseline,outbound_mb,1057.255,complete,True,20260915
correlated_subthreshold,14,2026-01-05T14:00:00Z,baseline,outbound_mb,1160.793,complete,True,20260915
correlated_subthreshold,15,2026-01-05T15:00:00Z,baseline,outbound_mb,1231.259,complete,True,20260915
correlated_subthreshold,16,2026-01-05T16:00:00Z,baseline,outbound_mb,1164.757,complete,True,20260915
correlated_subthreshold,17,2026-01-05T17:00:00Z,baseline,outbound_mb,1107.721,complete,True,20260915
correlated_subthreshold,18,2026-01-05T18:00:00Z,baseline,outbound_mb,952.539,complete,True,20260915
correlated_subthreshold,19,2026-01-05T19:00:00Z,baseline,outbound_mb,933.258,complete,True,20260915
correlated_subthreshold,20,2026-01-05T20:00:00Z,baseline,outbound_mb,864.629,complete,True,20260915
correlated_subthreshold,21,2026-01-05T21:00:00Z,baseline,outbound_mb,736.337,complete,True,20260915
correlated_subthreshold,22,2026-01-05T22:00:00Z,baseline,outbound_mb,638.712,complete,True,20260915
correlated_subthreshold,23,2026-01-05T23:00:00Z,baseline,outbound_mb,562.032,complete,True,20260915
correlated_subthreshold,24,2026-01-06T00:00:00Z,baseline,outbound_mb,600.823,complete,True,20260915
correlated_subthreshold,25,2026-01-06T01:00:00Z,baseline,outbound_mb,577.009,complete,True,20260915
correlated_subthreshold,26,2026-01-06T02:00:00Z,baseline,outbound_mb,517.939,complete,True,20260915
correlated_subthreshold,27,2026-01-06T03:00:00Z,baseline,outbound_mb,611.505,complete,True,20260915
correlated_subthreshold,28,2026-01-06T04:00:00Z,baseline,outbound_mb,639.239,complete,True,20260915
correlated_subthreshold,29,2026-01-06T05:00:00Z,baseline,outbound_mb,651.637,complete,True,20260915
correlated_subthreshold,30,2026-01-06T06:00:00Z,baseline,outbound_mb,721.061,complete,True,20260915
correlated_subthreshold,31,2026-01-06T07:00:00Z,baseline,outbound_mb,770.892,complete,True,20260915
correlated_subthreshold,32,2026-01-06T08:00:00Z,baseline,outbound_mb,797.124,complete,True,20260915
correlated_subthreshold,33,2026-01-06T09:00:00Z,baseline,outbound_mb,873.593,complete,True,20260915
correlated_subthreshold,34,2026-01-06T10:00:00Z,baseline,outbound_mb,968.379,complete,True,20260915
correlated_subthreshold,35,2026-01-06T11:00:00Z,baseline,outbound_mb,1080.092,complete,True,20260915
correlated_subthreshold,36,2026-01-06T12:00:00Z,baseline,outbound_mb,1184.156,complete,True,20260915
correlated_subthreshold,37,2026-01-06T13:00:00Z,baseline,outbound_mb,1144.932,complete,True,20260915
correlated_subthreshold,38,2026-01-06T14:00:00Z,baseline,outbound_mb,1455.592,complete,True,20260915
correlated_subthreshold,39,2026-01-06T15:00:00Z,baseline,outbound_mb,1139.239,complete,True,20260915
correlated_subthreshold,40,2026-01-06T16:00:00Z,baseline,outbound_mb,1211.959,complete,True,20260915
correlated_subthreshold,41,2026-01-06T17:00:00Z,baseline,outbound_mb,1085.648,complete,True,20260915
correlated_subthreshold,42,2026-01-06T18:00:00Z,baseline,outbound_mb,1082.786,complete,True,20260915
correlated_subthreshold,43,2026-01-06T19:00:00Z,baseline,outbound_mb,834.411,complete,True,20260915
correlated_subthreshold,44,2026-01-06T20:00:00Z,baseline,outbound_mb,909.222,complete,True,20260915
correlated_subthreshold,45,2026-01-06T21:00:00Z,baseline,outbound_mb,874.982,complete,True,20260915
correlated_subthreshold,46,2026-01-06T22:00:00Z,baseline,outbound_mb,825.641,complete,True,20260915
correlated_subthreshold,47,2026-01-06T23:00:00Z,baseline,outbound_mb,658.888,complete,True,20260915
correlated_subthreshold,48,2026-01-07T00:00:00Z,target,outbound_mb,786.826,complete,True,20260915
correlated_subthreshold,0,2026-01-05T00:00:00Z,baseline,api_5xx,12.0,complete,True,20260915
correlated_subthreshold,1,2026-01-05T01:00:00Z,baseline,api_5xx,11.0,complete,True,20260915
correlated_subthreshold,2,2026-01-05T02:00:00Z,baseline,api_5xx,10.0,complete,True,20260915
correlated_subthreshold,3,2026-01-05T03:00:00Z,baseline,api_5xx,12.0,complete,True,20260915
correlated_subthreshold,4,2026-01-05T04:00:00Z,baseline,api_5xx,12.0,complete,True,20260915
correlated_subthreshold,5,2026-01-05T05:00:00Z,baseline,api_5xx,13.0,complete,True,20260915
correlated_subthreshold,6,2026-01-05T06:00:00Z,baseline,api_5xx,17.0,complete,True,20260915
correlated_subthreshold,7,2026-01-05T07:00:00Z,baseline,api_5xx,12.0,complete,True,20260915
correlated_subthreshold,8,2026-01-05T08:00:00Z,baseline,api_5xx,19.0,complete,True,20260915
correlated_subthreshold,9,2026-01-05T09:00:00Z,baseline,api_5xx,20.0,complete,True,20260915
correlated_subthreshold,10,2026-01-05T10:00:00Z,baseline,api_5xx,24.0,complete,True,20260915
correlated_subthreshold,11,2026-01-05T11:00:00Z,baseline,api_5xx,28.0,complete,True,20260915
correlated_subthreshold,12,2026-01-05T12:00:00Z,baseline,api_5xx,20.0,complete,True,20260915
correlated_subthreshold,13,2026-01-05T13:00:00Z,baseline,api_5xx,26.0,complete,True,20260915
correlated_subthreshold,14,2026-01-05T14:00:00Z,baseline,api_5xx,22.0,complete,True,20260915
correlated_subthreshold,15,2026-01-05T15:00:00Z,baseline,api_5xx,29.0,complete,True,20260915
correlated_subthreshold,16,2026-01-05T16:00:00Z,baseline,api_5xx,20.0,complete,True,20260915
correlated_subthreshold,17,2026-01-05T17:00:00Z,baseline,api_5xx,24.0,complete,True,20260915
correlated_subthreshold,18,2026-01-05T18:00:00Z,baseline,api_5xx,23.0,complete,True,20260915
correlated_subthreshold,19,2026-01-05T19:00:00Z,baseline,api_5xx,17.0,complete,True,20260915
correlated_subthreshold,20,2026-01-05T20:00:00Z,baseline,api_5xx,17.0,complete,True,20260915
correlated_subthreshold,21,2026-01-05T21:00:00Z,baseline,api_5xx,17.0,complete,True,20260915
correlated_subthreshold,22,2026-01-05T22:00:00Z,baseline,api_5xx,20.0,complete,True,20260915
correlated_subthreshold,23,2026-01-05T23:00:00Z,baseline,api_5xx,11.0,complete,True,20260915
correlated_subthreshold,24,2026-01-06T00:00:00Z,baseline,api_5xx,12.0,complete,True,20260915
correlated_subthreshold,25,2026-01-06T01:00:00Z,baseline,api_5xx,17.0,complete,True,20260915
correlated_subthreshold,26,2026-01-06T02:00:00Z,baseline,api_5xx,13.0,complete,True,20260915
correlated_subthreshold,27,2026-01-06T03:00:00Z,baseline,api_5xx,11.0,complete,True,20260915
correlated_subthreshold,28,2026-01-06T04:00:00Z,baseline,api_5xx,10.0,complete,True,20260915
correlated_subthreshold,29,2026-01-06T05:00:00Z,baseline,api_5xx,18.0,complete,True,20260915
correlated_subthreshold,30,2026-01-06T06:00:00Z,baseline,api_5xx,16.0,complete,True,20260915
correlated_subthreshold,31,2026-01-06T07:00:00Z,baseline,api_5xx,18.0,complete,True,20260915
correlated_subthreshold,32,2026-01-06T08:00:00Z,baseline,api_5xx,20.0,complete,True,20260915
correlated_subthreshold,33,2026-01-06T09:00:00Z,baseline,api_5xx,17.0,complete,True,20260915
correlated_subthreshold,34,2026-01-06T10:00:00Z,baseline,api_5xx,19.0,complete,True,20260915
correlated_subthreshold,35,2026-01-06T11:00:00Z,baseline,api_5xx,26.0,complete,True,20260915
correlated_subthreshold,36,2026-01-06T12:00:00Z,baseline,api_5xx,22.0,complete,True,20260915
correlated_subthreshold,37,2026-01-06T13:00:00Z,baseline,api_5xx,22.0,complete,True,20260915
correlated_subthreshold,38,2026-01-06T14:00:00Z,baseline,api_5xx,26.0,complete,True,20260915
correlated_subthreshold,39,2026-01-06T15:00:00Z,baseline,api_5xx,24.0,complete,True,20260915
correlated_subthreshold,40,2026-01-06T16:00:00Z,baseline,api_5xx,27.0,complete,True,20260915
correlated_subthreshold,41,2026-01-06T17:00:00Z,baseline,api_5xx,23.0,complete,True,20260915
correlated_subthreshold,42,2026-01-06T18:00:00Z,baseline,api_5xx,19.0,complete,True,20260915
correlated_subthreshold,43,2026-01-06T19:00:00Z,baseline,api_5xx,20.0,complete,True,20260915
correlated_subthreshold,44,2026-01-06T20:00:00Z,baseline,api_5xx,16.0,complete,True,20260915
correlated_subthreshold,45,2026-01-06T21:00:00Z,baseline,api_5xx,18.0,complete,True,20260915
correlated_subthreshold,46,2026-01-06T22:00:00Z,baseline,api_5xx,18.0,complete,True,20260915
correlated_subthreshold,47,2026-01-06T23:00:00Z,baseline,api_5xx,16.0,complete,True,20260915
correlated_subthreshold,48,2026-01-07T00:00:00Z,target,api_5xx,17,complete,True,20260915
correlated_subthreshold,0,2026-01-05T00:00:00Z,baseline,endpoint_alerts,5.0,complete,True,20260915
correlated_subthreshold,1,2026-01-05T01:00:00Z,baseline,endpoint_alerts,5.0,complete,True,20260915
correlated_subthreshold,2,2026-01-05T02:00:00Z,baseline,endpoint_alerts,5.0,complete,True,20260915
correlated_subthreshold,3,2026-01-05T03:00:00Z,baseline,endpoint_alerts,4.0,complete,True,20260915
correlated_subthreshold,4,2026-01-05T04:00:00Z,baseline,endpoint_alerts,3.0,complete,True,20260915
correlated_subthreshold,5,2026-01-05T05:00:00Z,baseline,endpoint_alerts,4.0,complete,True,20260915
correlated_subthreshold,6,2026-01-05T06:00:00Z,baseline,endpoint_alerts,5.0,complete,True,20260915
correlated_subthreshold,7,2026-01-05T07:00:00Z,baseline,endpoint_alerts,5.0,complete,True,20260915
correlated_subthreshold,8,2026-01-05T08:00:00Z,baseline,endpoint_alerts,1.0,complete,True,20260915
correlated_subthreshold,9,2026-01-05T09:00:00Z,baseline,endpoint_alerts,4.0,complete,True,20260915
correlated_subthreshold,10,2026-01-05T10:00:00Z,baseline,endpoint_alerts,5.0,complete,True,20260915
correlated_subthreshold,11,2026-01-05T11:00:00Z,baseline,endpoint_alerts,7.0,complete,True,20260915
correlated_subthreshold,12,2026-01-05T12:00:00Z,baseline,endpoint_alerts,5.0,complete,True,20260915
correlated_subthreshold,13,2026-01-05T13:00:00Z,baseline,endpoint_alerts,4.0,complete,True,20260915
correlated_subthreshold,14,2026-01-05T14:00:00Z,baseline,endpoint_alerts,5.0,complete,True,20260915
correlated_subthreshold,15,2026-01-05T15:00:00Z,baseline,endpoint_alerts,6.0,complete,True,20260915
correlated_subthreshold,16,2026-01-05T16:00:00Z,baseline,endpoint_alerts,6.0,complete,True,20260915
correlated_subthreshold,17,2026-01-05T17:00:00Z,baseline,endpoint_alerts,6.0,complete,True,20260915
correlated_subthreshold,18,2026-01-05T18:00:00Z,baseline,endpoint_alerts,4.0,complete,True,20260915
correlated_subthreshold,19,2026-01-05T19:00:00Z,baseline,endpoint_alerts,3.0,complete,True,20260915
correlated_subthreshold,20,2026-01-05T20:00:00Z,baseline,endpoint_alerts,3.0,complete,True,20260915
correlated_subthreshold,21,2026-01-05T21:00:00Z,baseline,endpoint_alerts,5.0,complete,True,20260915
correlated_subthreshold,22,2026-01-05T22:00:00Z,baseline,endpoint_alerts,4.0,complete,True,20260915
correlated_subthreshold,23,2026-01-05T23:00:00Z,baseline,endpoint_alerts,5.0,complete,True,20260915
correlated_subthreshold,24,2026-01-06T00:00:00Z,baseline,endpoint_alerts,5.0,complete,True,20260915
correlated_subthreshold,25,2026-01-06T01:00:00Z,baseline,endpoint_alerts,7.0,complete,True,20260915
correlated_subthreshold,26,2026-01-06T02:00:00Z,baseline,endpoint_alerts,4.0,complete,True,20260915
correlated_subthreshold,27,2026-01-06T03:00:00Z,baseline,endpoint_alerts,4.0,complete,True,20260915
correlated_subthreshold,28,2026-01-06T04:00:00Z,baseline,endpoint_alerts,4.0,complete,True,20260915
correlated_subthreshold,29,2026-01-06T05:00:00Z,baseline,endpoint_alerts,4.0,complete,True,20260915
correlated_subthreshold,30,2026-01-06T06:00:00Z,baseline,endpoint_alerts,6.0,complete,True,20260915
correlated_subthreshold,31,2026-01-06T07:00:00Z,baseline,endpoint_alerts,5.0,complete,True,20260915
correlated_subthreshold,32,2026-01-06T08:00:00Z,baseline,endpoint_alerts,5.0,complete,True,20260915
correlated_subthreshold,33,2026-01-06T09:00:00Z,baseline,endpoint_alerts,4.0,complete,True,20260915
correlated_subthreshold,34,2026-01-06T10:00:00Z,baseline,endpoint_alerts,6.0,complete,True,20260915
correlated_subthreshold,35,2026-01-06T11:00:00Z,baseline,endpoint_alerts,5.0,complete,True,20260915
correlated_subthreshold,36,2026-01-06T12:00:00Z,baseline,endpoint_alerts,6.0,complete,True,20260915
correlated_subthreshold,37,2026-01-06T13:00:00Z,baseline,endpoint_alerts,6.0,complete,True,20260915
correlated_subthreshold,38,2026-01-06T14:00:00Z,baseline,endpoint_alerts,6.0,complete,True,20260915
correlated_subthreshold,39,2026-01-06T15:00:00Z,baseline,endpoint_alerts,4.0,complete,True,20260915
correlated_subthreshold,40,2026-01-06T16:00:00Z,baseline,endpoint_alerts,6.0,complete,True,20260915
correlated_subthreshold,41,2026-01-06T17:00:00Z,baseline,endpoint_alerts,7.0,complete,True,20260915
correlated_subthreshold,42,2026-01-06T18:00:00Z,baseline,endpoint_alerts,7.0,complete,True,20260915
correlated_subthreshold,43,2026-01-06T19:00:00Z,baseline,endpoint_alerts,5.0,complete,True,20260915
correlated_subthreshold,44,2026-01-06T20:00:00Z,baseline,endpoint_alerts,5.0,complete,True,20260915
correlated_subthreshold,45,2026-01-06T21:00:00Z,baseline,endpoint_alerts,5.0,complete,True,20260915
correlated_subthreshold,46,2026-01-06T22:00:00Z,baseline,endpoint_alerts,4.0,complete,True,20260915
correlated_subthreshold,47,2026-01-06T23:00:00Z,baseline,endpoint_alerts,2.0,complete,True,20260915
correlated_subthreshold,48,2026-01-07T00:00:00Z,target,endpoint_alerts,5,complete,True,20260915
correlated_subthreshold,0,2026-01-05T00:00:00Z,baseline,file_rename_events,41.0,complete,True,20260915
correlated_subthreshold,1,2026-01-05T01:00:00Z,baseline,file_rename_events,29.0,complete,True,20260915
correlated_subthreshold,2,2026-01-05T02:00:00Z,baseline,file_rename_events,36.0,complete,True,20260915
correlated_subthreshold,3,2026-01-05T03:00:00Z,baseline,file_rename_events,33.0,complete,True,20260915
correlated_subthreshold,4,2026-01-05T04:00:00Z,baseline,file_rename_events,28.0,complete,True,20260915
correlated_subthreshold,5,2026-01-05T05:00:00Z,baseline,file_rename_events,38.0,complete,True,20260915
correlated_subthreshold,6,2026-01-05T06:00:00Z,baseline,file_rename_events,31.0,complete,True,20260915
correlated_subthreshold,7,2026-01-05T07:00:00Z,baseline,file_rename_events,44.0,complete,True,20260915
correlated_subthreshold,8,2026-01-05T08:00:00Z,baseline,file_rename_events,42.0,complete,True,20260915
correlated_subthreshold,9,2026-01-05T09:00:00Z,baseline,file_rename_events,36.0,complete,True,20260915
correlated_subthreshold,10,2026-01-05T10:00:00Z,baseline,file_rename_events,54.0,complete,True,20260915
correlated_subthreshold,11,2026-01-05T11:00:00Z,baseline,file_rename_events,56.0,complete,True,20260915
correlated_subthreshold,12,2026-01-05T12:00:00Z,baseline,file_rename_events,56.0,complete,True,20260915
correlated_subthreshold,13,2026-01-05T13:00:00Z,baseline,file_rename_events,46.0,complete,True,20260915
correlated_subthreshold,14,2026-01-05T14:00:00Z,baseline,file_rename_events,45.0,complete,True,20260915
correlated_subthreshold,15,2026-01-05T15:00:00Z,baseline,file_rename_events,49.0,complete,True,20260915
correlated_subthreshold,16,2026-01-05T16:00:00Z,baseline,file_rename_events,47.0,complete,True,20260915
correlated_subthreshold,17,2026-01-05T17:00:00Z,baseline,file_rename_events,52.0,complete,True,20260915
correlated_subthreshold,18,2026-01-05T18:00:00Z,baseline,file_rename_events,51.0,complete,True,20260915
correlated_subthreshold,19,2026-01-05T19:00:00Z,baseline,file_rename_events,37.0,complete,True,20260915
correlated_subthreshold,20,2026-01-05T20:00:00Z,baseline,file_rename_events,32.0,complete,True,20260915
correlated_subthreshold,21,2026-01-05T21:00:00Z,baseline,file_rename_events,34.0,complete,True,20260915
correlated_subthreshold,22,2026-01-05T22:00:00Z,baseline,file_rename_events,39.0,complete,True,20260915
correlated_subthreshold,23,2026-01-05T23:00:00Z,baseline,file_rename_events,38.0,complete,True,20260915
correlated_subthreshold,24,2026-01-06T00:00:00Z,baseline,file_rename_events,39.0,complete,True,20260915
correlated_subthreshold,25,2026-01-06T01:00:00Z,baseline,file_rename_events,35.0,complete,True,20260915
correlated_subthreshold,26,2026-01-06T02:00:00Z,baseline,file_rename_events,30.0,complete,True,20260915
correlated_subthreshold,27,2026-01-06T03:00:00Z,baseline,file_rename_events,31.0,complete,True,20260915
correlated_subthreshold,28,2026-01-06T04:00:00Z,baseline,file_rename_events,31.0,complete,True,20260915
correlated_subthreshold,29,2026-01-06T05:00:00Z,baseline,file_rename_events,34.0,complete,True,20260915
correlated_subthreshold,30,2026-01-06T06:00:00Z,baseline,file_rename_events,38.0,complete,True,20260915
correlated_subthreshold,31,2026-01-06T07:00:00Z,baseline,file_rename_events,44.0,complete,True,20260915
correlated_subthreshold,32,2026-01-06T08:00:00Z,baseline,file_rename_events,42.0,complete,True,20260915
correlated_subthreshold,33,2026-01-06T09:00:00Z,baseline,file_rename_events,35.0,complete,True,20260915
correlated_subthreshold,34,2026-01-06T10:00:00Z,baseline,file_rename_events,49.0,complete,True,20260915
correlated_subthreshold,35,2026-01-06T11:00:00Z,baseline,file_rename_events,46.0,complete,True,20260915
correlated_subthreshold,36,2026-01-06T12:00:00Z,baseline,file_rename_events,52.0,complete,True,20260915
correlated_subthreshold,37,2026-01-06T13:00:00Z,baseline,file_rename_events,44.0,complete,True,20260915
correlated_subthreshold,38,2026-01-06T14:00:00Z,baseline,file_rename_events,44.0,complete,True,20260915
correlated_subthreshold,39,2026-01-06T15:00:00Z,baseline,file_rename_events,59.0,complete,True,20260915
correlated_subthreshold,40,2026-01-06T16:00:00Z,baseline,file_rename_events,52.0,complete,True,20260915
correlated_subthreshold,41,2026-01-06T17:00:00Z,baseline,file_rename_events,47.0,complete,True,20260915
correlated_subthreshold,42,2026-01-06T18:00:00Z,baseline,file_rename_events,51.0,complete,True,20260915
correlated_subthreshold,43,2026-01-06T19:00:00Z,baseline,file_rename_events,40.0,complete,True,20260915
correlated_subthreshold,44,2026-01-06T20:00:00Z,baseline,file_rename_events,42.0,complete,True,20260915
correlated_subthreshold,45,2026-01-06T21:00:00Z,baseline,file_rename_events,38.0,complete,True,20260915
correlated_subthreshold,46,2026-01-06T22:00:00Z,baseline,file_rename_events,40.0,complete,True,20260915
correlated_subthreshold,47,2026-01-06T23:00:00Z,baseline,file_rename_events,39.0,complete,True,20260915
correlated_subthreshold,48,2026-01-07T00:00:00Z,target,file_rename_events,37,complete,True,20260915
correlated_subthreshold,0,2026-01-05T00:00:00Z,baseline,inbound_requests,32180.0,complete,True,20260915
correlated_subthreshold,1,2026-01-05T01:00:00Z,baseline,inbound_requests,27731.0,complete,True,20260915
correlated_subthreshold,2,2026-01-05T02:00:00Z,baseline,inbound_requests,28008.0,complete,True,20260915
correlated_subthreshold,3,2026-01-05T03:00:00Z,baseline,inbound_requests,31093.0,complete,True,20260915
correlated_subthreshold,4,2026-01-05T04:00:00Z,baseline,inbound_requests,28607.0,complete,True,20260915
correlated_subthreshold,5,2026-01-05T05:00:00Z,baseline,inbound_requests,35445.0,complete,True,20260915
correlated_subthreshold,6,2026-01-05T06:00:00Z,baseline,inbound_requests,37985.0,complete,True,20260915
correlated_subthreshold,7,2026-01-05T07:00:00Z,baseline,inbound_requests,44325.0,complete,True,20260915
correlated_subthreshold,8,2026-01-05T08:00:00Z,baseline,inbound_requests,50981.0,complete,True,20260915
correlated_subthreshold,9,2026-01-05T09:00:00Z,baseline,inbound_requests,58495.0,complete,True,20260915
correlated_subthreshold,10,2026-01-05T10:00:00Z,baseline,inbound_requests,65809.0,complete,True,20260915
correlated_subthreshold,11,2026-01-05T11:00:00Z,baseline,inbound_requests,70836.0,complete,True,20260915
correlated_subthreshold,12,2026-01-05T12:00:00Z,baseline,inbound_requests,68752.0,complete,True,20260915
correlated_subthreshold,13,2026-01-05T13:00:00Z,baseline,inbound_requests,74090.0,complete,True,20260915
correlated_subthreshold,14,2026-01-05T14:00:00Z,baseline,inbound_requests,70975.0,complete,True,20260915
correlated_subthreshold,15,2026-01-05T15:00:00Z,baseline,inbound_requests,72718.0,complete,True,20260915
correlated_subthreshold,16,2026-01-05T16:00:00Z,baseline,inbound_requests,70618.0,complete,True,20260915
correlated_subthreshold,17,2026-01-05T17:00:00Z,baseline,inbound_requests,67454.0,complete,True,20260915
correlated_subthreshold,18,2026-01-05T18:00:00Z,baseline,inbound_requests,67715.0,complete,True,20260915
correlated_subthreshold,19,2026-01-05T19:00:00Z,baseline,inbound_requests,54142.0,complete,True,20260915
correlated_subthreshold,20,2026-01-05T20:00:00Z,baseline,inbound_requests,52006.0,complete,True,20260915
correlated_subthreshold,21,2026-01-05T21:00:00Z,baseline,inbound_requests,47343.0,complete,True,20260915
correlated_subthreshold,22,2026-01-05T22:00:00Z,baseline,inbound_requests,40227.0,complete,True,20260915
correlated_subthreshold,23,2026-01-05T23:00:00Z,baseline,inbound_requests,37321.0,complete,True,20260915
correlated_subthreshold,24,2026-01-06T00:00:00Z,baseline,inbound_requests,32559.0,complete,True,20260915
correlated_subthreshold,25,2026-01-06T01:00:00Z,baseline,inbound_requests,29609.0,complete,True,20260915
correlated_subthreshold,26,2026-01-06T02:00:00Z,baseline,inbound_requests,30010.0,complete,True,20260915
correlated_subthreshold,27,2026-01-06T03:00:00Z,baseline,inbound_requests,27835.0,complete,True,20260915
correlated_subthreshold,28,2026-01-06T04:00:00Z,baseline,inbound_requests,32505.0,complete,True,20260915
correlated_subthreshold,29,2026-01-06T05:00:00Z,baseline,inbound_requests,35116.0,complete,True,20260915
correlated_subthreshold,30,2026-01-06T06:00:00Z,baseline,inbound_requests,37431.0,complete,True,20260915
correlated_subthreshold,31,2026-01-06T07:00:00Z,baseline,inbound_requests,43124.0,complete,True,20260915
correlated_subthreshold,32,2026-01-06T08:00:00Z,baseline,inbound_requests,51133.0,complete,True,20260915
correlated_subthreshold,33,2026-01-06T09:00:00Z,baseline,inbound_requests,53531.0,complete,True,20260915
correlated_subthreshold,34,2026-01-06T10:00:00Z,baseline,inbound_requests,55492.0,complete,True,20260915
correlated_subthreshold,35,2026-01-06T11:00:00Z,baseline,inbound_requests,70071.0,complete,True,20260915
correlated_subthreshold,36,2026-01-06T12:00:00Z,baseline,inbound_requests,73928.0,complete,True,20260915
correlated_subthreshold,37,2026-01-06T13:00:00Z,baseline,inbound_requests,74325.0,complete,True,20260915
correlated_subthreshold,38,2026-01-06T14:00:00Z,baseline,inbound_requests,70223.0,complete,True,20260915
correlated_subthreshold,39,2026-01-06T15:00:00Z,baseline,inbound_requests,74941.0,complete,True,20260915
correlated_subthreshold,40,2026-01-06T16:00:00Z,baseline,inbound_requests,74741.0,complete,True,20260915
correlated_subthreshold,41,2026-01-06T17:00:00Z,baseline,inbound_requests,67942.0,complete,True,20260915
correlated_subthreshold,42,2026-01-06T18:00:00Z,baseline,inbound_requests,60744.0,complete,True,20260915
correlated_subthreshold,43,2026-01-06T19:00:00Z,baseline,inbound_requests,55116.0,complete,True,20260915
correlated_subthreshold,44,2026-01-06T20:00:00Z,baseline,inbound_requests,53809.0,complete,True,20260915
correlated_subthreshold,45,2026-01-06T21:00:00Z,baseline,inbound_requests,44368.0,complete,True,20260915
correlated_subthreshold,46,2026-01-06T22:00:00Z,baseline,inbound_requests,35537.0,complete,True,20260915
correlated_subthreshold,47,2026-01-06T23:00:00Z,baseline,inbound_requests,33743.0,complete,True,20260915
correlated_subthreshold,48,2026-01-07T00:00:00Z,target,inbound_requests,31052,complete,True,20260915
collector_failure,0,2026-01-05T00:00:00Z,baseline,auth_failures,79.0,complete,True,20260916
collector_failure,1,2026-01-05T01:00:00Z,baseline,auth_failures,81.0,complete,True,20260916
collector_failure,2,2026-01-05T02:00:00Z,baseline,auth_failures,102.0,complete,True,20260916
collector_failure,3,2026-01-05T03:00:00Z,baseline,auth_failures,82.0,complete,True,20260916
collector_failure,4,2026-01-05T04:00:00Z,baseline,auth_failures,108.0,complete,True,20260916
collector_failure,5,2026-01-05T05:00:00Z,baseline,auth_failures,91.0,complete,True,20260916
collector_failure,6,2026-01-05T06:00:00Z,baseline,auth_failures,121.0,complete,True,20260916
collector_failure,7,2026-01-05T07:00:00Z,baseline,auth_failures,101.0,complete,True,20260916
collector_failure,8,2026-01-05T08:00:00Z,baseline,auth_failures,131.0,complete,True,20260916
collector_failure,9,2026-01-05T09:00:00Z,baseline,auth_failures,128.0,complete,True,20260916
collector_failure,10,2026-01-05T10:00:00Z,baseline,auth_failures,131.0,complete,True,20260916
collector_failure,11,2026-01-05T11:00:00Z,baseline,auth_failures,132.0,complete,True,20260916
collector_failure,12,2026-01-05T12:00:00Z,baseline,auth_failures,137.0,complete,True,20260916
collector_failure,13,2026-01-05T13:00:00Z,baseline,auth_failures,149.0,complete,True,20260916
collector_failure,14,2026-01-05T14:00:00Z,baseline,auth_failures,161.0,complete,True,20260916
collector_failure,15,2026-01-05T15:00:00Z,baseline,auth_failures,126.0,complete,True,20260916
collector_failure,16,2026-01-05T16:00:00Z,baseline,auth_failures,147.0,complete,True,20260916
collector_failure,17,2026-01-05T17:00:00Z,baseline,auth_failures,155.0,complete,True,20260916
collector_failure,18,2026-01-05T18:00:00Z,baseline,auth_failures,136.0,complete,True,20260916
collector_failure,19,2026-01-05T19:00:00Z,baseline,auth_failures,133.0,complete,True,20260916
collector_failure,20,2026-01-05T20:00:00Z,baseline,auth_failures,144.0,complete,True,20260916
collector_failure,21,2026-01-05T21:00:00Z,baseline,auth_failures,93.0,complete,True,20260916
collector_failure,22,2026-01-05T22:00:00Z,baseline,auth_failures,101.0,complete,True,20260916
collector_failure,23,2026-01-05T23:00:00Z,baseline,auth_failures,90.0,complete,True,20260916
collector_failure,24,2026-01-06T00:00:00Z,baseline,auth_failures,80.0,complete,True,20260916
collector_failure,25,2026-01-06T01:00:00Z,baseline,auth_failures,72.0,complete,True,20260916
collector_failure,26,2026-01-06T02:00:00Z,baseline,auth_failures,96.0,complete,True,20260916
collector_failure,27,2026-01-06T03:00:00Z,baseline,auth_failures,88.0,complete,True,20260916
collector_failure,28,2026-01-06T04:00:00Z,baseline,auth_failures,82.0,complete,True,20260916
collector_failure,29,2026-01-06T05:00:00Z,baseline,auth_failures,108.0,complete,True,20260916
collector_failure,30,2026-01-06T06:00:00Z,baseline,auth_failures,113.0,complete,True,20260916
collector_failure,31,2026-01-06T07:00:00Z,baseline,auth_failures,127.0,complete,True,20260916
collector_failure,32,2026-01-06T08:00:00Z,baseline,auth_failures,134.0,complete,True,20260916
collector_failure,33,2026-01-06T09:00:00Z,baseline,auth_failures,136.0,complete,True,20260916
collector_failure,34,2026-01-06T10:00:00Z,baseline,auth_failures,147.0,complete,True,20260916
collector_failure,35,2026-01-06T11:00:00Z,baseline,auth_failures,175.0,complete,True,20260916
collector_failure,36,2026-01-06T12:00:00Z,baseline,auth_failures,177.0,complete,True,20260916
collector_failure,37,2026-01-06T13:00:00Z,baseline,auth_failures,179.0,complete,True,20260916
collector_failure,38,2026-01-06T14:00:00Z,baseline,auth_failures,173.0,complete,True,20260916
collector_failure,39,2026-01-06T15:00:00Z,baseline,auth_failures,151.0,complete,True,20260916
collector_failure,40,2026-01-06T16:00:00Z,baseline,auth_failures,113.0,complete,True,20260916
collector_failure,41,2026-01-06T17:00:00Z,baseline,auth_failures,143.0,complete,True,20260916
collector_failure,42,2026-01-06T18:00:00Z,baseline,auth_failures,136.0,complete,True,20260916
collector_failure,43,2026-01-06T19:00:00Z,baseline,auth_failures,148.0,complete,True,20260916
collector_failure,44,2026-01-06T20:00:00Z,baseline,auth_failures,130.0,complete,True,20260916
collector_failure,45,2026-01-06T21:00:00Z,baseline,auth_failures,93.0,complete,True,20260916
collector_failure,46,2026-01-06T22:00:00Z,baseline,auth_failures,106.0,complete,True,20260916
collector_failure,47,2026-01-06T23:00:00Z,baseline,auth_failures,100.0,complete,True,20260916
collector_failure,48,2026-01-07T00:00:00Z,target,auth_failures,82,complete,True,20260916
collector_failure,0,2026-01-05T00:00:00Z,baseline,unique_failed_accounts,26.0,complete,True,20260916
collector_failure,1,2026-01-05T01:00:00Z,baseline,unique_failed_accounts,20.0,complete,True,20260916
collector_failure,2,2026-01-05T02:00:00Z,baseline,unique_failed_accounts,26.0,complete,True,20260916
collector_failure,3,2026-01-05T03:00:00Z,baseline,unique_failed_accounts,24.0,complete,True,20260916
collector_failure,4,2026-01-05T04:00:00Z,baseline,unique_failed_accounts,27.0,complete,True,20260916
collector_failure,5,2026-01-05T05:00:00Z,baseline,unique_failed_accounts,31.0,complete,True,20260916
collector_failure,6,2026-01-05T06:00:00Z,baseline,unique_failed_accounts,28.0,complete,True,20260916
collector_failure,7,2026-01-05T07:00:00Z,baseline,unique_failed_accounts,31.0,complete,True,20260916
collector_failure,8,2026-01-05T08:00:00Z,baseline,unique_failed_accounts,36.0,complete,True,20260916
collector_failure,9,2026-01-05T09:00:00Z,baseline,unique_failed_accounts,38.0,complete,True,20260916
collector_failure,10,2026-01-05T10:00:00Z,baseline,unique_failed_accounts,33.0,complete,True,20260916
collector_failure,11,2026-01-05T11:00:00Z,baseline,unique_failed_accounts,40.0,complete,True,20260916
collector_failure,12,2026-01-05T12:00:00Z,baseline,unique_failed_accounts,43.0,complete,True,20260916
collector_failure,13,2026-01-05T13:00:00Z,baseline,unique_failed_accounts,42.0,complete,True,20260916
collector_failure,14,2026-01-05T14:00:00Z,baseline,unique_failed_accounts,43.0,complete,True,20260916
collector_failure,15,2026-01-05T15:00:00Z,baseline,unique_failed_accounts,39.0,complete,True,20260916
collector_failure,16,2026-01-05T16:00:00Z,baseline,unique_failed_accounts,39.0,complete,True,20260916
collector_failure,17,2026-01-05T17:00:00Z,baseline,unique_failed_accounts,41.0,complete,True,20260916
collector_failure,18,2026-01-05T18:00:00Z,baseline,unique_failed_accounts,43.0,complete,True,20260916
collector_failure,19,2026-01-05T19:00:00Z,baseline,unique_failed_accounts,42.0,complete,True,20260916
collector_failure,20,2026-01-05T20:00:00Z,baseline,unique_failed_accounts,39.0,complete,True,20260916
collector_failure,21,2026-01-05T21:00:00Z,baseline,unique_failed_accounts,33.0,complete,True,20260916
collector_failure,22,2026-01-05T22:00:00Z,baseline,unique_failed_accounts,28.0,complete,True,20260916
collector_failure,23,2026-01-05T23:00:00Z,baseline,unique_failed_accounts,25.0,complete,True,20260916
collector_failure,24,2026-01-06T00:00:00Z,baseline,unique_failed_accounts,28.0,complete,True,20260916
collector_failure,25,2026-01-06T01:00:00Z,baseline,unique_failed_accounts,22.0,complete,True,20260916
collector_failure,26,2026-01-06T02:00:00Z,baseline,unique_failed_accounts,27.0,complete,True,20260916
collector_failure,27,2026-01-06T03:00:00Z,baseline,unique_failed_accounts,26.0,complete,True,20260916
collector_failure,28,2026-01-06T04:00:00Z,baseline,unique_failed_accounts,26.0,complete,True,20260916
collector_failure,29,2026-01-06T05:00:00Z,baseline,unique_failed_accounts,24.0,complete,True,20260916
collector_failure,30,2026-01-06T06:00:00Z,baseline,unique_failed_accounts,31.0,complete,True,20260916
collector_failure,31,2026-01-06T07:00:00Z,baseline,unique_failed_accounts,33.0,complete,True,20260916
collector_failure,32,2026-01-06T08:00:00Z,baseline,unique_failed_accounts,31.0,complete,True,20260916
collector_failure,33,2026-01-06T09:00:00Z,baseline,unique_failed_accounts,33.0,complete,True,20260916
collector_failure,34,2026-01-06T10:00:00Z,baseline,unique_failed_accounts,35.0,complete,True,20260916
collector_failure,35,2026-01-06T11:00:00Z,baseline,unique_failed_accounts,35.0,complete,True,20260916
collector_failure,36,2026-01-06T12:00:00Z,baseline,unique_failed_accounts,50.0,complete,True,20260916
collector_failure,37,2026-01-06T13:00:00Z,baseline,unique_failed_accounts,41.0,complete,True,20260916
collector_failure,38,2026-01-06T14:00:00Z,baseline,unique_failed_accounts,46.0,complete,True,20260916
collector_failure,39,2026-01-06T15:00:00Z,baseline,unique_failed_accounts,44.0,complete,True,20260916
collector_failure,40,2026-01-06T16:00:00Z,baseline,unique_failed_accounts,44.0,complete,True,20260916
collector_failure,41,2026-01-06T17:00:00Z,baseline,unique_failed_accounts,41.0,complete,True,20260916
collector_failure,42,2026-01-06T18:00:00Z,baseline,unique_failed_accounts,39.0,complete,True,20260916
collector_failure,43,2026-01-06T19:00:00Z,baseline,unique_failed_accounts,35.0,complete,True,20260916
collector_failure,44,2026-01-06T20:00:00Z,baseline,unique_failed_accounts,38.0,complete,True,20260916
collector_failure,45,2026-01-06T21:00:00Z,baseline,unique_failed_accounts,32.0,complete,True,20260916
collector_failure,46,2026-01-06T22:00:00Z,baseline,unique_failed_accounts,32.0,complete,True,20260916
collector_failure,47,2026-01-06T23:00:00Z,baseline,unique_failed_accounts,29.0,complete,True,20260916
collector_failure,48,2026-01-07T00:00:00Z,target,unique_failed_accounts,28,complete,True,20260916
collector_failure,0,2026-01-05T00:00:00Z,baseline,unique_source_ips,178.0,complete,True,20260916
collector_failure,1,2026-01-05T01:00:00Z,baseline,unique_source_ips,190.0,complete,True,20260916
collector_failure,2,2026-01-05T02:00:00Z,baseline,unique_source_ips,214.0,complete,True,20260916
collector_failure,3,2026-01-05T03:00:00Z,baseline,unique_source_ips,207.0,complete,True,20260916
collector_failure,4,2026-01-05T04:00:00Z,baseline,unique_source_ips,186.0,complete,True,20260916
collector_failure,5,2026-01-05T05:00:00Z,baseline,unique_source_ips,208.0,complete,True,20260916
collector_failure,6,2026-01-05T06:00:00Z,baseline,unique_source_ips,198.0,complete,True,20260916
collector_failure,7,2026-01-05T07:00:00Z,baseline,unique_source_ips,234.0,complete,True,20260916
collector_failure,8,2026-01-05T08:00:00Z,baseline,unique_source_ips,273.0,complete,True,20260916
collector_failure,9,2026-01-05T09:00:00Z,baseline,unique_source_ips,227.0,complete,True,20260916
collector_failure,10,2026-01-05T10:00:00Z,baseline,unique_source_ips,273.0,complete,True,20260916
collector_failure,11,2026-01-05T11:00:00Z,baseline,unique_source_ips,285.0,complete,True,20260916
collector_failure,12,2026-01-05T12:00:00Z,baseline,unique_source_ips,273.0,complete,True,20260916
collector_failure,13,2026-01-05T13:00:00Z,baseline,unique_source_ips,323.0,complete,True,20260916
collector_failure,14,2026-01-05T14:00:00Z,baseline,unique_source_ips,236.0,complete,True,20260916
collector_failure,15,2026-01-05T15:00:00Z,baseline,unique_source_ips,306.0,complete,True,20260916
collector_failure,16,2026-01-05T16:00:00Z,baseline,unique_source_ips,280.0,complete,True,20260916
collector_failure,17,2026-01-05T17:00:00Z,baseline,unique_source_ips,301.0,complete,True,20260916
collector_failure,18,2026-01-05T18:00:00Z,baseline,unique_source_ips,247.0,complete,True,20260916
collector_failure,19,2026-01-05T19:00:00Z,baseline,unique_source_ips,246.0,complete,True,20260916
collector_failure,20,2026-01-05T20:00:00Z,baseline,unique_source_ips,226.0,complete,True,20260916
collector_failure,21,2026-01-05T21:00:00Z,baseline,unique_source_ips,248.0,complete,True,20260916
collector_failure,22,2026-01-05T22:00:00Z,baseline,unique_source_ips,235.0,complete,True,20260916
collector_failure,23,2026-01-05T23:00:00Z,baseline,unique_source_ips,227.0,complete,True,20260916
collector_failure,24,2026-01-06T00:00:00Z,baseline,unique_source_ips,214.0,complete,True,20260916
collector_failure,25,2026-01-06T01:00:00Z,baseline,unique_source_ips,174.0,complete,True,20260916
collector_failure,26,2026-01-06T02:00:00Z,baseline,unique_source_ips,178.0,complete,True,20260916
collector_failure,27,2026-01-06T03:00:00Z,baseline,unique_source_ips,206.0,complete,True,20260916
collector_failure,28,2026-01-06T04:00:00Z,baseline,unique_source_ips,215.0,complete,True,20260916
collector_failure,29,2026-01-06T05:00:00Z,baseline,unique_source_ips,216.0,complete,True,20260916
collector_failure,30,2026-01-06T06:00:00Z,baseline,unique_source_ips,240.0,complete,True,20260916
collector_failure,31,2026-01-06T07:00:00Z,baseline,unique_source_ips,234.0,complete,True,20260916
collector_failure,32,2026-01-06T08:00:00Z,baseline,unique_source_ips,246.0,complete,True,20260916
collector_failure,33,2026-01-06T09:00:00Z,baseline,unique_source_ips,242.0,complete,True,20260916
collector_failure,34,2026-01-06T10:00:00Z,baseline,unique_source_ips,284.0,complete,True,20260916
collector_failure,35,2026-01-06T11:00:00Z,baseline,unique_source_ips,324.0,complete,True,20260916
collector_failure,36,2026-01-06T12:00:00Z,baseline,unique_source_ips,278.0,complete,True,20260916
collector_failure,37,2026-01-06T13:00:00Z,baseline,unique_source_ips,278.0,complete,True,20260916
collector_failure,38,2026-01-06T14:00:00Z,baseline,unique_source_ips,246.0,complete,True,20260916
collector_failure,39,2026-01-06T15:00:00Z,baseline,unique_source_ips,312.0,complete,True,20260916
collector_failure,40,2026-01-06T16:00:00Z,baseline,unique_source_ips,308.0,complete,True,20260916
collector_failure,41,2026-01-06T17:00:00Z,baseline,unique_source_ips,307.0,complete,True,20260916
collector_failure,42,2026-01-06T18:00:00Z,baseline,unique_source_ips,292.0,complete,True,20260916
collector_failure,43,2026-01-06T19:00:00Z,baseline,unique_source_ips,239.0,complete,True,20260916
collector_failure,44,2026-01-06T20:00:00Z,baseline,unique_source_ips,257.0,complete,True,20260916
collector_failure,45,2026-01-06T21:00:00Z,baseline,unique_source_ips,278.0,complete,True,20260916
collector_failure,46,2026-01-06T22:00:00Z,baseline,unique_source_ips,219.0,complete,True,20260916
collector_failure,47,2026-01-06T23:00:00Z,baseline,unique_source_ips,233.0,complete,True,20260916
collector_failure,48,2026-01-07T00:00:00Z,target,unique_source_ips,184,complete,True,20260916
collector_failure,0,2026-01-05T00:00:00Z,baseline,successful_logins,907.0,complete,True,20260916
collector_failure,1,2026-01-05T01:00:00Z,baseline,successful_logins,920.0,complete,True,20260916
collector_failure,2,2026-01-05T02:00:00Z,baseline,successful_logins,911.0,complete,True,20260916
collector_failure,3,2026-01-05T03:00:00Z,baseline,successful_logins,955.0,complete,True,20260916
collector_failure,4,2026-01-05T04:00:00Z,baseline,successful_logins,1011.0,complete,True,20260916
collector_failure,5,2026-01-05T05:00:00Z,baseline,successful_logins,1044.0,complete,True,20260916
collector_failure,6,2026-01-05T06:00:00Z,baseline,successful_logins,1076.0,complete,True,20260916
collector_failure,7,2026-01-05T07:00:00Z,baseline,successful_logins,1345.0,complete,True,20260916
collector_failure,8,2026-01-05T08:00:00Z,baseline,successful_logins,1522.0,complete,True,20260916
collector_failure,9,2026-01-05T09:00:00Z,baseline,successful_logins,1756.0,complete,True,20260916
collector_failure,10,2026-01-05T10:00:00Z,baseline,successful_logins,1778.0,complete,True,20260916
collector_failure,11,2026-01-05T11:00:00Z,baseline,successful_logins,2078.0,complete,True,20260916
collector_failure,12,2026-01-05T12:00:00Z,baseline,successful_logins,2049.0,complete,True,20260916
collector_failure,13,2026-01-05T13:00:00Z,baseline,successful_logins,2316.0,complete,True,20260916
collector_failure,14,2026-01-05T14:00:00Z,baseline,successful_logins,2169.0,complete,True,20260916
collector_failure,15,2026-01-05T15:00:00Z,baseline,successful_logins,2199.0,complete,True,20260916
collector_failure,16,2026-01-05T16:00:00Z,baseline,successful_logins,1860.0,complete,True,20260916
collector_failure,17,2026-01-05T17:00:00Z,baseline,successful_logins,1911.0,complete,True,20260916
collector_failure,18,2026-01-05T18:00:00Z,baseline,successful_logins,1837.0,complete,True,20260916
collector_failure,19,2026-01-05T19:00:00Z,baseline,successful_logins,1803.0,complete,True,20260916
collector_failure,20,2026-01-05T20:00:00Z,baseline,successful_logins,1668.0,complete,True,20260916
collector_failure,21,2026-01-05T21:00:00Z,baseline,successful_logins,1340.0,complete,True,20260916
collector_failure,22,2026-01-05T22:00:00Z,baseline,successful_logins,1138.0,complete,True,20260916
collector_failure,23,2026-01-05T23:00:00Z,baseline,successful_logins,1117.0,complete,True,20260916
collector_failure,24,2026-01-06T00:00:00Z,baseline,successful_logins,1007.0,complete,True,20260916
collector_failure,25,2026-01-06T01:00:00Z,baseline,successful_logins,928.0,complete,True,20260916
collector_failure,26,2026-01-06T02:00:00Z,baseline,successful_logins,957.0,complete,True,20260916
collector_failure,27,2026-01-06T03:00:00Z,baseline,successful_logins,1013.0,complete,True,20260916
collector_failure,28,2026-01-06T04:00:00Z,baseline,successful_logins,1054.0,complete,True,20260916
collector_failure,29,2026-01-06T05:00:00Z,baseline,successful_logins,1087.0,complete,True,20260916
collector_failure,30,2026-01-06T06:00:00Z,baseline,successful_logins,1262.0,complete,True,20260916
collector_failure,31,2026-01-06T07:00:00Z,baseline,successful_logins,1418.0,complete,True,20260916
collector_failure,32,2026-01-06T08:00:00Z,baseline,successful_logins,1409.0,complete,True,20260916
collector_failure,33,2026-01-06T09:00:00Z,baseline,successful_logins,1655.0,complete,True,20260916
collector_failure,34,2026-01-06T10:00:00Z,baseline,successful_logins,2014.0,complete,True,20260916
collector_failure,35,2026-01-06T11:00:00Z,baseline,successful_logins,2008.0,complete,True,20260916
collector_failure,36,2026-01-06T12:00:00Z,baseline,successful_logins,2001.0,complete,True,20260916
collector_failure,37,2026-01-06T13:00:00Z,baseline,successful_logins,2319.0,complete,True,20260916
collector_failure,38,2026-01-06T14:00:00Z,baseline,successful_logins,2320.0,complete,True,20260916
collector_failure,39,2026-01-06T15:00:00Z,baseline,successful_logins,2181.0,complete,True,20260916
collector_failure,40,2026-01-06T16:00:00Z,baseline,successful_logins,2219.0,complete,True,20260916
collector_failure,41,2026-01-06T17:00:00Z,baseline,successful_logins,1842.0,complete,True,20260916
collector_failure,42,2026-01-06T18:00:00Z,baseline,successful_logins,1787.0,complete,True,20260916
collector_failure,43,2026-01-06T19:00:00Z,baseline,successful_logins,1730.0,complete,True,20260916
collector_failure,44,2026-01-06T20:00:00Z,baseline,successful_logins,1432.0,complete,True,20260916
collector_failure,45,2026-01-06T21:00:00Z,baseline,successful_logins,1355.0,complete,True,20260916
collector_failure,46,2026-01-06T22:00:00Z,baseline,successful_logins,1212.0,complete,True,20260916
collector_failure,47,2026-01-06T23:00:00Z,baseline,successful_logins,971.0,complete,True,20260916
collector_failure,48,2026-01-07T00:00:00Z,target,successful_logins,1063,complete,True,20260916
collector_failure,0,2026-01-05T00:00:00Z,baseline,privileged_changes,1.0,complete,True,20260916
collector_failure,1,2026-01-05T01:00:00Z,baseline,privileged_changes,2.0,complete,True,20260916
collector_failure,2,2026-01-05T02:00:00Z,baseline,privileged_changes,2.0,complete,True,20260916
collector_failure,3,2026-01-05T03:00:00Z,baseline,privileged_changes,1.0,complete,True,20260916
collector_failure,4,2026-01-05T04:00:00Z,baseline,privileged_changes,3.0,complete,True,20260916
collector_failure,5,2026-01-05T05:00:00Z,baseline,privileged_changes,2.0,complete,True,20260916
collector_failure,6,2026-01-05T06:00:00Z,baseline,privileged_changes,1.0,complete,True,20260916
collector_failure,7,2026-01-05T07:00:00Z,baseline,privileged_changes,2.0,complete,True,20260916
collector_failure,8,2026-01-05T08:00:00Z,baseline,privileged_changes,2.0,complete,True,20260916
collector_failure,9,2026-01-05T09:00:00Z,baseline,privileged_changes,3.0,complete,True,20260916
collector_failure,10,2026-01-05T10:00:00Z,baseline,privileged_changes,2.0,complete,True,20260916
collector_failure,11,2026-01-05T11:00:00Z,baseline,privileged_changes,2.0,complete,True,20260916
collector_failure,12,2026-01-05T12:00:00Z,baseline,privileged_changes,3.0,complete,True,20260916
collector_failure,13,2026-01-05T13:00:00Z,baseline,privileged_changes,2.0,complete,True,20260916
collector_failure,14,2026-01-05T14:00:00Z,baseline,privileged_changes,2.0,complete,True,20260916
collector_failure,15,2026-01-05T15:00:00Z,baseline,privileged_changes,2.0,complete,True,20260916
collector_failure,16,2026-01-05T16:00:00Z,baseline,privileged_changes,1.0,complete,True,20260916
collector_failure,17,2026-01-05T17:00:00Z,baseline,privileged_changes,2.0,complete,True,20260916
collector_failure,18,2026-01-05T18:00:00Z,baseline,privileged_changes,2.0,complete,True,20260916
collector_failure,19,2026-01-05T19:00:00Z,baseline,privileged_changes,2.0,complete,True,20260916
collector_failure,20,2026-01-05T20:00:00Z,baseline,privileged_changes,2.0,complete,True,20260916
collector_failure,21,2026-01-05T21:00:00Z,baseline,privileged_changes,1.0,complete,True,20260916
collector_failure,22,2026-01-05T22:00:00Z,baseline,privileged_changes,2.0,complete,True,20260916
collector_failure,23,2026-01-05T23:00:00Z,baseline,privileged_changes,1.0,complete,True,20260916
collector_failure,24,2026-01-06T00:00:00Z,baseline,privileged_changes,1.0,complete,True,20260916
collector_failure,25,2026-01-06T01:00:00Z,baseline,privileged_changes,2.0,complete,True,20260916
collector_failure,26,2026-01-06T02:00:00Z,baseline,privileged_changes,2.0,complete,True,20260916
collector_failure,27,2026-01-06T03:00:00Z,baseline,privileged_changes,1.0,complete,True,20260916
collector_failure,28,2026-01-06T04:00:00Z,baseline,privileged_changes,1.0,complete,True,20260916
collector_failure,29,2026-01-06T05:00:00Z,baseline,privileged_changes,2.0,complete,True,20260916
collector_failure,30,2026-01-06T06:00:00Z,baseline,privileged_changes,2.0,complete,True,20260916
collector_failure,31,2026-01-06T07:00:00Z,baseline,privileged_changes,2.0,complete,True,20260916
collector_failure,32,2026-01-06T08:00:00Z,baseline,privileged_changes,2.0,complete,True,20260916
collector_failure,33,2026-01-06T09:00:00Z,baseline,privileged_changes,2.0,complete,True,20260916
collector_failure,34,2026-01-06T10:00:00Z,baseline,privileged_changes,2.0,complete,True,20260916
collector_failure,35,2026-01-06T11:00:00Z,baseline,privileged_changes,3.0,complete,True,20260916
collector_failure,36,2026-01-06T12:00:00Z,baseline,privileged_changes,3.0,complete,True,20260916
collector_failure,37,2026-01-06T13:00:00Z,baseline,privileged_changes,1.0,complete,True,20260916
collector_failure,38,2026-01-06T14:00:00Z,baseline,privileged_changes,2.0,complete,True,20260916
collector_failure,39,2026-01-06T15:00:00Z,baseline,privileged_changes,1.0,complete,True,20260916
collector_failure,40,2026-01-06T16:00:00Z,baseline,privileged_changes,2.0,complete,True,20260916
collector_failure,41,2026-01-06T17:00:00Z,baseline,privileged_changes,2.0,complete,True,20260916
collector_failure,42,2026-01-06T18:00:00Z,baseline,privileged_changes,3.0,complete,True,20260916
collector_failure,43,2026-01-06T19:00:00Z,baseline,privileged_changes,2.0,complete,True,20260916
collector_failure,44,2026-01-06T20:00:00Z,baseline,privileged_changes,2.0,complete,True,20260916
collector_failure,45,2026-01-06T21:00:00Z,baseline,privileged_changes,2.0,complete,True,20260916
collector_failure,46,2026-01-06T22:00:00Z,baseline,privileged_changes,2.0,complete,True,20260916
collector_failure,47,2026-01-06T23:00:00Z,baseline,privileged_changes,2.0,complete,True,20260916
collector_failure,48,2026-01-07T00:00:00Z,target,privileged_changes,1,complete,True,20260916
collector_failure,0,2026-01-05T00:00:00Z,baseline,outbound_mb,614.771,complete,True,20260916
collector_failure,1,2026-01-05T01:00:00Z,baseline,outbound_mb,532.901,complete,True,20260916
collector_failure,2,2026-01-05T02:00:00Z,baseline,outbound_mb,576.203,complete,True,20260916
collector_failure,3,2026-01-05T03:00:00Z,baseline,outbound_mb,517.36,complete,True,20260916
collector_failure,4,2026-01-05T04:00:00Z,baseline,outbound_mb,593.535,complete,True,20260916
collector_failure,5,2026-01-05T05:00:00Z,baseline,outbound_mb,573.454,complete,True,20260916
collector_failure,6,2026-01-05T06:00:00Z,baseline,outbound_mb,649.354,complete,True,20260916
collector_failure,7,2026-01-05T07:00:00Z,baseline,outbound_mb,774.975,complete,True,20260916
collector_failure,8,2026-01-05T08:00:00Z,baseline,outbound_mb,864.184,complete,True,20260916
collector_failure,9,2026-01-05T09:00:00Z,baseline,outbound_mb,910.729,complete,True,20260916
collector_failure,10,2026-01-05T10:00:00Z,baseline,outbound_mb,1091.306,complete,True,20260916
collector_failure,11,2026-01-05T11:00:00Z,baseline,outbound_mb,1053.164,complete,True,20260916
collector_failure,12,2026-01-05T12:00:00Z,baseline,outbound_mb,1030.98,complete,True,20260916
collector_failure,13,2026-01-05T13:00:00Z,baseline,outbound_mb,1323.419,complete,True,20260916
collector_failure,14,2026-01-05T14:00:00Z,baseline,outbound_mb,1093.27,complete,True,20260916
collector_failure,15,2026-01-05T15:00:00Z,baseline,outbound_mb,1186.825,complete,True,20260916
collector_failure,16,2026-01-05T16:00:00Z,baseline,outbound_mb,1219.97,complete,True,20260916
collector_failure,17,2026-01-05T17:00:00Z,baseline,outbound_mb,908.141,complete,True,20260916
collector_failure,18,2026-01-05T18:00:00Z,baseline,outbound_mb,1113.769,complete,True,20260916
collector_failure,19,2026-01-05T19:00:00Z,baseline,outbound_mb,915.363,complete,True,20260916
collector_failure,20,2026-01-05T20:00:00Z,baseline,outbound_mb,759.896,complete,True,20260916
collector_failure,21,2026-01-05T21:00:00Z,baseline,outbound_mb,759.887,complete,True,20260916
collector_failure,22,2026-01-05T22:00:00Z,baseline,outbound_mb,695.586,complete,True,20260916
collector_failure,23,2026-01-05T23:00:00Z,baseline,outbound_mb,706.692,complete,True,20260916
collector_failure,24,2026-01-06T00:00:00Z,baseline,outbound_mb,609.52,complete,True,20260916
collector_failure,25,2026-01-06T01:00:00Z,baseline,outbound_mb,574.618,complete,True,20260916
collector_failure,26,2026-01-06T02:00:00Z,baseline,outbound_mb,506.405,complete,True,20260916
collector_failure,27,2026-01-06T03:00:00Z,baseline,outbound_mb,581.662,complete,True,20260916
collector_failure,28,2026-01-06T04:00:00Z,baseline,outbound_mb,634.118,complete,True,20260916
collector_failure,29,2026-01-06T05:00:00Z,baseline,outbound_mb,642.805,complete,True,20260916
collector_failure,30,2026-01-06T06:00:00Z,baseline,outbound_mb,675.129,complete,True,20260916
collector_failure,31,2026-01-06T07:00:00Z,baseline,outbound_mb,870.025,complete,True,20260916
collector_failure,32,2026-01-06T08:00:00Z,baseline,outbound_mb,848.385,complete,True,20260916
collector_failure,33,2026-01-06T09:00:00Z,baseline,outbound_mb,947.863,complete,True,20260916
collector_failure,34,2026-01-06T10:00:00Z,baseline,outbound_mb,1047.067,complete,True,20260916
collector_failure,35,2026-01-06T11:00:00Z,baseline,outbound_mb,1013.574,complete,True,20260916
collector_failure,36,2026-01-06T12:00:00Z,baseline,outbound_mb,1016.639,complete,True,20260916
collector_failure,37,2026-01-06T13:00:00Z,baseline,outbound_mb,1155.846,complete,True,20260916
collector_failure,38,2026-01-06T14:00:00Z,baseline,outbound_mb,1030.756,complete,True,20260916
collector_failure,39,2026-01-06T15:00:00Z,baseline,outbound_mb,1153.453,complete,True,20260916
collector_failure,40,2026-01-06T16:00:00Z,baseline,outbound_mb,1240.081,complete,True,20260916
collector_failure,41,2026-01-06T17:00:00Z,baseline,outbound_mb,1127.93,complete,True,20260916
collector_failure,42,2026-01-06T18:00:00Z,baseline,outbound_mb,1107.46,complete,True,20260916
collector_failure,43,2026-01-06T19:00:00Z,baseline,outbound_mb,932.63,complete,True,20260916
collector_failure,44,2026-01-06T20:00:00Z,baseline,outbound_mb,841.97,complete,True,20260916
collector_failure,45,2026-01-06T21:00:00Z,baseline,outbound_mb,697.38,complete,True,20260916
collector_failure,46,2026-01-06T22:00:00Z,baseline,outbound_mb,793.825,complete,True,20260916
collector_failure,47,2026-01-06T23:00:00Z,baseline,outbound_mb,668.697,complete,True,20260916
collector_failure,48,2026-01-07T00:00:00Z,target,outbound_mb,583.011,complete,True,20260916
collector_failure,0,2026-01-05T00:00:00Z,baseline,api_5xx,9.0,complete,True,20260916
collector_failure,1,2026-01-05T01:00:00Z,baseline,api_5xx,13.0,complete,True,20260916
collector_failure,2,2026-01-05T02:00:00Z,baseline,api_5xx,12.0,complete,True,20260916
collector_failure,3,2026-01-05T03:00:00Z,baseline,api_5xx,17.0,complete,True,20260916
collector_failure,4,2026-01-05T04:00:00Z,baseline,api_5xx,13.0,complete,True,20260916
collector_failure,5,2026-01-05T05:00:00Z,baseline,api_5xx,16.0,complete,True,20260916
collector_failure,6,2026-01-05T06:00:00Z,baseline,api_5xx,17.0,complete,True,20260916
collector_failure,7,2026-01-05T07:00:00Z,baseline,api_5xx,15.0,complete,True,20260916
collector_failure,8,2026-01-05T08:00:00Z,baseline,api_5xx,19.0,complete,True,20260916
collector_failure,9,2026-01-05T09:00:00Z,baseline,api_5xx,23.0,complete,True,20260916
collector_failure,10,2026-01-05T10:00:00Z,baseline,api_5xx,19.0,complete,True,20260916
collector_failure,11,2026-01-05T11:00:00Z,baseline,api_5xx,16.0,complete,True,20260916
collector_failure,12,2026-01-05T12:00:00Z,baseline,api_5xx,21.0,complete,True,20260916
collector_failure,13,2026-01-05T13:00:00Z,baseline,api_5xx,23.0,complete,True,20260916
collector_failure,14,2026-01-05T14:00:00Z,baseline,api_5xx,24.0,complete,True,20260916
collector_failure,15,2026-01-05T15:00:00Z,baseline,api_5xx,19.0,complete,True,20260916
collector_failure,16,2026-01-05T16:00:00Z,baseline,api_5xx,23.0,complete,True,20260916
collector_failure,17,2026-01-05T17:00:00Z,baseline,api_5xx,25.0,complete,True,20260916
collector_failure,18,2026-01-05T18:00:00Z,baseline,api_5xx,23.0,complete,True,20260916
collector_failure,19,2026-01-05T19:00:00Z,baseline,api_5xx,18.0,complete,True,20260916
collector_failure,20,2026-01-05T20:00:00Z,baseline,api_5xx,21.0,complete,True,20260916
collector_failure,21,2026-01-05T21:00:00Z,baseline,api_5xx,15.0,complete,True,20260916
collector_failure,22,2026-01-05T22:00:00Z,baseline,api_5xx,15.0,complete,True,20260916
collector_failure,23,2026-01-05T23:00:00Z,baseline,api_5xx,9.0,complete,True,20260916
collector_failure,24,2026-01-06T00:00:00Z,baseline,api_5xx,12.0,complete,True,20260916
collector_failure,25,2026-01-06T01:00:00Z,baseline,api_5xx,17.0,complete,True,20260916
collector_failure,26,2026-01-06T02:00:00Z,baseline,api_5xx,10.0,complete,True,20260916
collector_failure,27,2026-01-06T03:00:00Z,baseline,api_5xx,15.0,complete,True,20260916
collector_failure,28,2026-01-06T04:00:00Z,baseline,api_5xx,13.0,complete,True,20260916
collector_failure,29,2026-01-06T05:00:00Z,baseline,api_5xx,11.0,complete,True,20260916
collector_failure,30,2026-01-06T06:00:00Z,baseline,api_5xx,17.0,complete,True,20260916
collector_failure,31,2026-01-06T07:00:00Z,baseline,api_5xx,19.0,complete,True,20260916
collector_failure,32,2026-01-06T08:00:00Z,baseline,api_5xx,22.0,complete,True,20260916
collector_failure,33,2026-01-06T09:00:00Z,baseline,api_5xx,18.0,complete,True,20260916
collector_failure,34,2026-01-06T10:00:00Z,baseline,api_5xx,18.0,complete,True,20260916
collector_failure,35,2026-01-06T11:00:00Z,baseline,api_5xx,25.0,complete,True,20260916
collector_failure,36,2026-01-06T12:00:00Z,baseline,api_5xx,25.0,complete,True,20260916
collector_failure,37,2026-01-06T13:00:00Z,baseline,api_5xx,28.0,complete,True,20260916
collector_failure,38,2026-01-06T14:00:00Z,baseline,api_5xx,22.0,complete,True,20260916
collector_failure,39,2026-01-06T15:00:00Z,baseline,api_5xx,21.0,complete,True,20260916
collector_failure,40,2026-01-06T16:00:00Z,baseline,api_5xx,22.0,complete,True,20260916
collector_failure,41,2026-01-06T17:00:00Z,baseline,api_5xx,26.0,complete,True,20260916
collector_failure,42,2026-01-06T18:00:00Z,baseline,api_5xx,22.0,complete,True,20260916
collector_failure,43,2026-01-06T19:00:00Z,baseline,api_5xx,20.0,complete,True,20260916
collector_failure,44,2026-01-06T20:00:00Z,baseline,api_5xx,18.0,complete,True,20260916
collector_failure,45,2026-01-06T21:00:00Z,baseline,api_5xx,10.0,complete,True,20260916
collector_failure,46,2026-01-06T22:00:00Z,baseline,api_5xx,17.0,complete,True,20260916
collector_failure,47,2026-01-06T23:00:00Z,baseline,api_5xx,11.0,complete,True,20260916
collector_failure,48,2026-01-07T00:00:00Z,target,api_5xx,,failed,True,20260916
collector_failure,0,2026-01-05T00:00:00Z,baseline,endpoint_alerts,5.0,complete,True,20260916
collector_failure,1,2026-01-05T01:00:00Z,baseline,endpoint_alerts,6.0,complete,True,20260916
collector_failure,2,2026-01-05T02:00:00Z,baseline,endpoint_alerts,5.0,complete,True,20260916
collector_failure,3,2026-01-05T03:00:00Z,baseline,endpoint_alerts,4.0,complete,True,20260916
collector_failure,4,2026-01-05T04:00:00Z,baseline,endpoint_alerts,5.0,complete,True,20260916
collector_failure,5,2026-01-05T05:00:00Z,baseline,endpoint_alerts,2.0,complete,True,20260916
collector_failure,6,2026-01-05T06:00:00Z,baseline,endpoint_alerts,6.0,complete,True,20260916
collector_failure,7,2026-01-05T07:00:00Z,baseline,endpoint_alerts,6.0,complete,True,20260916
collector_failure,8,2026-01-05T08:00:00Z,baseline,endpoint_alerts,3.0,complete,True,20260916
collector_failure,9,2026-01-05T09:00:00Z,baseline,endpoint_alerts,5.0,complete,True,20260916
collector_failure,10,2026-01-05T10:00:00Z,baseline,endpoint_alerts,5.0,complete,True,20260916
collector_failure,11,2026-01-05T11:00:00Z,baseline,endpoint_alerts,6.0,complete,True,20260916
collector_failure,12,2026-01-05T12:00:00Z,baseline,endpoint_alerts,4.0,complete,True,20260916
collector_failure,13,2026-01-05T13:00:00Z,baseline,endpoint_alerts,5.0,complete,True,20260916
collector_failure,14,2026-01-05T14:00:00Z,baseline,endpoint_alerts,5.0,complete,True,20260916
collector_failure,15,2026-01-05T15:00:00Z,baseline,endpoint_alerts,8.0,complete,True,20260916
collector_failure,16,2026-01-05T16:00:00Z,baseline,endpoint_alerts,4.0,complete,True,20260916
collector_failure,17,2026-01-05T17:00:00Z,baseline,endpoint_alerts,3.0,complete,True,20260916
collector_failure,18,2026-01-05T18:00:00Z,baseline,endpoint_alerts,4.0,complete,True,20260916
collector_failure,19,2026-01-05T19:00:00Z,baseline,endpoint_alerts,6.0,complete,True,20260916
collector_failure,20,2026-01-05T20:00:00Z,baseline,endpoint_alerts,5.0,complete,True,20260916
collector_failure,21,2026-01-05T21:00:00Z,baseline,endpoint_alerts,5.0,complete,True,20260916
collector_failure,22,2026-01-05T22:00:00Z,baseline,endpoint_alerts,5.0,complete,True,20260916
collector_failure,23,2026-01-05T23:00:00Z,baseline,endpoint_alerts,4.0,complete,True,20260916
collector_failure,24,2026-01-06T00:00:00Z,baseline,endpoint_alerts,6.0,complete,True,20260916
collector_failure,25,2026-01-06T01:00:00Z,baseline,endpoint_alerts,4.0,complete,True,20260916
collector_failure,26,2026-01-06T02:00:00Z,baseline,endpoint_alerts,3.0,complete,True,20260916
collector_failure,27,2026-01-06T03:00:00Z,baseline,endpoint_alerts,3.0,complete,True,20260916
collector_failure,28,2026-01-06T04:00:00Z,baseline,endpoint_alerts,5.0,complete,True,20260916
collector_failure,29,2026-01-06T05:00:00Z,baseline,endpoint_alerts,2.0,complete,True,20260916
collector_failure,30,2026-01-06T06:00:00Z,baseline,endpoint_alerts,6.0,complete,True,20260916
collector_failure,31,2026-01-06T07:00:00Z,baseline,endpoint_alerts,4.0,complete,True,20260916
collector_failure,32,2026-01-06T08:00:00Z,baseline,endpoint_alerts,5.0,complete,True,20260916
collector_failure,33,2026-01-06T09:00:00Z,baseline,endpoint_alerts,4.0,complete,True,20260916
collector_failure,34,2026-01-06T10:00:00Z,baseline,endpoint_alerts,4.0,complete,True,20260916
collector_failure,35,2026-01-06T11:00:00Z,baseline,endpoint_alerts,4.0,complete,True,20260916
collector_failure,36,2026-01-06T12:00:00Z,baseline,endpoint_alerts,5.0,complete,True,20260916
collector_failure,37,2026-01-06T13:00:00Z,baseline,endpoint_alerts,4.0,complete,True,20260916
collector_failure,38,2026-01-06T14:00:00Z,baseline,endpoint_alerts,6.0,complete,True,20260916
collector_failure,39,2026-01-06T15:00:00Z,baseline,endpoint_alerts,3.0,complete,True,20260916
collector_failure,40,2026-01-06T16:00:00Z,baseline,endpoint_alerts,6.0,complete,True,20260916
collector_failure,41,2026-01-06T17:00:00Z,baseline,endpoint_alerts,7.0,complete,True,20260916
collector_failure,42,2026-01-06T18:00:00Z,baseline,endpoint_alerts,3.0,complete,True,20260916
collector_failure,43,2026-01-06T19:00:00Z,baseline,endpoint_alerts,5.0,complete,True,20260916
collector_failure,44,2026-01-06T20:00:00Z,baseline,endpoint_alerts,4.0,complete,True,20260916
collector_failure,45,2026-01-06T21:00:00Z,baseline,endpoint_alerts,5.0,complete,True,20260916
collector_failure,46,2026-01-06T22:00:00Z,baseline,endpoint_alerts,6.0,complete,True,20260916
collector_failure,47,2026-01-06T23:00:00Z,baseline,endpoint_alerts,6.0,complete,True,20260916
collector_failure,48,2026-01-07T00:00:00Z,target,endpoint_alerts,3,complete,True,20260916
collector_failure,0,2026-01-05T00:00:00Z,baseline,file_rename_events,34.0,complete,True,20260916
collector_failure,1,2026-01-05T01:00:00Z,baseline,file_rename_events,38.0,complete,True,20260916
collector_failure,2,2026-01-05T02:00:00Z,baseline,file_rename_events,35.0,complete,True,20260916
collector_failure,3,2026-01-05T03:00:00Z,baseline,file_rename_events,33.0,complete,True,20260916
collector_failure,4,2026-01-05T04:00:00Z,baseline,file_rename_events,32.0,complete,True,20260916
collector_failure,5,2026-01-05T05:00:00Z,baseline,file_rename_events,39.0,complete,True,20260916
collector_failure,6,2026-01-05T06:00:00Z,baseline,file_rename_events,45.0,complete,True,20260916
collector_failure,7,2026-01-05T07:00:00Z,baseline,file_rename_events,38.0,complete,True,20260916
collector_failure,8,2026-01-05T08:00:00Z,baseline,file_rename_events,50.0,complete,True,20260916
collector_failure,9,2026-01-05T09:00:00Z,baseline,file_rename_events,54.0,complete,True,20260916
collector_failure,10,2026-01-05T10:00:00Z,baseline,file_rename_events,39.0,complete,True,20260916
collector_failure,11,2026-01-05T11:00:00Z,baseline,file_rename_events,56.0,complete,True,20260916
collector_failure,12,2026-01-05T12:00:00Z,baseline,file_rename_events,51.0,complete,True,20260916
collector_failure,13,2026-01-05T13:00:00Z,baseline,file_rename_events,62.0,complete,True,20260916
collector_failure,14,2026-01-05T14:00:00Z,baseline,file_rename_events,52.0,complete,True,20260916
collector_failure,15,2026-01-05T15:00:00Z,baseline,file_rename_events,44.0,complete,True,20260916
collector_failure,16,2026-01-05T16:00:00Z,baseline,file_rename_events,51.0,complete,True,20260916
collector_failure,17,2026-01-05T17:00:00Z,baseline,file_rename_events,48.0,complete,True,20260916
collector_failure,18,2026-01-05T18:00:00Z,baseline,file_rename_events,53.0,complete,True,20260916
collector_failure,19,2026-01-05T19:00:00Z,baseline,file_rename_events,50.0,complete,True,20260916
collector_failure,20,2026-01-05T20:00:00Z,baseline,file_rename_events,35.0,complete,True,20260916
collector_failure,21,2026-01-05T21:00:00Z,baseline,file_rename_events,41.0,complete,True,20260916
collector_failure,22,2026-01-05T22:00:00Z,baseline,file_rename_events,39.0,complete,True,20260916
collector_failure,23,2026-01-05T23:00:00Z,baseline,file_rename_events,43.0,complete,True,20260916
collector_failure,24,2026-01-06T00:00:00Z,baseline,file_rename_events,38.0,complete,True,20260916
collector_failure,25,2026-01-06T01:00:00Z,baseline,file_rename_events,31.0,complete,True,20260916
collector_failure,26,2026-01-06T02:00:00Z,baseline,file_rename_events,39.0,complete,True,20260916
collector_failure,27,2026-01-06T03:00:00Z,baseline,file_rename_events,36.0,complete,True,20260916
collector_failure,28,2026-01-06T04:00:00Z,baseline,file_rename_events,36.0,complete,True,20260916
collector_failure,29,2026-01-06T05:00:00Z,baseline,file_rename_events,41.0,complete,True,20260916
collector_failure,30,2026-01-06T06:00:00Z,baseline,file_rename_events,39.0,complete,True,20260916
collector_failure,31,2026-01-06T07:00:00Z,baseline,file_rename_events,45.0,complete,True,20260916
collector_failure,32,2026-01-06T08:00:00Z,baseline,file_rename_events,44.0,complete,True,20260916
collector_failure,33,2026-01-06T09:00:00Z,baseline,file_rename_events,50.0,complete,True,20260916
collector_failure,34,2026-01-06T10:00:00Z,baseline,file_rename_events,45.0,complete,True,20260916
collector_failure,35,2026-01-06T11:00:00Z,baseline,file_rename_events,50.0,complete,True,20260916
collector_failure,36,2026-01-06T12:00:00Z,baseline,file_rename_events,47.0,complete,True,20260916
collector_failure,37,2026-01-06T13:00:00Z,baseline,file_rename_events,52.0,complete,True,20260916
collector_failure,38,2026-01-06T14:00:00Z,baseline,file_rename_events,54.0,complete,True,20260916
collector_failure,39,2026-01-06T15:00:00Z,baseline,file_rename_events,50.0,complete,True,20260916
collector_failure,40,2026-01-06T16:00:00Z,baseline,file_rename_events,59.0,complete,True,20260916
collector_failure,41,2026-01-06T17:00:00Z,baseline,file_rename_events,54.0,complete,True,20260916
collector_failure,42,2026-01-06T18:00:00Z,baseline,file_rename_events,41.0,complete,True,20260916
collector_failure,43,2026-01-06T19:00:00Z,baseline,file_rename_events,45.0,complete,True,20260916
collector_failure,44,2026-01-06T20:00:00Z,baseline,file_rename_events,41.0,complete,True,20260916
collector_failure,45,2026-01-06T21:00:00Z,baseline,file_rename_events,42.0,complete,True,20260916
collector_failure,46,2026-01-06T22:00:00Z,baseline,file_rename_events,36.0,complete,True,20260916
collector_failure,47,2026-01-06T23:00:00Z,baseline,file_rename_events,35.0,complete,True,20260916
collector_failure,48,2026-01-07T00:00:00Z,target,file_rename_events,36,complete,True,20260916
collector_failure,0,2026-01-05T00:00:00Z,baseline,inbound_requests,32384.0,complete,True,20260916
collector_failure,1,2026-01-05T01:00:00Z,baseline,inbound_requests,30717.0,complete,True,20260916
collector_failure,2,2026-01-05T02:00:00Z,baseline,inbound_requests,27309.0,complete,True,20260916
collector_failure,3,2026-01-05T03:00:00Z,baseline,inbound_requests,28829.0,complete,True,20260916
collector_failure,4,2026-01-05T04:00:00Z,baseline,inbound_requests,30646.0,complete,True,20260916
collector_failure,5,2026-01-05T05:00:00Z,baseline,inbound_requests,30119.0,complete,True,20260916
collector_failure,6,2026-01-05T06:00:00Z,baseline,inbound_requests,37440.0,complete,True,20260916
collector_failure,7,2026-01-05T07:00:00Z,baseline,inbound_requests,47459.0,complete,True,20260916
collector_failure,8,2026-01-05T08:00:00Z,baseline,inbound_requests,50594.0,complete,True,20260916
collector_failure,9,2026-01-05T09:00:00Z,baseline,inbound_requests,58180.0,complete,True,20260916
collector_failure,10,2026-01-05T10:00:00Z,baseline,inbound_requests,64089.0,complete,True,20260916
collector_failure,11,2026-01-05T11:00:00Z,baseline,inbound_requests,65782.0,complete,True,20260916
collector_failure,12,2026-01-05T12:00:00Z,baseline,inbound_requests,71920.0,complete,True,20260916
collector_failure,13,2026-01-05T13:00:00Z,baseline,inbound_requests,74745.0,complete,True,20260916
collector_failure,14,2026-01-05T14:00:00Z,baseline,inbound_requests,73634.0,complete,True,20260916
collector_failure,15,2026-01-05T15:00:00Z,baseline,inbound_requests,76058.0,complete,True,20260916
collector_failure,16,2026-01-05T16:00:00Z,baseline,inbound_requests,72929.0,complete,True,20260916
collector_failure,17,2026-01-05T17:00:00Z,baseline,inbound_requests,59713.0,complete,True,20260916
collector_failure,18,2026-01-05T18:00:00Z,baseline,inbound_requests,55751.0,complete,True,20260916
collector_failure,19,2026-01-05T19:00:00Z,baseline,inbound_requests,50869.0,complete,True,20260916
collector_failure,20,2026-01-05T20:00:00Z,baseline,inbound_requests,50707.0,complete,True,20260916
collector_failure,21,2026-01-05T21:00:00Z,baseline,inbound_requests,47139.0,complete,True,20260916
collector_failure,22,2026-01-05T22:00:00Z,baseline,inbound_requests,34991.0,complete,True,20260916
collector_failure,23,2026-01-05T23:00:00Z,baseline,inbound_requests,35556.0,complete,True,20260916
collector_failure,24,2026-01-06T00:00:00Z,baseline,inbound_requests,32311.0,complete,True,20260916
collector_failure,25,2026-01-06T01:00:00Z,baseline,inbound_requests,28457.0,complete,True,20260916
collector_failure,26,2026-01-06T02:00:00Z,baseline,inbound_requests,29160.0,complete,True,20260916
collector_failure,27,2026-01-06T03:00:00Z,baseline,inbound_requests,29005.0,complete,True,20260916
collector_failure,28,2026-01-06T04:00:00Z,baseline,inbound_requests,28515.0,complete,True,20260916
collector_failure,29,2026-01-06T05:00:00Z,baseline,inbound_requests,35417.0,complete,True,20260916
collector_failure,30,2026-01-06T06:00:00Z,baseline,inbound_requests,37194.0,complete,True,20260916
collector_failure,31,2026-01-06T07:00:00Z,baseline,inbound_requests,46791.0,complete,True,20260916
collector_failure,32,2026-01-06T08:00:00Z,baseline,inbound_requests,52010.0,complete,True,20260916
collector_failure,33,2026-01-06T09:00:00Z,baseline,inbound_requests,50213.0,complete,True,20260916
collector_failure,34,2026-01-06T10:00:00Z,baseline,inbound_requests,61768.0,complete,True,20260916
collector_failure,35,2026-01-06T11:00:00Z,baseline,inbound_requests,73673.0,complete,True,20260916
collector_failure,36,2026-01-06T12:00:00Z,baseline,inbound_requests,62922.0,complete,True,20260916
collector_failure,37,2026-01-06T13:00:00Z,baseline,inbound_requests,72190.0,complete,True,20260916
collector_failure,38,2026-01-06T14:00:00Z,baseline,inbound_requests,70866.0,complete,True,20260916
collector_failure,39,2026-01-06T15:00:00Z,baseline,inbound_requests,76874.0,complete,True,20260916
collector_failure,40,2026-01-06T16:00:00Z,baseline,inbound_requests,72676.0,complete,True,20260916
collector_failure,41,2026-01-06T17:00:00Z,baseline,inbound_requests,70491.0,complete,True,20260916
collector_failure,42,2026-01-06T18:00:00Z,baseline,inbound_requests,61076.0,complete,True,20260916
collector_failure,43,2026-01-06T19:00:00Z,baseline,inbound_requests,58570.0,complete,True,20260916
collector_failure,44,2026-01-06T20:00:00Z,baseline,inbound_requests,53816.0,complete,True,20260916
collector_failure,45,2026-01-06T21:00:00Z,baseline,inbound_requests,49726.0,complete,True,20260916
collector_failure,46,2026-01-06T22:00:00Z,baseline,inbound_requests,43059.0,complete,True,20260916
collector_failure,47,2026-01-06T23:00:00Z,baseline,inbound_requests,34958.0,complete,True,20260916
collector_failure,48,2026-01-07T00:00:00Z,target,inbound_requests,30337,complete,True,20260916
log_suppression_attack,0,2026-01-05T00:00:00Z,baseline,auth_failures,82.0,complete,True,20260917
log_suppression_attack,1,2026-01-05T01:00:00Z,baseline,auth_failures,61.0,complete,True,20260917
log_suppression_attack,2,2026-01-05T02:00:00Z,baseline,auth_failures,80.0,complete,True,20260917
log_suppression_attack,3,2026-01-05T03:00:00Z,baseline,auth_failures,61.0,complete,True,20260917
log_suppression_attack,4,2026-01-05T04:00:00Z,baseline,auth_failures,77.0,complete,True,20260917
log_suppression_attack,5,2026-01-05T05:00:00Z,baseline,auth_failures,89.0,complete,True,20260917
log_suppression_attack,6,2026-01-05T06:00:00Z,baseline,auth_failures,110.0,complete,True,20260917
log_suppression_attack,7,2026-01-05T07:00:00Z,baseline,auth_failures,102.0,complete,True,20260917
log_suppression_attack,8,2026-01-05T08:00:00Z,baseline,auth_failures,123.0,complete,True,20260917
log_suppression_attack,9,2026-01-05T09:00:00Z,baseline,auth_failures,134.0,complete,True,20260917
log_suppression_attack,10,2026-01-05T10:00:00Z,baseline,auth_failures,136.0,complete,True,20260917
log_suppression_attack,11,2026-01-05T11:00:00Z,baseline,auth_failures,156.0,complete,True,20260917
log_suppression_attack,12,2026-01-05T12:00:00Z,baseline,auth_failures,157.0,complete,True,20260917
log_suppression_attack,13,2026-01-05T13:00:00Z,baseline,auth_failures,161.0,complete,True,20260917
log_suppression_attack,14,2026-01-05T14:00:00Z,baseline,auth_failures,138.0,complete,True,20260917
log_suppression_attack,15,2026-01-05T15:00:00Z,baseline,auth_failures,147.0,complete,True,20260917
log_suppression_attack,16,2026-01-05T16:00:00Z,baseline,auth_failures,145.0,complete,True,20260917
log_suppression_attack,17,2026-01-05T17:00:00Z,baseline,auth_failures,127.0,complete,True,20260917
log_suppression_attack,18,2026-01-05T18:00:00Z,baseline,auth_failures,163.0,complete,True,20260917
log_suppression_attack,19,2026-01-05T19:00:00Z,baseline,auth_failures,120.0,complete,True,20260917
log_suppression_attack,20,2026-01-05T20:00:00Z,baseline,auth_failures,123.0,complete,True,20260917
log_suppression_attack,21,2026-01-05T21:00:00Z,baseline,auth_failures,125.0,complete,True,20260917
log_suppression_attack,22,2026-01-05T22:00:00Z,baseline,auth_failures,91.0,complete,True,20260917
log_suppression_attack,23,2026-01-05T23:00:00Z,baseline,auth_failures,95.0,complete,True,20260917
log_suppression_attack,24,2026-01-06T00:00:00Z,baseline,auth_failures,88.0,complete,True,20260917
log_suppression_attack,25,2026-01-06T01:00:00Z,baseline,auth_failures,95.0,complete,True,20260917
log_suppression_attack,26,2026-01-06T02:00:00Z,baseline,auth_failures,89.0,complete,True,20260917
log_suppression_attack,27,2026-01-06T03:00:00Z,baseline,auth_failures,87.0,complete,True,20260917
log_suppression_attack,28,2026-01-06T04:00:00Z,baseline,auth_failures,103.0,complete,True,20260917
log_suppression_attack,29,2026-01-06T05:00:00Z,baseline,auth_failures,89.0,complete,True,20260917
log_suppression_attack,30,2026-01-06T06:00:00Z,baseline,auth_failures,109.0,complete,True,20260917
log_suppression_attack,31,2026-01-06T07:00:00Z,baseline,auth_failures,108.0,complete,True,20260917
log_suppression_attack,32,2026-01-06T08:00:00Z,baseline,auth_failures,139.0,complete,True,20260917
log_suppression_attack,33,2026-01-06T09:00:00Z,baseline,auth_failures,134.0,complete,True,20260917
log_suppression_attack,34,2026-01-06T10:00:00Z,baseline,auth_failures,122.0,complete,True,20260917
log_suppression_attack,35,2026-01-06T11:00:00Z,baseline,auth_failures,149.0,complete,True,20260917
log_suppression_attack,36,2026-01-06T12:00:00Z,baseline,auth_failures,156.0,complete,True,20260917
log_suppression_attack,37,2026-01-06T13:00:00Z,baseline,auth_failures,204.0,complete,True,20260917
log_suppression_attack,38,2026-01-06T14:00:00Z,baseline,auth_failures,155.0,complete,True,20260917
log_suppression_attack,39,2026-01-06T15:00:00Z,baseline,auth_failures,163.0,complete,True,20260917
log_suppression_attack,40,2026-01-06T16:00:00Z,baseline,auth_failures,161.0,complete,True,20260917
log_suppression_attack,41,2026-01-06T17:00:00Z,baseline,auth_failures,160.0,complete,True,20260917
log_suppression_attack,42,2026-01-06T18:00:00Z,baseline,auth_failures,172.0,complete,True,20260917
log_suppression_attack,43,2026-01-06T19:00:00Z,baseline,auth_failures,131.0,complete,True,20260917
log_suppression_attack,44,2026-01-06T20:00:00Z,baseline,auth_failures,126.0,complete,True,20260917
log_suppression_attack,45,2026-01-06T21:00:00Z,baseline,auth_failures,127.0,complete,True,20260917
log_suppression_attack,46,2026-01-06T22:00:00Z,baseline,auth_failures,130.0,complete,True,20260917
log_suppression_attack,47,2026-01-06T23:00:00Z,baseline,auth_failures,97.0,complete,True,20260917
log_suppression_attack,48,2026-01-07T00:00:00Z,target,auth_failures,88,complete,True,20260917
log_suppression_attack,0,2026-01-05T00:00:00Z,baseline,unique_failed_accounts,23.0,complete,True,20260917
log_suppression_attack,1,2026-01-05T01:00:00Z,baseline,unique_failed_accounts,27.0,complete,True,20260917
log_suppression_attack,2,2026-01-05T02:00:00Z,baseline,unique_failed_accounts,26.0,complete,True,20260917
log_suppression_attack,3,2026-01-05T03:00:00Z,baseline,unique_failed_accounts,24.0,complete,True,20260917
log_suppression_attack,4,2026-01-05T04:00:00Z,baseline,unique_failed_accounts,28.0,complete,True,20260917
log_suppression_attack,5,2026-01-05T05:00:00Z,baseline,unique_failed_accounts,31.0,complete,True,20260917
log_suppression_attack,6,2026-01-05T06:00:00Z,baseline,unique_failed_accounts,26.0,complete,True,20260917
log_suppression_attack,7,2026-01-05T07:00:00Z,baseline,unique_failed_accounts,33.0,complete,True,20260917
log_suppression_attack,8,2026-01-05T08:00:00Z,baseline,unique_failed_accounts,36.0,complete,True,20260917
log_suppression_attack,9,2026-01-05T09:00:00Z,baseline,unique_failed_accounts,41.0,complete,True,20260917
log_suppression_attack,10,2026-01-05T10:00:00Z,baseline,unique_failed_accounts,42.0,complete,True,20260917
log_suppression_attack,11,2026-01-05T11:00:00Z,baseline,unique_failed_accounts,42.0,complete,True,20260917
log_suppression_attack,12,2026-01-05T12:00:00Z,baseline,unique_failed_accounts,43.0,complete,True,20260917
log_suppression_attack,13,2026-01-05T13:00:00Z,baseline,unique_failed_accounts,42.0,complete,True,20260917
log_suppression_attack,14,2026-01-05T14:00:00Z,baseline,unique_failed_accounts,45.0,complete,True,20260917
log_suppression_attack,15,2026-01-05T15:00:00Z,baseline,unique_failed_accounts,37.0,complete,True,20260917
log_suppression_attack,16,2026-01-05T16:00:00Z,baseline,unique_failed_accounts,48.0,complete,True,20260917
log_suppression_attack,17,2026-01-05T17:00:00Z,baseline,unique_failed_accounts,41.0,complete,True,20260917
log_suppression_attack,18,2026-01-05T18:00:00Z,baseline,unique_failed_accounts,41.0,complete,True,20260917
log_suppression_attack,19,2026-01-05T19:00:00Z,baseline,unique_failed_accounts,43.0,complete,True,20260917
log_suppression_attack,20,2026-01-05T20:00:00Z,baseline,unique_failed_accounts,32.0,complete,True,20260917
log_suppression_attack,21,2026-01-05T21:00:00Z,baseline,unique_failed_accounts,32.0,complete,True,20260917
log_suppression_attack,22,2026-01-05T22:00:00Z,baseline,unique_failed_accounts,31.0,complete,True,20260917
log_suppression_attack,23,2026-01-05T23:00:00Z,baseline,unique_failed_accounts,29.0,complete,True,20260917
log_suppression_attack,24,2026-01-06T00:00:00Z,baseline,unique_failed_accounts,30.0,complete,True,20260917
log_suppression_attack,25,2026-01-06T01:00:00Z,baseline,unique_failed_accounts,25.0,complete,True,20260917
log_suppression_attack,26,2026-01-06T02:00:00Z,baseline,unique_failed_accounts,24.0,complete,True,20260917
log_suppression_attack,27,2026-01-06T03:00:00Z,baseline,unique_failed_accounts,28.0,complete,True,20260917
log_suppression_attack,28,2026-01-06T04:00:00Z,baseline,unique_failed_accounts,29.0,complete,True,20260917
log_suppression_attack,29,2026-01-06T05:00:00Z,baseline,unique_failed_accounts,34.0,complete,True,20260917
log_suppression_attack,30,2026-01-06T06:00:00Z,baseline,unique_failed_accounts,30.0,complete,True,20260917
log_suppression_attack,31,2026-01-06T07:00:00Z,baseline,unique_failed_accounts,33.0,complete,True,20260917
log_suppression_attack,32,2026-01-06T08:00:00Z,baseline,unique_failed_accounts,39.0,complete,True,20260917
log_suppression_attack,33,2026-01-06T09:00:00Z,baseline,unique_failed_accounts,36.0,complete,True,20260917
log_suppression_attack,34,2026-01-06T10:00:00Z,baseline,unique_failed_accounts,39.0,complete,True,20260917
log_suppression_attack,35,2026-01-06T11:00:00Z,baseline,unique_failed_accounts,41.0,complete,True,20260917
log_suppression_attack,36,2026-01-06T12:00:00Z,baseline,unique_failed_accounts,45.0,complete,True,20260917
log_suppression_attack,37,2026-01-06T13:00:00Z,baseline,unique_failed_accounts,36.0,complete,True,20260917
log_suppression_attack,38,2026-01-06T14:00:00Z,baseline,unique_failed_accounts,44.0,complete,True,20260917
log_suppression_attack,39,2026-01-06T15:00:00Z,baseline,unique_failed_accounts,34.0,complete,True,20260917
log_suppression_attack,40,2026-01-06T16:00:00Z,baseline,unique_failed_accounts,47.0,complete,True,20260917
log_suppression_attack,41,2026-01-06T17:00:00Z,baseline,unique_failed_accounts,39.0,complete,True,20260917
log_suppression_attack,42,2026-01-06T18:00:00Z,baseline,unique_failed_accounts,43.0,complete,True,20260917
log_suppression_attack,43,2026-01-06T19:00:00Z,baseline,unique_failed_accounts,32.0,complete,True,20260917
log_suppression_attack,44,2026-01-06T20:00:00Z,baseline,unique_failed_accounts,34.0,complete,True,20260917
log_suppression_attack,45,2026-01-06T21:00:00Z,baseline,unique_failed_accounts,33.0,complete,True,20260917
log_suppression_attack,46,2026-01-06T22:00:00Z,baseline,unique_failed_accounts,31.0,complete,True,20260917
log_suppression_attack,47,2026-01-06T23:00:00Z,baseline,unique_failed_accounts,30.0,complete,True,20260917
log_suppression_attack,48,2026-01-07T00:00:00Z,target,unique_failed_accounts,27,complete,True,20260917
log_suppression_attack,0,2026-01-05T00:00:00Z,baseline,unique_source_ips,193.0,complete,True,20260917
log_suppression_attack,1,2026-01-05T01:00:00Z,baseline,unique_source_ips,205.0,complete,True,20260917
log_suppression_attack,2,2026-01-05T02:00:00Z,baseline,unique_source_ips,197.0,complete,True,20260917
log_suppression_attack,3,2026-01-05T03:00:00Z,baseline,unique_source_ips,204.0,complete,True,20260917
log_suppression_attack,4,2026-01-05T04:00:00Z,baseline,unique_source_ips,198.0,complete,True,20260917
log_suppression_attack,5,2026-01-05T05:00:00Z,baseline,unique_source_ips,196.0,complete,True,20260917
log_suppression_attack,6,2026-01-05T06:00:00Z,baseline,unique_source_ips,223.0,complete,True,20260917
log_suppression_attack,7,2026-01-05T07:00:00Z,baseline,unique_source_ips,229.0,complete,True,20260917
log_suppression_attack,8,2026-01-05T08:00:00Z,baseline,unique_source_ips,228.0,complete,True,20260917
log_suppression_attack,9,2026-01-05T09:00:00Z,baseline,unique_source_ips,283.0,complete,True,20260917
log_suppression_attack,10,2026-01-05T10:00:00Z,baseline,unique_source_ips,296.0,complete,True,20260917
log_suppression_attack,11,2026-01-05T11:00:00Z,baseline,unique_source_ips,292.0,complete,True,20260917
log_suppression_attack,12,2026-01-05T12:00:00Z,baseline,unique_source_ips,305.0,complete,True,20260917
log_suppression_attack,13,2026-01-05T13:00:00Z,baseline,unique_source_ips,307.0,complete,True,20260917
log_suppression_attack,14,2026-01-05T14:00:00Z,baseline,unique_source_ips,309.0,complete,True,20260917
log_suppression_attack,15,2026-01-05T15:00:00Z,baseline,unique_source_ips,308.0,complete,True,20260917
log_suppression_attack,16,2026-01-05T16:00:00Z,baseline,unique_source_ips,296.0,complete,True,20260917
log_suppression_attack,17,2026-01-05T17:00:00Z,baseline,unique_source_ips,295.0,complete,True,20260917
log_suppression_attack,18,2026-01-05T18:00:00Z,baseline,unique_source_ips,289.0,complete,True,20260917
log_suppression_attack,19,2026-01-05T19:00:00Z,baseline,unique_source_ips,214.0,complete,True,20260917
log_suppression_attack,20,2026-01-05T20:00:00Z,baseline,unique_source_ips,272.0,complete,True,20260917
log_suppression_attack,21,2026-01-05T21:00:00Z,baseline,unique_source_ips,236.0,complete,True,20260917
log_suppression_attack,22,2026-01-05T22:00:00Z,baseline,unique_source_ips,215.0,complete,True,20260917
log_suppression_attack,23,2026-01-05T23:00:00Z,baseline,unique_source_ips,215.0,complete,True,20260917
log_suppression_attack,24,2026-01-06T00:00:00Z,baseline,unique_source_ips,190.0,complete,True,20260917
log_suppression_attack,25,2026-01-06T01:00:00Z,baseline,unique_source_ips,219.0,complete,True,20260917
log_suppression_attack,26,2026-01-06T02:00:00Z,baseline,unique_source_ips,197.0,complete,True,20260917
log_suppression_attack,27,2026-01-06T03:00:00Z,baseline,unique_source_ips,193.0,complete,True,20260917
log_suppression_attack,28,2026-01-06T04:00:00Z,baseline,unique_source_ips,199.0,complete,True,20260917
log_suppression_attack,29,2026-01-06T05:00:00Z,baseline,unique_source_ips,238.0,complete,True,20260917
log_suppression_attack,30,2026-01-06T06:00:00Z,baseline,unique_source_ips,231.0,complete,True,20260917
log_suppression_attack,31,2026-01-06T07:00:00Z,baseline,unique_source_ips,258.0,complete,True,20260917
log_suppression_attack,32,2026-01-06T08:00:00Z,baseline,unique_source_ips,256.0,complete,True,20260917
log_suppression_attack,33,2026-01-06T09:00:00Z,baseline,unique_source_ips,282.0,complete,True,20260917
log_suppression_attack,34,2026-01-06T10:00:00Z,baseline,unique_source_ips,248.0,complete,True,20260917
log_suppression_attack,35,2026-01-06T11:00:00Z,baseline,unique_source_ips,305.0,complete,True,20260917
log_suppression_attack,36,2026-01-06T12:00:00Z,baseline,unique_source_ips,324.0,complete,True,20260917
log_suppression_attack,37,2026-01-06T13:00:00Z,baseline,unique_source_ips,281.0,complete,True,20260917
log_suppression_attack,38,2026-01-06T14:00:00Z,baseline,unique_source_ips,388.0,complete,True,20260917
log_suppression_attack,39,2026-01-06T15:00:00Z,baseline,unique_source_ips,324.0,complete,True,20260917
log_suppression_attack,40,2026-01-06T16:00:00Z,baseline,unique_source_ips,302.0,complete,True,20260917
log_suppression_attack,41,2026-01-06T17:00:00Z,baseline,unique_source_ips,315.0,complete,True,20260917
log_suppression_attack,42,2026-01-06T18:00:00Z,baseline,unique_source_ips,262.0,complete,True,20260917
log_suppression_attack,43,2026-01-06T19:00:00Z,baseline,unique_source_ips,253.0,complete,True,20260917
log_suppression_attack,44,2026-01-06T20:00:00Z,baseline,unique_source_ips,232.0,complete,True,20260917
log_suppression_attack,45,2026-01-06T21:00:00Z,baseline,unique_source_ips,259.0,complete,True,20260917
log_suppression_attack,46,2026-01-06T22:00:00Z,baseline,unique_source_ips,211.0,complete,True,20260917
log_suppression_attack,47,2026-01-06T23:00:00Z,baseline,unique_source_ips,199.0,complete,True,20260917
log_suppression_attack,48,2026-01-07T00:00:00Z,target,unique_source_ips,203,complete,True,20260917
log_suppression_attack,0,2026-01-05T00:00:00Z,baseline,successful_logins,1015.0,complete,True,20260917
log_suppression_attack,1,2026-01-05T01:00:00Z,baseline,successful_logins,935.0,complete,True,20260917
log_suppression_attack,2,2026-01-05T02:00:00Z,baseline,successful_logins,951.0,complete,True,20260917
log_suppression_attack,3,2026-01-05T03:00:00Z,baseline,successful_logins,891.0,complete,True,20260917
log_suppression_attack,4,2026-01-05T04:00:00Z,baseline,successful_logins,985.0,complete,True,20260917
log_suppression_attack,5,2026-01-05T05:00:00Z,baseline,successful_logins,1024.0,complete,True,20260917
log_suppression_attack,6,2026-01-05T06:00:00Z,baseline,successful_logins,1271.0,complete,True,20260917
log_suppression_attack,7,2026-01-05T07:00:00Z,baseline,successful_logins,1392.0,complete,True,20260917
log_suppression_attack,8,2026-01-05T08:00:00Z,baseline,successful_logins,1338.0,complete,True,20260917
log_suppression_attack,9,2026-01-05T09:00:00Z,baseline,successful_logins,1712.0,complete,True,20260917
log_suppression_attack,10,2026-01-05T10:00:00Z,baseline,successful_logins,1828.0,complete,True,20260917
log_suppression_attack,11,2026-01-05T11:00:00Z,baseline,successful_logins,2272.0,complete,True,20260917
log_suppression_attack,12,2026-01-05T12:00:00Z,baseline,successful_logins,2009.0,complete,True,20260917
log_suppression_attack,13,2026-01-05T13:00:00Z,baseline,successful_logins,1988.0,complete,True,20260917
log_suppression_attack,14,2026-01-05T14:00:00Z,baseline,successful_logins,2094.0,complete,True,20260917
log_suppression_attack,15,2026-01-05T15:00:00Z,baseline,successful_logins,1964.0,complete,True,20260917
log_suppression_attack,16,2026-01-05T16:00:00Z,baseline,successful_logins,2086.0,complete,True,20260917
log_suppression_attack,17,2026-01-05T17:00:00Z,baseline,successful_logins,1911.0,complete,True,20260917
log_suppression_attack,18,2026-01-05T18:00:00Z,baseline,successful_logins,1953.0,complete,True,20260917
log_suppression_attack,19,2026-01-05T19:00:00Z,baseline,successful_logins,1626.0,complete,True,20260917
log_suppression_attack,20,2026-01-05T20:00:00Z,baseline,successful_logins,1502.0,complete,True,20260917
log_suppression_attack,21,2026-01-05T21:00:00Z,baseline,successful_logins,1536.0,complete,True,20260917
log_suppression_attack,22,2026-01-05T22:00:00Z,baseline,successful_logins,1178.0,complete,True,20260917
log_suppression_attack,23,2026-01-05T23:00:00Z,baseline,successful_logins,1123.0,complete,True,20260917
log_suppression_attack,24,2026-01-06T00:00:00Z,baseline,successful_logins,1007.0,complete,True,20260917
log_suppression_attack,25,2026-01-06T01:00:00Z,baseline,successful_logins,972.0,complete,True,20260917
log_suppression_attack,26,2026-01-06T02:00:00Z,baseline,successful_logins,1021.0,complete,True,20260917
log_suppression_attack,27,2026-01-06T03:00:00Z,baseline,successful_logins,1030.0,complete,True,20260917
log_suppression_attack,28,2026-01-06T04:00:00Z,baseline,successful_logins,1088.0,complete,True,20260917
log_suppression_attack,29,2026-01-06T05:00:00Z,baseline,successful_logins,1183.0,complete,True,20260917
log_suppression_attack,30,2026-01-06T06:00:00Z,baseline,successful_logins,1226.0,complete,True,20260917
log_suppression_attack,31,2026-01-06T07:00:00Z,baseline,successful_logins,1458.0,complete,True,20260917
log_suppression_attack,32,2026-01-06T08:00:00Z,baseline,successful_logins,1474.0,complete,True,20260917
log_suppression_attack,33,2026-01-06T09:00:00Z,baseline,successful_logins,1655.0,complete,True,20260917
log_suppression_attack,34,2026-01-06T10:00:00Z,baseline,successful_logins,1754.0,complete,True,20260917
log_suppression_attack,35,2026-01-06T11:00:00Z,baseline,successful_logins,1983.0,complete,True,20260917
log_suppression_attack,36,2026-01-06T12:00:00Z,baseline,successful_logins,2024.0,complete,True,20260917
log_suppression_attack,37,2026-01-06T13:00:00Z,baseline,successful_logins,2075.0,complete,True,20260917
log_suppression_attack,38,2026-01-06T14:00:00Z,baseline,successful_logins,2029.0,complete,True,20260917
log_suppression_attack,39,2026-01-06T15:00:00Z,baseline,successful_logins,1998.0,complete,True,20260917
log_suppression_attack,40,2026-01-06T16:00:00Z,baseline,successful_logins,2060.0,complete,True,20260917
log_suppression_attack,41,2026-01-06T17:00:00Z,baseline,successful_logins,1952.0,complete,True,20260917
log_suppression_attack,42,2026-01-06T18:00:00Z,baseline,successful_logins,1809.0,complete,True,20260917
log_suppression_attack,43,2026-01-06T19:00:00Z,baseline,successful_logins,1816.0,complete,True,20260917
log_suppression_attack,44,2026-01-06T20:00:00Z,baseline,successful_logins,1413.0,complete,True,20260917
log_suppression_attack,45,2026-01-06T21:00:00Z,baseline,successful_logins,1273.0,complete,True,20260917
log_suppression_attack,46,2026-01-06T22:00:00Z,baseline,successful_logins,1210.0,complete,True,20260917
log_suppression_attack,47,2026-01-06T23:00:00Z,baseline,successful_logins,1167.0,complete,True,20260917
log_suppression_attack,48,2026-01-07T00:00:00Z,target,successful_logins,1107,complete,True,20260917
log_suppression_attack,0,2026-01-05T00:00:00Z,baseline,privileged_changes,2.0,complete,True,20260917
log_suppression_attack,1,2026-01-05T01:00:00Z,baseline,privileged_changes,1.0,complete,True,20260917
log_suppression_attack,2,2026-01-05T02:00:00Z,baseline,privileged_changes,2.0,complete,True,20260917
log_suppression_attack,3,2026-01-05T03:00:00Z,baseline,privileged_changes,2.0,complete,True,20260917
log_suppression_attack,4,2026-01-05T04:00:00Z,baseline,privileged_changes,1.0,complete,True,20260917
log_suppression_attack,5,2026-01-05T05:00:00Z,baseline,privileged_changes,2.0,complete,True,20260917
log_suppression_attack,6,2026-01-05T06:00:00Z,baseline,privileged_changes,2.0,complete,True,20260917
log_suppression_attack,7,2026-01-05T07:00:00Z,baseline,privileged_changes,1.0,complete,True,20260917
log_suppression_attack,8,2026-01-05T08:00:00Z,baseline,privileged_changes,1.0,complete,True,20260917
log_suppression_attack,9,2026-01-05T09:00:00Z,baseline,privileged_changes,2.0,complete,True,20260917
log_suppression_attack,10,2026-01-05T10:00:00Z,baseline,privileged_changes,1.0,complete,True,20260917
log_suppression_attack,11,2026-01-05T11:00:00Z,baseline,privileged_changes,2.0,complete,True,20260917
log_suppression_attack,12,2026-01-05T12:00:00Z,baseline,privileged_changes,2.0,complete,True,20260917
log_suppression_attack,13,2026-01-05T13:00:00Z,baseline,privileged_changes,2.0,complete,True,20260917
log_suppression_attack,14,2026-01-05T14:00:00Z,baseline,privileged_changes,2.0,complete,True,20260917
log_suppression_attack,15,2026-01-05T15:00:00Z,baseline,privileged_changes,2.0,complete,True,20260917
log_suppression_attack,16,2026-01-05T16:00:00Z,baseline,privileged_changes,3.0,complete,True,20260917
log_suppression_attack,17,2026-01-05T17:00:00Z,baseline,privileged_changes,2.0,complete,True,20260917
log_suppression_attack,18,2026-01-05T18:00:00Z,baseline,privileged_changes,2.0,complete,True,20260917
log_suppression_attack,19,2026-01-05T19:00:00Z,baseline,privileged_changes,2.0,complete,True,20260917
log_suppression_attack,20,2026-01-05T20:00:00Z,baseline,privileged_changes,2.0,complete,True,20260917
log_suppression_attack,21,2026-01-05T21:00:00Z,baseline,privileged_changes,2.0,complete,True,20260917
log_suppression_attack,22,2026-01-05T22:00:00Z,baseline,privileged_changes,1.0,complete,True,20260917
log_suppression_attack,23,2026-01-05T23:00:00Z,baseline,privileged_changes,2.0,complete,True,20260917
log_suppression_attack,24,2026-01-06T00:00:00Z,baseline,privileged_changes,2.0,complete,True,20260917
log_suppression_attack,25,2026-01-06T01:00:00Z,baseline,privileged_changes,1.0,complete,True,20260917
log_suppression_attack,26,2026-01-06T02:00:00Z,baseline,privileged_changes,2.0,complete,True,20260917
log_suppression_attack,27,2026-01-06T03:00:00Z,baseline,privileged_changes,1.0,complete,True,20260917
log_suppression_attack,28,2026-01-06T04:00:00Z,baseline,privileged_changes,2.0,complete,True,20260917
log_suppression_attack,29,2026-01-06T05:00:00Z,baseline,privileged_changes,2.0,complete,True,20260917
log_suppression_attack,30,2026-01-06T06:00:00Z,baseline,privileged_changes,2.0,complete,True,20260917
log_suppression_attack,31,2026-01-06T07:00:00Z,baseline,privileged_changes,2.0,complete,True,20260917
log_suppression_attack,32,2026-01-06T08:00:00Z,baseline,privileged_changes,1.0,complete,True,20260917
log_suppression_attack,33,2026-01-06T09:00:00Z,baseline,privileged_changes,2.0,complete,True,20260917
log_suppression_attack,34,2026-01-06T10:00:00Z,baseline,privileged_changes,1.0,complete,True,20260917
log_suppression_attack,35,2026-01-06T11:00:00Z,baseline,privileged_changes,2.0,complete,True,20260917
log_suppression_attack,36,2026-01-06T12:00:00Z,baseline,privileged_changes,2.0,complete,True,20260917
log_suppression_attack,37,2026-01-06T13:00:00Z,baseline,privileged_changes,2.0,complete,True,20260917
log_suppression_attack,38,2026-01-06T14:00:00Z,baseline,privileged_changes,3.0,complete,True,20260917
log_suppression_attack,39,2026-01-06T15:00:00Z,baseline,privileged_changes,3.0,complete,True,20260917
log_suppression_attack,40,2026-01-06T16:00:00Z,baseline,privileged_changes,2.0,complete,True,20260917
log_suppression_attack,41,2026-01-06T17:00:00Z,baseline,privileged_changes,3.0,complete,True,20260917
log_suppression_attack,42,2026-01-06T18:00:00Z,baseline,privileged_changes,2.0,complete,True,20260917
log_suppression_attack,43,2026-01-06T19:00:00Z,baseline,privileged_changes,2.0,complete,True,20260917
log_suppression_attack,44,2026-01-06T20:00:00Z,baseline,privileged_changes,2.0,complete,True,20260917
log_suppression_attack,45,2026-01-06T21:00:00Z,baseline,privileged_changes,2.0,complete,True,20260917
log_suppression_attack,46,2026-01-06T22:00:00Z,baseline,privileged_changes,2.0,complete,True,20260917
log_suppression_attack,47,2026-01-06T23:00:00Z,baseline,privileged_changes,2.0,complete,True,20260917
log_suppression_attack,48,2026-01-07T00:00:00Z,target,privileged_changes,1,complete,True,20260917
log_suppression_attack,0,2026-01-05T00:00:00Z,baseline,outbound_mb,602.687,complete,True,20260917
log_suppression_attack,1,2026-01-05T01:00:00Z,baseline,outbound_mb,540.874,complete,True,20260917
log_suppression_attack,2,2026-01-05T02:00:00Z,baseline,outbound_mb,578.708,complete,True,20260917
log_suppression_attack,3,2026-01-05T03:00:00Z,baseline,outbound_mb,497.573,complete,True,20260917
log_suppression_attack,4,2026-01-05T04:00:00Z,baseline,outbound_mb,548.231,complete,True,20260917
log_suppression_attack,5,2026-01-05T05:00:00Z,baseline,outbound_mb,615.307,complete,True,20260917
log_suppression_attack,6,2026-01-05T06:00:00Z,baseline,outbound_mb,723.297,complete,True,20260917
log_suppression_attack,7,2026-01-05T07:00:00Z,baseline,outbound_mb,808.972,complete,True,20260917
log_suppression_attack,8,2026-01-05T08:00:00Z,baseline,outbound_mb,872.334,complete,True,20260917
log_suppression_attack,9,2026-01-05T09:00:00Z,baseline,outbound_mb,964.684,complete,True,20260917
log_suppression_attack,10,2026-01-05T10:00:00Z,baseline,outbound_mb,1074.927,complete,True,20260917
log_suppression_attack,11,2026-01-05T11:00:00Z,baseline,outbound_mb,1096.692,complete,True,20260917
log_suppression_attack,12,2026-01-05T12:00:00Z,baseline,outbound_mb,1107.665,complete,True,20260917
log_suppression_attack,13,2026-01-05T13:00:00Z,baseline,outbound_mb,1143.17,complete,True,20260917
log_suppression_attack,14,2026-01-05T14:00:00Z,baseline,outbound_mb,1207.294,complete,True,20260917
log_suppression_attack,15,2026-01-05T15:00:00Z,baseline,outbound_mb,1118.877,complete,True,20260917
log_suppression_attack,16,2026-01-05T16:00:00Z,baseline,outbound_mb,1120.553,complete,True,20260917
log_suppression_attack,17,2026-01-05T17:00:00Z,baseline,outbound_mb,1062.176,complete,True,20260917
log_suppression_attack,18,2026-01-05T18:00:00Z,baseline,outbound_mb,1018.835,complete,True,20260917
log_suppression_attack,19,2026-01-05T19:00:00Z,baseline,outbound_mb,1066.43,complete,True,20260917
log_suppression_attack,20,2026-01-05T20:00:00Z,baseline,outbound_mb,822.485,complete,True,20260917
log_suppression_attack,21,2026-01-05T21:00:00Z,baseline,outbound_mb,737.303,complete,True,20260917
log_suppression_attack,22,2026-01-05T22:00:00Z,baseline,outbound_mb,703.012,complete,True,20260917
log_suppression_attack,23,2026-01-05T23:00:00Z,baseline,outbound_mb,620.168,complete,True,20260917
log_suppression_attack,24,2026-01-06T00:00:00Z,baseline,outbound_mb,657.799,complete,True,20260917
log_suppression_attack,25,2026-01-06T01:00:00Z,baseline,outbound_mb,576.358,complete,True,20260917
log_suppression_attack,26,2026-01-06T02:00:00Z,baseline,outbound_mb,554.969,complete,True,20260917
log_suppression_attack,27,2026-01-06T03:00:00Z,baseline,outbound_mb,590.721,complete,True,20260917
log_suppression_attack,28,2026-01-06T04:00:00Z,baseline,outbound_mb,575.571,complete,True,20260917
log_suppression_attack,29,2026-01-06T05:00:00Z,baseline,outbound_mb,606.977,complete,True,20260917
log_suppression_attack,30,2026-01-06T06:00:00Z,baseline,outbound_mb,747.67,complete,True,20260917
log_suppression_attack,31,2026-01-06T07:00:00Z,baseline,outbound_mb,770.507,complete,True,20260917
log_suppression_attack,32,2026-01-06T08:00:00Z,baseline,outbound_mb,845.076,complete,True,20260917
log_suppression_attack,33,2026-01-06T09:00:00Z,baseline,outbound_mb,993.807,complete,True,20260917
log_suppression_attack,34,2026-01-06T10:00:00Z,baseline,outbound_mb,971.723,complete,True,20260917
log_suppression_attack,35,2026-01-06T11:00:00Z,baseline,outbound_mb,1078.172,complete,True,20260917
log_suppression_attack,36,2026-01-06T12:00:00Z,baseline,outbound_mb,1225.424,complete,True,20260917
log_suppression_attack,37,2026-01-06T13:00:00Z,baseline,outbound_mb,1089.649,complete,True,20260917
log_suppression_attack,38,2026-01-06T14:00:00Z,baseline,outbound_mb,1093.772,complete,True,20260917
log_suppression_attack,39,2026-01-06T15:00:00Z,baseline,outbound_mb,1322.921,complete,True,20260917
log_suppression_attack,40,2026-01-06T16:00:00Z,baseline,outbound_mb,1132.575,complete,True,20260917
log_suppression_attack,41,2026-01-06T17:00:00Z,baseline,outbound_mb,1118.159,complete,True,20260917
log_suppression_attack,42,2026-01-06T18:00:00Z,baseline,outbound_mb,1031.828,complete,True,20260917
log_suppression_attack,43,2026-01-06T19:00:00Z,baseline,outbound_mb,879.055,complete,True,20260917
log_suppression_attack,44,2026-01-06T20:00:00Z,baseline,outbound_mb,841.523,complete,True,20260917
log_suppression_attack,45,2026-01-06T21:00:00Z,baseline,outbound_mb,749.89,complete,True,20260917
log_suppression_attack,46,2026-01-06T22:00:00Z,baseline,outbound_mb,809.415,complete,True,20260917
log_suppression_attack,47,2026-01-06T23:00:00Z,baseline,outbound_mb,616.102,complete,True,20260917
log_suppression_attack,48,2026-01-07T00:00:00Z,target,outbound_mb,561.74,complete,True,20260917
log_suppression_attack,0,2026-01-05T00:00:00Z,baseline,api_5xx,9.0,complete,True,20260917
log_suppression_attack,1,2026-01-05T01:00:00Z,baseline,api_5xx,9.0,complete,True,20260917
log_suppression_attack,2,2026-01-05T02:00:00Z,baseline,api_5xx,13.0,complete,True,20260917
log_suppression_attack,3,2026-01-05T03:00:00Z,baseline,api_5xx,11.0,complete,True,20260917
log_suppression_attack,4,2026-01-05T04:00:00Z,baseline,api_5xx,14.0,complete,True,20260917
log_suppression_attack,5,2026-01-05T05:00:00Z,baseline,api_5xx,18.0,complete,True,20260917
log_suppression_attack,6,2026-01-05T06:00:00Z,baseline,api_5xx,12.0,complete,True,20260917
log_suppression_attack,7,2026-01-05T07:00:00Z,baseline,api_5xx,13.0,complete,True,20260917
log_suppression_attack,8,2026-01-05T08:00:00Z,baseline,api_5xx,14.0,complete,True,20260917
log_suppression_attack,9,2026-01-05T09:00:00Z,baseline,api_5xx,13.0,complete,True,20260917
log_suppression_attack,10,2026-01-05T10:00:00Z,baseline,api_5xx,20.0,complete,True,20260917
log_suppression_attack,11,2026-01-05T11:00:00Z,baseline,api_5xx,25.0,complete,True,20260917
log_suppression_attack,12,2026-01-05T12:00:00Z,baseline,api_5xx,25.0,complete,True,20260917
log_suppression_attack,13,2026-01-05T13:00:00Z,baseline,api_5xx,22.0,complete,True,20260917
log_suppression_attack,14,2026-01-05T14:00:00Z,baseline,api_5xx,19.0,complete,True,20260917
log_suppression_attack,15,2026-01-05T15:00:00Z,baseline,api_5xx,19.0,complete,True,20260917
log_suppression_attack,16,2026-01-05T16:00:00Z,baseline,api_5xx,29.0,complete,True,20260917
log_suppression_attack,17,2026-01-05T17:00:00Z,baseline,api_5xx,26.0,complete,True,20260917
log_suppression_attack,18,2026-01-05T18:00:00Z,baseline,api_5xx,21.0,complete,True,20260917
log_suppression_attack,19,2026-01-05T19:00:00Z,baseline,api_5xx,17.0,complete,True,20260917
log_suppression_attack,20,2026-01-05T20:00:00Z,baseline,api_5xx,12.0,complete,True,20260917
log_suppression_attack,21,2026-01-05T21:00:00Z,baseline,api_5xx,20.0,complete,True,20260917
log_suppression_attack,22,2026-01-05T22:00:00Z,baseline,api_5xx,19.0,complete,True,20260917
log_suppression_attack,23,2026-01-05T23:00:00Z,baseline,api_5xx,15.0,complete,True,20260917
log_suppression_attack,24,2026-01-06T00:00:00Z,baseline,api_5xx,15.0,complete,True,20260917
log_suppression_attack,25,2026-01-06T01:00:00Z,baseline,api_5xx,17.0,complete,True,20260917
log_suppression_attack,26,2026-01-06T02:00:00Z,baseline,api_5xx,12.0,complete,True,20260917
log_suppression_attack,27,2026-01-06T03:00:00Z,baseline,api_5xx,17.0,complete,True,20260917
log_suppression_attack,28,2026-01-06T04:00:00Z,baseline,api_5xx,10.0,complete,True,20260917
log_suppression_attack,29,2026-01-06T05:00:00Z,baseline,api_5xx,14.0,complete,True,20260917
log_suppression_attack,30,2026-01-06T06:00:00Z,baseline,api_5xx,15.0,complete,True,20260917
log_suppression_attack,31,2026-01-06T07:00:00Z,baseline,api_5xx,22.0,complete,True,20260917
log_suppression_attack,32,2026-01-06T08:00:00Z,baseline,api_5xx,16.0,complete,True,20260917
log_suppression_attack,33,2026-01-06T09:00:00Z,baseline,api_5xx,22.0,complete,True,20260917
log_suppression_attack,34,2026-01-06T10:00:00Z,baseline,api_5xx,19.0,complete,True,20260917
log_suppression_attack,35,2026-01-06T11:00:00Z,baseline,api_5xx,28.0,complete,True,20260917
log_suppression_attack,36,2026-01-06T12:00:00Z,baseline,api_5xx,28.0,complete,True,20260917
log_suppression_attack,37,2026-01-06T13:00:00Z,baseline,api_5xx,23.0,complete,True,20260917
log_suppression_attack,38,2026-01-06T14:00:00Z,baseline,api_5xx,34.0,complete,True,20260917
log_suppression_attack,39,2026-01-06T15:00:00Z,baseline,api_5xx,21.0,complete,True,20260917
log_suppression_attack,40,2026-01-06T16:00:00Z,baseline,api_5xx,24.0,complete,True,20260917
log_suppression_attack,41,2026-01-06T17:00:00Z,baseline,api_5xx,15.0,complete,True,20260917
log_suppression_attack,42,2026-01-06T18:00:00Z,baseline,api_5xx,25.0,complete,True,20260917
log_suppression_attack,43,2026-01-06T19:00:00Z,baseline,api_5xx,14.0,complete,True,20260917
log_suppression_attack,44,2026-01-06T20:00:00Z,baseline,api_5xx,20.0,complete,True,20260917
log_suppression_attack,45,2026-01-06T21:00:00Z,baseline,api_5xx,23.0,complete,True,20260917
log_suppression_attack,46,2026-01-06T22:00:00Z,baseline,api_5xx,15.0,complete,True,20260917
log_suppression_attack,47,2026-01-06T23:00:00Z,baseline,api_5xx,12.0,complete,True,20260917
log_suppression_attack,48,2026-01-07T00:00:00Z,target,api_5xx,17,complete,True,20260917
log_suppression_attack,0,2026-01-05T00:00:00Z,baseline,endpoint_alerts,5.0,complete,True,20260917
log_suppression_attack,1,2026-01-05T01:00:00Z,baseline,endpoint_alerts,4.0,complete,True,20260917
log_suppression_attack,2,2026-01-05T02:00:00Z,baseline,endpoint_alerts,5.0,complete,True,20260917
log_suppression_attack,3,2026-01-05T03:00:00Z,baseline,endpoint_alerts,5.0,complete,True,20260917
log_suppression_attack,4,2026-01-05T04:00:00Z,baseline,endpoint_alerts,6.0,complete,True,20260917
log_suppression_attack,5,2026-01-05T05:00:00Z,baseline,endpoint_alerts,4.0,complete,True,20260917
log_suppression_attack,6,2026-01-05T06:00:00Z,baseline,endpoint_alerts,4.0,complete,True,20260917
log_suppression_attack,7,2026-01-05T07:00:00Z,baseline,endpoint_alerts,6.0,complete,True,20260917
log_suppression_attack,8,2026-01-05T08:00:00Z,baseline,endpoint_alerts,4.0,complete,True,20260917
log_suppression_attack,9,2026-01-05T09:00:00Z,baseline,endpoint_alerts,5.0,complete,True,20260917
log_suppression_attack,10,2026-01-05T10:00:00Z,baseline,endpoint_alerts,5.0,complete,True,20260917
log_suppression_attack,11,2026-01-05T11:00:00Z,baseline,endpoint_alerts,5.0,complete,True,20260917
log_suppression_attack,12,2026-01-05T12:00:00Z,baseline,endpoint_alerts,7.0,complete,True,20260917
log_suppression_attack,13,2026-01-05T13:00:00Z,baseline,endpoint_alerts,6.0,complete,True,20260917
log_suppression_attack,14,2026-01-05T14:00:00Z,baseline,endpoint_alerts,7.0,complete,True,20260917
log_suppression_attack,15,2026-01-05T15:00:00Z,baseline,endpoint_alerts,3.0,complete,True,20260917
log_suppression_attack,16,2026-01-05T16:00:00Z,baseline,endpoint_alerts,6.0,complete,True,20260917
log_suppression_attack,17,2026-01-05T17:00:00Z,baseline,endpoint_alerts,6.0,complete,True,20260917
log_suppression_attack,18,2026-01-05T18:00:00Z,baseline,endpoint_alerts,7.0,complete,True,20260917
log_suppression_attack,19,2026-01-05T19:00:00Z,baseline,endpoint_alerts,4.0,complete,True,20260917
log_suppression_attack,20,2026-01-05T20:00:00Z,baseline,endpoint_alerts,6.0,complete,True,20260917
log_suppression_attack,21,2026-01-05T21:00:00Z,baseline,endpoint_alerts,5.0,complete,True,20260917
log_suppression_attack,22,2026-01-05T22:00:00Z,baseline,endpoint_alerts,4.0,complete,True,20260917
log_suppression_attack,23,2026-01-05T23:00:00Z,baseline,endpoint_alerts,5.0,complete,True,20260917
log_suppression_attack,24,2026-01-06T00:00:00Z,baseline,endpoint_alerts,5.0,complete,True,20260917
log_suppression_attack,25,2026-01-06T01:00:00Z,baseline,endpoint_alerts,5.0,complete,True,20260917
log_suppression_attack,26,2026-01-06T02:00:00Z,baseline,endpoint_alerts,2.0,complete,True,20260917
log_suppression_attack,27,2026-01-06T03:00:00Z,baseline,endpoint_alerts,5.0,complete,True,20260917
log_suppression_attack,28,2026-01-06T04:00:00Z,baseline,endpoint_alerts,5.0,complete,True,20260917
log_suppression_attack,29,2026-01-06T05:00:00Z,baseline,endpoint_alerts,4.0,complete,True,20260917
log_suppression_attack,30,2026-01-06T06:00:00Z,baseline,endpoint_alerts,2.0,complete,True,20260917
log_suppression_attack,31,2026-01-06T07:00:00Z,baseline,endpoint_alerts,7.0,complete,True,20260917
log_suppression_attack,32,2026-01-06T08:00:00Z,baseline,endpoint_alerts,5.0,complete,True,20260917
log_suppression_attack,33,2026-01-06T09:00:00Z,baseline,endpoint_alerts,5.0,complete,True,20260917
log_suppression_attack,34,2026-01-06T10:00:00Z,baseline,endpoint_alerts,5.0,complete,True,20260917
log_suppression_attack,35,2026-01-06T11:00:00Z,baseline,endpoint_alerts,5.0,complete,True,20260917
log_suppression_attack,36,2026-01-06T12:00:00Z,baseline,endpoint_alerts,7.0,complete,True,20260917
log_suppression_attack,37,2026-01-06T13:00:00Z,baseline,endpoint_alerts,3.0,complete,True,20260917
log_suppression_attack,38,2026-01-06T14:00:00Z,baseline,endpoint_alerts,5.0,complete,True,20260917
log_suppression_attack,39,2026-01-06T15:00:00Z,baseline,endpoint_alerts,4.0,complete,True,20260917
log_suppression_attack,40,2026-01-06T16:00:00Z,baseline,endpoint_alerts,5.0,complete,True,20260917
log_suppression_attack,41,2026-01-06T17:00:00Z,baseline,endpoint_alerts,4.0,complete,True,20260917
log_suppression_attack,42,2026-01-06T18:00:00Z,baseline,endpoint_alerts,5.0,complete,True,20260917
log_suppression_attack,43,2026-01-06T19:00:00Z,baseline,endpoint_alerts,6.0,complete,True,20260917
log_suppression_attack,44,2026-01-06T20:00:00Z,baseline,endpoint_alerts,6.0,complete,True,20260917
log_suppression_attack,45,2026-01-06T21:00:00Z,baseline,endpoint_alerts,4.0,complete,True,20260917
log_suppression_attack,46,2026-01-06T22:00:00Z,baseline,endpoint_alerts,4.0,complete,True,20260917
log_suppression_attack,47,2026-01-06T23:00:00Z,baseline,endpoint_alerts,5.0,complete,True,20260917
log_suppression_attack,48,2026-01-07T00:00:00Z,target,endpoint_alerts,,suppressed,True,20260917
log_suppression_attack,0,2026-01-05T00:00:00Z,baseline,file_rename_events,36.0,complete,True,20260917
log_suppression_attack,1,2026-01-05T01:00:00Z,baseline,file_rename_events,31.0,complete,True,20260917
log_suppression_attack,2,2026-01-05T02:00:00Z,baseline,file_rename_events,36.0,complete,True,20260917
log_suppression_attack,3,2026-01-05T03:00:00Z,baseline,file_rename_events,27.0,complete,True,20260917
log_suppression_attack,4,2026-01-05T04:00:00Z,baseline,file_rename_events,35.0,complete,True,20260917
log_suppression_attack,5,2026-01-05T05:00:00Z,baseline,file_rename_events,49.0,complete,True,20260917
log_suppression_attack,6,2026-01-05T06:00:00Z,baseline,file_rename_events,38.0,complete,True,20260917
log_suppression_attack,7,2026-01-05T07:00:00Z,baseline,file_rename_events,49.0,complete,True,20260917
log_suppression_attack,8,2026-01-05T08:00:00Z,baseline,file_rename_events,46.0,complete,True,20260917
log_suppression_attack,9,2026-01-05T09:00:00Z,baseline,file_rename_events,45.0,complete,True,20260917
log_suppression_attack,10,2026-01-05T10:00:00Z,baseline,file_rename_events,58.0,complete,True,20260917
log_suppression_attack,11,2026-01-05T11:00:00Z,baseline,file_rename_events,41.0,complete,True,20260917
log_suppression_attack,12,2026-01-05T12:00:00Z,baseline,file_rename_events,58.0,complete,True,20260917
log_suppression_attack,13,2026-01-05T13:00:00Z,baseline,file_rename_events,50.0,complete,True,20260917
log_suppression_attack,14,2026-01-05T14:00:00Z,baseline,file_rename_events,49.0,complete,True,20260917
log_suppression_attack,15,2026-01-05T15:00:00Z,baseline,file_rename_events,36.0,complete,True,20260917
log_suppression_attack,16,2026-01-05T16:00:00Z,baseline,file_rename_events,52.0,complete,True,20260917
log_suppression_attack,17,2026-01-05T17:00:00Z,baseline,file_rename_events,46.0,complete,True,20260917
log_suppression_attack,18,2026-01-05T18:00:00Z,baseline,file_rename_events,36.0,complete,True,20260917
log_suppression_attack,19,2026-01-05T19:00:00Z,baseline,file_rename_events,38.0,complete,True,20260917
log_suppression_attack,20,2026-01-05T20:00:00Z,baseline,file_rename_events,44.0,complete,True,20260917
log_suppression_attack,21,2026-01-05T21:00:00Z,baseline,file_rename_events,45.0,complete,True,20260917
log_suppression_attack,22,2026-01-05T22:00:00Z,baseline,file_rename_events,41.0,complete,True,20260917
log_suppression_attack,23,2026-01-05T23:00:00Z,baseline,file_rename_events,36.0,complete,True,20260917
log_suppression_attack,24,2026-01-06T00:00:00Z,baseline,file_rename_events,30.0,complete,True,20260917
log_suppression_attack,25,2026-01-06T01:00:00Z,baseline,file_rename_events,34.0,complete,True,20260917
log_suppression_attack,26,2026-01-06T02:00:00Z,baseline,file_rename_events,35.0,complete,True,20260917
log_suppression_attack,27,2026-01-06T03:00:00Z,baseline,file_rename_events,37.0,complete,True,20260917
log_suppression_attack,28,2026-01-06T04:00:00Z,baseline,file_rename_events,37.0,complete,True,20260917
log_suppression_attack,29,2026-01-06T05:00:00Z,baseline,file_rename_events,36.0,complete,True,20260917
log_suppression_attack,30,2026-01-06T06:00:00Z,baseline,file_rename_events,42.0,complete,True,20260917
log_suppression_attack,31,2026-01-06T07:00:00Z,baseline,file_rename_events,40.0,complete,True,20260917
log_suppression_attack,32,2026-01-06T08:00:00Z,baseline,file_rename_events,46.0,complete,True,20260917
log_suppression_attack,33,2026-01-06T09:00:00Z,baseline,file_rename_events,43.0,complete,True,20260917
log_suppression_attack,34,2026-01-06T10:00:00Z,baseline,file_rename_events,42.0,complete,True,20260917
log_suppression_attack,35,2026-01-06T11:00:00Z,baseline,file_rename_events,42.0,complete,True,20260917
log_suppression_attack,36,2026-01-06T12:00:00Z,baseline,file_rename_events,46.0,complete,True,20260917
log_suppression_attack,37,2026-01-06T13:00:00Z,baseline,file_rename_events,44.0,complete,True,20260917
log_suppression_attack,38,2026-01-06T14:00:00Z,baseline,file_rename_events,50.0,complete,True,20260917
log_suppression_attack,39,2026-01-06T15:00:00Z,baseline,file_rename_events,36.0,complete,True,20260917
log_suppression_attack,40,2026-01-06T16:00:00Z,baseline,file_rename_events,47.0,complete,True,20260917
log_suppression_attack,41,2026-01-06T17:00:00Z,baseline,file_rename_events,46.0,complete,True,20260917
log_suppression_attack,42,2026-01-06T18:00:00Z,baseline,file_rename_events,50.0,complete,True,20260917
log_suppression_attack,43,2026-01-06T19:00:00Z,baseline,file_rename_events,45.0,complete,True,20260917
log_suppression_attack,44,2026-01-06T20:00:00Z,baseline,file_rename_events,55.0,complete,True,20260917
log_suppression_attack,45,2026-01-06T21:00:00Z,baseline,file_rename_events,45.0,complete,True,20260917
log_suppression_attack,46,2026-01-06T22:00:00Z,baseline,file_rename_events,35.0,complete,True,20260917
log_suppression_attack,47,2026-01-06T23:00:00Z,baseline,file_rename_events,38.0,complete,True,20260917
log_suppression_attack,48,2026-01-07T00:00:00Z,target,file_rename_events,42,complete,True,20260917
log_suppression_attack,0,2026-01-05T00:00:00Z,baseline,inbound_requests,29352.0,complete,True,20260917
log_suppression_attack,1,2026-01-05T01:00:00Z,baseline,inbound_requests,29716.0,complete,True,20260917
log_suppression_attack,2,2026-01-05T02:00:00Z,baseline,inbound_requests,25439.0,complete,True,20260917
log_suppression_attack,3,2026-01-05T03:00:00Z,baseline,inbound_requests,26607.0,complete,True,20260917
log_suppression_attack,4,2026-01-05T04:00:00Z,baseline,inbound_requests,30350.0,complete,True,20260917
log_suppression_attack,5,2026-01-05T05:00:00Z,baseline,inbound_requests,35167.0,complete,True,20260917
log_suppression_attack,6,2026-01-05T06:00:00Z,baseline,inbound_requests,39265.0,complete,True,20260917
log_suppression_attack,7,2026-01-05T07:00:00Z,baseline,inbound_requests,45370.0,complete,True,20260917
log_suppression_attack,8,2026-01-05T08:00:00Z,baseline,inbound_requests,52925.0,complete,True,20260917
log_suppression_attack,9,2026-01-05T09:00:00Z,baseline,inbound_requests,58780.0,complete,True,20260917
log_suppression_attack,10,2026-01-05T10:00:00Z,baseline,inbound_requests,58511.0,complete,True,20260917
log_suppression_attack,11,2026-01-05T11:00:00Z,baseline,inbound_requests,68488.0,complete,True,20260917
log_suppression_attack,12,2026-01-05T12:00:00Z,baseline,inbound_requests,73337.0,complete,True,20260917
log_suppression_attack,13,2026-01-05T13:00:00Z,baseline,inbound_requests,72925.0,complete,True,20260917
log_suppression_attack,14,2026-01-05T14:00:00Z,baseline,inbound_requests,71574.0,complete,True,20260917
log_suppression_attack,15,2026-01-05T15:00:00Z,baseline,inbound_requests,70124.0,complete,True,20260917
log_suppression_attack,16,2026-01-05T16:00:00Z,baseline,inbound_requests,73870.0,complete,True,20260917
log_suppression_attack,17,2026-01-05T17:00:00Z,baseline,inbound_requests,66425.0,complete,True,20260917
log_suppression_attack,18,2026-01-05T18:00:00Z,baseline,inbound_requests,64938.0,complete,True,20260917
log_suppression_attack,19,2026-01-05T19:00:00Z,baseline,inbound_requests,61734.0,complete,True,20260917
log_suppression_attack,20,2026-01-05T20:00:00Z,baseline,inbound_requests,52152.0,complete,True,20260917
log_suppression_attack,21,2026-01-05T21:00:00Z,baseline,inbound_requests,47481.0,complete,True,20260917
log_suppression_attack,22,2026-01-05T22:00:00Z,baseline,inbound_requests,36247.0,complete,True,20260917
log_suppression_attack,23,2026-01-05T23:00:00Z,baseline,inbound_requests,34665.0,complete,True,20260917
log_suppression_attack,24,2026-01-06T00:00:00Z,baseline,inbound_requests,31126.0,complete,True,20260917
log_suppression_attack,25,2026-01-06T01:00:00Z,baseline,inbound_requests,29649.0,complete,True,20260917
log_suppression_attack,26,2026-01-06T02:00:00Z,baseline,inbound_requests,28877.0,complete,True,20260917
log_suppression_attack,27,2026-01-06T03:00:00Z,baseline,inbound_requests,29219.0,complete,True,20260917
log_suppression_attack,28,2026-01-06T04:00:00Z,baseline,inbound_requests,32018.0,complete,True,20260917
log_suppression_attack,29,2026-01-06T05:00:00Z,baseline,inbound_requests,32167.0,complete,True,20260917
log_suppression_attack,30,2026-01-06T06:00:00Z,baseline,inbound_requests,39793.0,complete,True,20260917
log_suppression_attack,31,2026-01-06T07:00:00Z,baseline,inbound_requests,49087.0,complete,True,20260917
log_suppression_attack,32,2026-01-06T08:00:00Z,baseline,inbound_requests,50895.0,complete,True,20260917
log_suppression_attack,33,2026-01-06T09:00:00Z,baseline,inbound_requests,59251.0,complete,True,20260917
log_suppression_attack,34,2026-01-06T10:00:00Z,baseline,inbound_requests,64819.0,complete,True,20260917
log_suppression_attack,35,2026-01-06T11:00:00Z,baseline,inbound_requests,67831.0,complete,True,20260917
log_suppression_attack,36,2026-01-06T12:00:00Z,baseline,inbound_requests,75677.0,complete,True,20260917
log_suppression_attack,37,2026-01-06T13:00:00Z,baseline,inbound_requests,75510.0,complete,True,20260917
log_suppression_attack,38,2026-01-06T14:00:00Z,baseline,inbound_requests,81515.0,complete,True,20260917
log_suppression_attack,39,2026-01-06T15:00:00Z,baseline,inbound_requests,74061.0,complete,True,20260917
log_suppression_attack,40,2026-01-06T16:00:00Z,baseline,inbound_requests,65062.0,complete,True,20260917
log_suppression_attack,41,2026-01-06T17:00:00Z,baseline,inbound_requests,71673.0,complete,True,20260917
log_suppression_attack,42,2026-01-06T18:00:00Z,baseline,inbound_requests,65731.0,complete,True,20260917
log_suppression_attack,43,2026-01-06T19:00:00Z,baseline,inbound_requests,60337.0,complete,True,20260917
log_suppression_attack,44,2026-01-06T20:00:00Z,baseline,inbound_requests,51701.0,complete,True,20260917
log_suppression_attack,45,2026-01-06T21:00:00Z,baseline,inbound_requests,41826.0,complete,True,20260917
log_suppression_attack,46,2026-01-06T22:00:00Z,baseline,inbound_requests,42450.0,complete,True,20260917
log_suppression_attack,47,2026-01-06T23:00:00Z,baseline,inbound_requests,35362.0,complete,True,20260917
log_suppression_attack,48,2026-01-07T00:00:00Z,target,inbound_requests,30973,complete,True,20260917
new_edr_sensor,0,2026-01-05T00:00:00Z,baseline,auth_failures,102.0,complete,True,20260918
new_edr_sensor,1,2026-01-05T01:00:00Z,baseline,auth_failures,95.0,complete,True,20260918
new_edr_sensor,2,2026-01-05T02:00:00Z,baseline,auth_failures,93.0,complete,True,20260918
new_edr_sensor,3,2026-01-05T03:00:00Z,baseline,auth_failures,105.0,complete,True,20260918
new_edr_sensor,4,2026-01-05T04:00:00Z,baseline,auth_failures,76.0,complete,True,20260918
new_edr_sensor,5,2026-01-05T05:00:00Z,baseline,auth_failures,107.0,complete,True,20260918
new_edr_sensor,6,2026-01-05T06:00:00Z,baseline,auth_failures,105.0,complete,True,20260918
new_edr_sensor,7,2026-01-05T07:00:00Z,baseline,auth_failures,96.0,complete,True,20260918
new_edr_sensor,8,2026-01-05T08:00:00Z,baseline,auth_failures,111.0,complete,True,20260918
new_edr_sensor,9,2026-01-05T09:00:00Z,baseline,auth_failures,155.0,complete,True,20260918
new_edr_sensor,10,2026-01-05T10:00:00Z,baseline,auth_failures,166.0,complete,True,20260918
new_edr_sensor,11,2026-01-05T11:00:00Z,baseline,auth_failures,186.0,complete,True,20260918
new_edr_sensor,12,2026-01-05T12:00:00Z,baseline,auth_failures,110.0,complete,True,20260918
new_edr_sensor,13,2026-01-05T13:00:00Z,baseline,auth_failures,172.0,complete,True,20260918
new_edr_sensor,14,2026-01-05T14:00:00Z,baseline,auth_failures,146.0,complete,True,20260918
new_edr_sensor,15,2026-01-05T15:00:00Z,baseline,auth_failures,180.0,complete,True,20260918
new_edr_sensor,16,2026-01-05T16:00:00Z,baseline,auth_failures,162.0,complete,True,20260918
new_edr_sensor,17,2026-01-05T17:00:00Z,baseline,auth_failures,200.0,complete,True,20260918
new_edr_sensor,18,2026-01-05T18:00:00Z,baseline,auth_failures,144.0,complete,True,20260918
new_edr_sensor,19,2026-01-05T19:00:00Z,baseline,auth_failures,152.0,complete,True,20260918
new_edr_sensor,20,2026-01-05T20:00:00Z,baseline,auth_failures,122.0,complete,True,20260918
new_edr_sensor,21,2026-01-05T21:00:00Z,baseline,auth_failures,113.0,complete,True,20260918
new_edr_sensor,22,2026-01-05T22:00:00Z,baseline,auth_failures,111.0,complete,True,20260918
new_edr_sensor,23,2026-01-05T23:00:00Z,baseline,auth_failures,85.0,complete,True,20260918
new_edr_sensor,24,2026-01-06T00:00:00Z,baseline,auth_failures,84.0,complete,True,20260918
new_edr_sensor,25,2026-01-06T01:00:00Z,baseline,auth_failures,91.0,complete,True,20260918
new_edr_sensor,26,2026-01-06T02:00:00Z,baseline,auth_failures,69.0,complete,True,20260918
new_edr_sensor,27,2026-01-06T03:00:00Z,baseline,auth_failures,88.0,complete,True,20260918
new_edr_sensor,28,2026-01-06T04:00:00Z,baseline,auth_failures,95.0,complete,True,20260918
new_edr_sensor,29,2026-01-06T05:00:00Z,baseline,auth_failures,113.0,complete,True,20260918
new_edr_sensor,30,2026-01-06T06:00:00Z,baseline,auth_failures,113.0,complete,True,20260918
new_edr_sensor,31,2026-01-06T07:00:00Z,baseline,auth_failures,103.0,complete,True,20260918
new_edr_sensor,32,2026-01-06T08:00:00Z,baseline,auth_failures,125.0,complete,True,20260918
new_edr_sensor,33,2026-01-06T09:00:00Z,baseline,auth_failures,136.0,complete,True,20260918
new_edr_sensor,34,2026-01-06T10:00:00Z,baseline,auth_failures,121.0,complete,True,20260918
new_edr_sensor,35,2026-01-06T11:00:00Z,baseline,auth_failures,149.0,complete,True,20260918
new_edr_sensor,36,2026-01-06T12:00:00Z,baseline,auth_failures,156.0,complete,True,20260918
new_edr_sensor,37,2026-01-06T13:00:00Z,baseline,auth_failures,156.0,complete,True,20260918
new_edr_sensor,38,2026-01-06T14:00:00Z,baseline,auth_failures,156.0,complete,True,20260918
new_edr_sensor,39,2026-01-06T15:00:00Z,baseline,auth_failures,167.0,complete,True,20260918
new_edr_sensor,40,2026-01-06T16:00:00Z,baseline,auth_failures,150.0,complete,True,20260918
new_edr_sensor,41,2026-01-06T17:00:00Z,baseline,auth_failures,142.0,complete,True,20260918
new_edr_sensor,42,2026-01-06T18:00:00Z,baseline,auth_failures,165.0,complete,True,20260918
new_edr_sensor,43,2026-01-06T19:00:00Z,baseline,auth_failures,131.0,complete,True,20260918
new_edr_sensor,44,2026-01-06T20:00:00Z,baseline,auth_failures,121.0,complete,True,20260918
new_edr_sensor,45,2026-01-06T21:00:00Z,baseline,auth_failures,106.0,complete,True,20260918
new_edr_sensor,46,2026-01-06T22:00:00Z,baseline,auth_failures,109.0,complete,True,20260918
new_edr_sensor,47,2026-01-06T23:00:00Z,baseline,auth_failures,107.0,complete,True,20260918
new_edr_sensor,48,2026-01-07T00:00:00Z,target,auth_failures,97,complete,True,20260918
new_edr_sensor,0,2026-01-05T00:00:00Z,baseline,unique_failed_accounts,28.0,complete,True,20260918
new_edr_sensor,1,2026-01-05T01:00:00Z,baseline,unique_failed_accounts,26.0,complete,True,20260918
new_edr_sensor,2,2026-01-05T02:00:00Z,baseline,unique_failed_accounts,24.0,complete,True,20260918
new_edr_sensor,3,2026-01-05T03:00:00Z,baseline,unique_failed_accounts,25.0,complete,True,20260918
new_edr_sensor,4,2026-01-05T04:00:00Z,baseline,unique_failed_accounts,23.0,complete,True,20260918
new_edr_sensor,5,2026-01-05T05:00:00Z,baseline,unique_failed_accounts,26.0,complete,True,20260918
new_edr_sensor,6,2026-01-05T06:00:00Z,baseline,unique_failed_accounts,26.0,complete,True,20260918
new_edr_sensor,7,2026-01-05T07:00:00Z,baseline,unique_failed_accounts,28.0,complete,True,20260918
new_edr_sensor,8,2026-01-05T08:00:00Z,baseline,unique_failed_accounts,36.0,complete,True,20260918
new_edr_sensor,9,2026-01-05T09:00:00Z,baseline,unique_failed_accounts,38.0,complete,True,20260918
new_edr_sensor,10,2026-01-05T10:00:00Z,baseline,unique_failed_accounts,42.0,complete,True,20260918
new_edr_sensor,11,2026-01-05T11:00:00Z,baseline,unique_failed_accounts,38.0,complete,True,20260918
new_edr_sensor,12,2026-01-05T12:00:00Z,baseline,unique_failed_accounts,46.0,complete,True,20260918
new_edr_sensor,13,2026-01-05T13:00:00Z,baseline,unique_failed_accounts,47.0,complete,True,20260918
new_edr_sensor,14,2026-01-05T14:00:00Z,baseline,unique_failed_accounts,50.0,complete,True,20260918
new_edr_sensor,15,2026-01-05T15:00:00Z,baseline,unique_failed_accounts,50.0,complete,True,20260918
new_edr_sensor,16,2026-01-05T16:00:00Z,baseline,unique_failed_accounts,39.0,complete,True,20260918
new_edr_sensor,17,2026-01-05T17:00:00Z,baseline,unique_failed_accounts,44.0,complete,True,20260918
new_edr_sensor,18,2026-01-05T18:00:00Z,baseline,unique_failed_accounts,38.0,complete,True,20260918
new_edr_sensor,19,2026-01-05T19:00:00Z,baseline,unique_failed_accounts,33.0,complete,True,20260918
new_edr_sensor,20,2026-01-05T20:00:00Z,baseline,unique_failed_accounts,32.0,complete,True,20260918
new_edr_sensor,21,2026-01-05T21:00:00Z,baseline,unique_failed_accounts,37.0,complete,True,20260918
new_edr_sensor,22,2026-01-05T22:00:00Z,baseline,unique_failed_accounts,33.0,complete,True,20260918
new_edr_sensor,23,2026-01-05T23:00:00Z,baseline,unique_failed_accounts,29.0,complete,True,20260918
new_edr_sensor,24,2026-01-06T00:00:00Z,baseline,unique_failed_accounts,27.0,complete,True,20260918
new_edr_sensor,25,2026-01-06T01:00:00Z,baseline,unique_failed_accounts,24.0,complete,True,20260918
new_edr_sensor,26,2026-01-06T02:00:00Z,baseline,unique_failed_accounts,26.0,complete,True,20260918
new_edr_sensor,27,2026-01-06T03:00:00Z,baseline,unique_failed_accounts,27.0,complete,True,20260918
new_edr_sensor,28,2026-01-06T04:00:00Z,baseline,unique_failed_accounts,29.0,complete,True,20260918
new_edr_sensor,29,2026-01-06T05:00:00Z,baseline,unique_failed_accounts,29.0,complete,True,20260918
new_edr_sensor,30,2026-01-06T06:00:00Z,baseline,unique_failed_accounts,34.0,complete,True,20260918
new_edr_sensor,31,2026-01-06T07:00:00Z,baseline,unique_failed_accounts,34.0,complete,True,20260918
new_edr_sensor,32,2026-01-06T08:00:00Z,baseline,unique_failed_accounts,36.0,complete,True,20260918
new_edr_sensor,33,2026-01-06T09:00:00Z,baseline,unique_failed_accounts,42.0,complete,True,20260918
new_edr_sensor,34,2026-01-06T10:00:00Z,baseline,unique_failed_accounts,42.0,complete,True,20260918
new_edr_sensor,35,2026-01-06T11:00:00Z,baseline,unique_failed_accounts,39.0,complete,True,20260918
new_edr_sensor,36,2026-01-06T12:00:00Z,baseline,unique_failed_accounts,43.0,complete,True,20260918
new_edr_sensor,37,2026-01-06T13:00:00Z,baseline,unique_failed_accounts,48.0,complete,True,20260918
new_edr_sensor,38,2026-01-06T14:00:00Z,baseline,unique_failed_accounts,52.0,complete,True,20260918
new_edr_sensor,39,2026-01-06T15:00:00Z,baseline,unique_failed_accounts,46.0,complete,True,20260918
new_edr_sensor,40,2026-01-06T16:00:00Z,baseline,unique_failed_accounts,41.0,complete,True,20260918
new_edr_sensor,41,2026-01-06T17:00:00Z,baseline,unique_failed_accounts,41.0,complete,True,20260918
new_edr_sensor,42,2026-01-06T18:00:00Z,baseline,unique_failed_accounts,43.0,complete,True,20260918
new_edr_sensor,43,2026-01-06T19:00:00Z,baseline,unique_failed_accounts,37.0,complete,True,20260918
new_edr_sensor,44,2026-01-06T20:00:00Z,baseline,unique_failed_accounts,34.0,complete,True,20260918
new_edr_sensor,45,2026-01-06T21:00:00Z,baseline,unique_failed_accounts,32.0,complete,True,20260918
new_edr_sensor,46,2026-01-06T22:00:00Z,baseline,unique_failed_accounts,34.0,complete,True,20260918
new_edr_sensor,47,2026-01-06T23:00:00Z,baseline,unique_failed_accounts,28.0,complete,True,20260918
new_edr_sensor,48,2026-01-07T00:00:00Z,target,unique_failed_accounts,32,complete,True,20260918
new_edr_sensor,0,2026-01-05T00:00:00Z,baseline,unique_source_ips,200.0,complete,True,20260918
new_edr_sensor,1,2026-01-05T01:00:00Z,baseline,unique_source_ips,183.0,complete,True,20260918
new_edr_sensor,2,2026-01-05T02:00:00Z,baseline,unique_source_ips,192.0,complete,True,20260918
new_edr_sensor,3,2026-01-05T03:00:00Z,baseline,unique_source_ips,169.0,complete,True,20260918
new_edr_sensor,4,2026-01-05T04:00:00Z,baseline,unique_source_ips,225.0,complete,True,20260918
new_edr_sensor,5,2026-01-05T05:00:00Z,baseline,unique_source_ips,193.0,complete,True,20260918
new_edr_sensor,6,2026-01-05T06:00:00Z,baseline,unique_source_ips,230.0,complete,True,20260918
new_edr_sensor,7,2026-01-05T07:00:00Z,baseline,unique_source_ips,238.0,complete,True,20260918
new_edr_sensor,8,2026-01-05T08:00:00Z,baseline,unique_source_ips,230.0,complete,True,20260918
new_edr_sensor,9,2026-01-05T09:00:00Z,baseline,unique_source_ips,278.0,complete,True,20260918
new_edr_sensor,10,2026-01-05T10:00:00Z,baseline,unique_source_ips,290.0,complete,True,20260918
new_edr_sensor,11,2026-01-05T11:00:00Z,baseline,unique_source_ips,314.0,complete,True,20260918
new_edr_sensor,12,2026-01-05T12:00:00Z,baseline,unique_source_ips,276.0,complete,True,20260918
new_edr_sensor,13,2026-01-05T13:00:00Z,baseline,unique_source_ips,333.0,complete,True,20260918
new_edr_sensor,14,2026-01-05T14:00:00Z,baseline,unique_source_ips,253.0,complete,True,20260918
new_edr_sensor,15,2026-01-05T15:00:00Z,baseline,unique_source_ips,245.0,complete,True,20260918
new_edr_sensor,16,2026-01-05T16:00:00Z,baseline,unique_source_ips,307.0,complete,True,20260918
new_edr_sensor,17,2026-01-05T17:00:00Z,baseline,unique_source_ips,263.0,complete,True,20260918
new_edr_sensor,18,2026-01-05T18:00:00Z,baseline,unique_source_ips,268.0,complete,True,20260918
new_edr_sensor,19,2026-01-05T19:00:00Z,baseline,unique_source_ips,270.0,complete,True,20260918
new_edr_sensor,20,2026-01-05T20:00:00Z,baseline,unique_source_ips,234.0,complete,True,20260918
new_edr_sensor,21,2026-01-05T21:00:00Z,baseline,unique_source_ips,243.0,complete,True,20260918
new_edr_sensor,22,2026-01-05T22:00:00Z,baseline,unique_source_ips,210.0,complete,True,20260918
new_edr_sensor,23,2026-01-05T23:00:00Z,baseline,unique_source_ips,212.0,complete,True,20260918
new_edr_sensor,24,2026-01-06T00:00:00Z,baseline,unique_source_ips,204.0,complete,True,20260918
new_edr_sensor,25,2026-01-06T01:00:00Z,baseline,unique_source_ips,189.0,complete,True,20260918
new_edr_sensor,26,2026-01-06T02:00:00Z,baseline,unique_source_ips,197.0,complete,True,20260918
new_edr_sensor,27,2026-01-06T03:00:00Z,baseline,unique_source_ips,180.0,complete,True,20260918
new_edr_sensor,28,2026-01-06T04:00:00Z,baseline,unique_source_ips,218.0,complete,True,20260918
new_edr_sensor,29,2026-01-06T05:00:00Z,baseline,unique_source_ips,220.0,complete,True,20260918
new_edr_sensor,30,2026-01-06T06:00:00Z,baseline,unique_source_ips,215.0,complete,True,20260918
new_edr_sensor,31,2026-01-06T07:00:00Z,baseline,unique_source_ips,216.0,complete,True,20260918
new_edr_sensor,32,2026-01-06T08:00:00Z,baseline,unique_source_ips,280.0,complete,True,20260918
new_edr_sensor,33,2026-01-06T09:00:00Z,baseline,unique_source_ips,262.0,complete,True,20260918
new_edr_sensor,34,2026-01-06T10:00:00Z,baseline,unique_source_ips,291.0,complete,True,20260918
new_edr_sensor,35,2026-01-06T11:00:00Z,baseline,unique_source_ips,311.0,complete,True,20260918
new_edr_sensor,36,2026-01-06T12:00:00Z,baseline,unique_source_ips,348.0,complete,True,20260918
new_edr_sensor,37,2026-01-06T13:00:00Z,baseline,unique_source_ips,312.0,complete,True,20260918
new_edr_sensor,38,2026-01-06T14:00:00Z,baseline,unique_source_ips,295.0,complete,True,20260918
new_edr_sensor,39,2026-01-06T15:00:00Z,baseline,unique_source_ips,299.0,complete,True,20260918
new_edr_sensor,40,2026-01-06T16:00:00Z,baseline,unique_source_ips,331.0,complete,True,20260918
new_edr_sensor,41,2026-01-06T17:00:00Z,baseline,unique_source_ips,325.0,complete,True,20260918
new_edr_sensor,42,2026-01-06T18:00:00Z,baseline,unique_source_ips,269.0,complete,True,20260918
new_edr_sensor,43,2026-01-06T19:00:00Z,baseline,unique_source_ips,220.0,complete,True,20260918
new_edr_sensor,44,2026-01-06T20:00:00Z,baseline,unique_source_ips,234.0,complete,True,20260918
new_edr_sensor,45,2026-01-06T21:00:00Z,baseline,unique_source_ips,254.0,complete,True,20260918
new_edr_sensor,46,2026-01-06T22:00:00Z,baseline,unique_source_ips,228.0,complete,True,20260918
new_edr_sensor,47,2026-01-06T23:00:00Z,baseline,unique_source_ips,254.0,complete,True,20260918
new_edr_sensor,48,2026-01-07T00:00:00Z,target,unique_source_ips,221,complete,True,20260918
new_edr_sensor,0,2026-01-05T00:00:00Z,baseline,successful_logins,944.0,complete,True,20260918
new_edr_sensor,1,2026-01-05T01:00:00Z,baseline,successful_logins,899.0,complete,True,20260918
new_edr_sensor,2,2026-01-05T02:00:00Z,baseline,successful_logins,863.0,complete,True,20260918
new_edr_sensor,3,2026-01-05T03:00:00Z,baseline,successful_logins,963.0,complete,True,20260918
new_edr_sensor,4,2026-01-05T04:00:00Z,baseline,successful_logins,1044.0,complete,True,20260918
new_edr_sensor,5,2026-01-05T05:00:00Z,baseline,successful_logins,1052.0,complete,True,20260918
new_edr_sensor,6,2026-01-05T06:00:00Z,baseline,successful_logins,1152.0,complete,True,20260918
new_edr_sensor,7,2026-01-05T07:00:00Z,baseline,successful_logins,1383.0,complete,True,20260918
new_edr_sensor,8,2026-01-05T08:00:00Z,baseline,successful_logins,1388.0,complete,True,20260918
new_edr_sensor,9,2026-01-05T09:00:00Z,baseline,successful_logins,1751.0,complete,True,20260918
new_edr_sensor,10,2026-01-05T10:00:00Z,baseline,successful_logins,1882.0,complete,True,20260918
new_edr_sensor,11,2026-01-05T11:00:00Z,baseline,successful_logins,1831.0,complete,True,20260918
new_edr_sensor,12,2026-01-05T12:00:00Z,baseline,successful_logins,2111.0,complete,True,20260918
new_edr_sensor,13,2026-01-05T13:00:00Z,baseline,successful_logins,2267.0,complete,True,20260918
new_edr_sensor,14,2026-01-05T14:00:00Z,baseline,successful_logins,2168.0,complete,True,20260918
new_edr_sensor,15,2026-01-05T15:00:00Z,baseline,successful_logins,2118.0,complete,True,20260918
new_edr_sensor,16,2026-01-05T16:00:00Z,baseline,successful_logins,2218.0,complete,True,20260918
new_edr_sensor,17,2026-01-05T17:00:00Z,baseline,successful_logins,1859.0,complete,True,20260918
new_edr_sensor,18,2026-01-05T18:00:00Z,baseline,successful_logins,2010.0,complete,True,20260918
new_edr_sensor,19,2026-01-05T19:00:00Z,baseline,successful_logins,1681.0,complete,True,20260918
new_edr_sensor,20,2026-01-05T20:00:00Z,baseline,successful_logins,1549.0,complete,True,20260918
new_edr_sensor,21,2026-01-05T21:00:00Z,baseline,successful_logins,1285.0,complete,True,20260918
new_edr_sensor,22,2026-01-05T22:00:00Z,baseline,successful_logins,1259.0,complete,True,20260918
new_edr_sensor,23,2026-01-05T23:00:00Z,baseline,successful_logins,1119.0,complete,True,20260918
new_edr_sensor,24,2026-01-06T00:00:00Z,baseline,successful_logins,1016.0,complete,True,20260918
new_edr_sensor,25,2026-01-06T01:00:00Z,baseline,successful_logins,1038.0,complete,True,20260918
new_edr_sensor,26,2026-01-06T02:00:00Z,baseline,successful_logins,970.0,complete,True,20260918
new_edr_sensor,27,2026-01-06T03:00:00Z,baseline,successful_logins,919.0,complete,True,20260918
new_edr_sensor,28,2026-01-06T04:00:00Z,baseline,successful_logins,1111.0,complete,True,20260918
new_edr_sensor,29,2026-01-06T05:00:00Z,baseline,successful_logins,967.0,complete,True,20260918
new_edr_sensor,30,2026-01-06T06:00:00Z,baseline,successful_logins,1114.0,complete,True,20260918
new_edr_sensor,31,2026-01-06T07:00:00Z,baseline,successful_logins,1356.0,complete,True,20260918
new_edr_sensor,32,2026-01-06T08:00:00Z,baseline,successful_logins,1428.0,complete,True,20260918
new_edr_sensor,33,2026-01-06T09:00:00Z,baseline,successful_logins,1663.0,complete,True,20260918
new_edr_sensor,34,2026-01-06T10:00:00Z,baseline,successful_logins,1904.0,complete,True,20260918
new_edr_sensor,35,2026-01-06T11:00:00Z,baseline,successful_logins,2020.0,complete,True,20260918
new_edr_sensor,36,2026-01-06T12:00:00Z,baseline,successful_logins,2028.0,complete,True,20260918
new_edr_sensor,37,2026-01-06T13:00:00Z,baseline,successful_logins,2235.0,complete,True,20260918
new_edr_sensor,38,2026-01-06T14:00:00Z,baseline,successful_logins,2067.0,complete,True,20260918
new_edr_sensor,39,2026-01-06T15:00:00Z,baseline,successful_logins,2238.0,complete,True,20260918
new_edr_sensor,40,2026-01-06T16:00:00Z,baseline,successful_logins,2087.0,complete,True,20260918
new_edr_sensor,41,2026-01-06T17:00:00Z,baseline,successful_logins,1924.0,complete,True,20260918
new_edr_sensor,42,2026-01-06T18:00:00Z,baseline,successful_logins,1702.0,complete,True,20260918
new_edr_sensor,43,2026-01-06T19:00:00Z,baseline,successful_logins,1742.0,complete,True,20260918
new_edr_sensor,44,2026-01-06T20:00:00Z,baseline,successful_logins,1591.0,complete,True,20260918
new_edr_sensor,45,2026-01-06T21:00:00Z,baseline,successful_logins,1347.0,complete,True,20260918
new_edr_sensor,46,2026-01-06T22:00:00Z,baseline,successful_logins,1377.0,complete,True,20260918
new_edr_sensor,47,2026-01-06T23:00:00Z,baseline,successful_logins,1075.0,complete,True,20260918
new_edr_sensor,48,2026-01-07T00:00:00Z,target,successful_logins,1010,complete,True,20260918
new_edr_sensor,0,2026-01-05T00:00:00Z,baseline,privileged_changes,1.0,complete,True,20260918
new_edr_sensor,1,2026-01-05T01:00:00Z,baseline,privileged_changes,1.0,complete,True,20260918
new_edr_sensor,2,2026-01-05T02:00:00Z,baseline,privileged_changes,2.0,complete,True,20260918
new_edr_sensor,3,2026-01-05T03:00:00Z,baseline,privileged_changes,2.0,complete,True,20260918
new_edr_sensor,4,2026-01-05T04:00:00Z,baseline,privileged_changes,1.0,complete,True,20260918
new_edr_sensor,5,2026-01-05T05:00:00Z,baseline,privileged_changes,2.0,complete,True,20260918
new_edr_sensor,6,2026-01-05T06:00:00Z,baseline,privileged_changes,2.0,complete,True,20260918
new_edr_sensor,7,2026-01-05T07:00:00Z,baseline,privileged_changes,2.0,complete,True,20260918
new_edr_sensor,8,2026-01-05T08:00:00Z,baseline,privileged_changes,2.0,complete,True,20260918
new_edr_sensor,9,2026-01-05T09:00:00Z,baseline,privileged_changes,3.0,complete,True,20260918
new_edr_sensor,10,2026-01-05T10:00:00Z,baseline,privileged_changes,2.0,complete,True,20260918
new_edr_sensor,11,2026-01-05T11:00:00Z,baseline,privileged_changes,1.0,complete,True,20260918
new_edr_sensor,12,2026-01-05T12:00:00Z,baseline,privileged_changes,2.0,complete,True,20260918
new_edr_sensor,13,2026-01-05T13:00:00Z,baseline,privileged_changes,3.0,complete,True,20260918
new_edr_sensor,14,2026-01-05T14:00:00Z,baseline,privileged_changes,2.0,complete,True,20260918
new_edr_sensor,15,2026-01-05T15:00:00Z,baseline,privileged_changes,2.0,complete,True,20260918
new_edr_sensor,16,2026-01-05T16:00:00Z,baseline,privileged_changes,1.0,complete,True,20260918
new_edr_sensor,17,2026-01-05T17:00:00Z,baseline,privileged_changes,3.0,complete,True,20260918
new_edr_sensor,18,2026-01-05T18:00:00Z,baseline,privileged_changes,2.0,complete,True,20260918
new_edr_sensor,19,2026-01-05T19:00:00Z,baseline,privileged_changes,3.0,complete,True,20260918
new_edr_sensor,20,2026-01-05T20:00:00Z,baseline,privileged_changes,2.0,complete,True,20260918
new_edr_sensor,21,2026-01-05T21:00:00Z,baseline,privileged_changes,1.0,complete,True,20260918
new_edr_sensor,22,2026-01-05T22:00:00Z,baseline,privileged_changes,2.0,complete,True,20260918
new_edr_sensor,23,2026-01-05T23:00:00Z,baseline,privileged_changes,2.0,complete,True,20260918
new_edr_sensor,24,2026-01-06T00:00:00Z,baseline,privileged_changes,2.0,complete,True,20260918
new_edr_sensor,25,2026-01-06T01:00:00Z,baseline,privileged_changes,1.0,complete,True,20260918
new_edr_sensor,26,2026-01-06T02:00:00Z,baseline,privileged_changes,2.0,complete,True,20260918
new_edr_sensor,27,2026-01-06T03:00:00Z,baseline,privileged_changes,2.0,complete,True,20260918
new_edr_sensor,28,2026-01-06T04:00:00Z,baseline,privileged_changes,1.0,complete,True,20260918
new_edr_sensor,29,2026-01-06T05:00:00Z,baseline,privileged_changes,2.0,complete,True,20260918
new_edr_sensor,30,2026-01-06T06:00:00Z,baseline,privileged_changes,2.0,complete,True,20260918
new_edr_sensor,31,2026-01-06T07:00:00Z,baseline,privileged_changes,2.0,complete,True,20260918
new_edr_sensor,32,2026-01-06T08:00:00Z,baseline,privileged_changes,2.0,complete,True,20260918
new_edr_sensor,33,2026-01-06T09:00:00Z,baseline,privileged_changes,1.0,complete,True,20260918
new_edr_sensor,34,2026-01-06T10:00:00Z,baseline,privileged_changes,2.0,complete,True,20260918
new_edr_sensor,35,2026-01-06T11:00:00Z,baseline,privileged_changes,2.0,complete,True,20260918
new_edr_sensor,36,2026-01-06T12:00:00Z,baseline,privileged_changes,3.0,complete,True,20260918
new_edr_sensor,37,2026-01-06T13:00:00Z,baseline,privileged_changes,3.0,complete,True,20260918
new_edr_sensor,38,2026-01-06T14:00:00Z,baseline,privileged_changes,2.0,complete,True,20260918
new_edr_sensor,39,2026-01-06T15:00:00Z,baseline,privileged_changes,2.0,complete,True,20260918
new_edr_sensor,40,2026-01-06T16:00:00Z,baseline,privileged_changes,2.0,complete,True,20260918
new_edr_sensor,41,2026-01-06T17:00:00Z,baseline,privileged_changes,1.0,complete,True,20260918
new_edr_sensor,42,2026-01-06T18:00:00Z,baseline,privileged_changes,2.0,complete,True,20260918
new_edr_sensor,43,2026-01-06T19:00:00Z,baseline,privileged_changes,2.0,complete,True,20260918
new_edr_sensor,44,2026-01-06T20:00:00Z,baseline,privileged_changes,2.0,complete,True,20260918
new_edr_sensor,45,2026-01-06T21:00:00Z,baseline,privileged_changes,2.0,complete,True,20260918
new_edr_sensor,46,2026-01-06T22:00:00Z,baseline,privileged_changes,2.0,complete,True,20260918
new_edr_sensor,47,2026-01-06T23:00:00Z,baseline,privileged_changes,1.0,complete,True,20260918
new_edr_sensor,48,2026-01-07T00:00:00Z,target,privileged_changes,2,complete,True,20260918
new_edr_sensor,0,2026-01-05T00:00:00Z,baseline,outbound_mb,615.043,complete,True,20260918
new_edr_sensor,1,2026-01-05T01:00:00Z,baseline,outbound_mb,601.391,complete,True,20260918
new_edr_sensor,2,2026-01-05T02:00:00Z,baseline,outbound_mb,603.842,complete,True,20260918
new_edr_sensor,3,2026-01-05T03:00:00Z,baseline,outbound_mb,582.462,complete,True,20260918
new_edr_sensor,4,2026-01-05T04:00:00Z,baseline,outbound_mb,621.255,complete,True,20260918
new_edr_sensor,5,2026-01-05T05:00:00Z,baseline,outbound_mb,607.317,complete,True,20260918
new_edr_sensor,6,2026-01-05T06:00:00Z,baseline,outbound_mb,770.704,complete,True,20260918
new_edr_sensor,7,2026-01-05T07:00:00Z,baseline,outbound_mb,740.023,complete,True,20260918
new_edr_sensor,8,2026-01-05T08:00:00Z,baseline,outbound_mb,831.782,complete,True,20260918
new_edr_sensor,9,2026-01-05T09:00:00Z,baseline,outbound_mb,922.38,complete,True,20260918
new_edr_sensor,10,2026-01-05T10:00:00Z,baseline,outbound_mb,1006.731,complete,True,20260918
new_edr_sensor,11,2026-01-05T11:00:00Z,baseline,outbound_mb,1052.537,complete,True,20260918
new_edr_sensor,12,2026-01-05T12:00:00Z,baseline,outbound_mb,1120.066,complete,True,20260918
new_edr_sensor,13,2026-01-05T13:00:00Z,baseline,outbound_mb,1140.888,complete,True,20260918
new_edr_sensor,14,2026-01-05T14:00:00Z,baseline,outbound_mb,1197.323,complete,True,20260918
new_edr_sensor,15,2026-01-05T15:00:00Z,baseline,outbound_mb,1162.54,complete,True,20260918
new_edr_sensor,16,2026-01-05T16:00:00Z,baseline,outbound_mb,1021.796,complete,True,20260918
new_edr_sensor,17,2026-01-05T17:00:00Z,baseline,outbound_mb,943.324,complete,True,20260918
new_edr_sensor,18,2026-01-05T18:00:00Z,baseline,outbound_mb,908.424,complete,True,20260918
new_edr_sensor,19,2026-01-05T19:00:00Z,baseline,outbound_mb,757.139,complete,True,20260918
new_edr_sensor,20,2026-01-05T20:00:00Z,baseline,outbound_mb,926.848,complete,True,20260918
new_edr_sensor,21,2026-01-05T21:00:00Z,baseline,outbound_mb,788.969,complete,True,20260918
new_edr_sensor,22,2026-01-05T22:00:00Z,baseline,outbound_mb,753.427,complete,True,20260918
new_edr_sensor,23,2026-01-05T23:00:00Z,baseline,outbound_mb,745.759,complete,True,20260918
new_edr_sensor,24,2026-01-06T00:00:00Z,baseline,outbound_mb,600.552,complete,True,20260918
new_edr_sensor,25,2026-01-06T01:00:00Z,baseline,outbound_mb,578.784,complete,True,20260918
new_edr_sensor,26,2026-01-06T02:00:00Z,baseline,outbound_mb,518.829,complete,True,20260918
new_edr_sensor,27,2026-01-06T03:00:00Z,baseline,outbound_mb,584.846,complete,True,20260918
new_edr_sensor,28,2026-01-06T04:00:00Z,baseline,outbound_mb,575.407,complete,True,20260918
new_edr_sensor,29,2026-01-06T05:00:00Z,baseline,outbound_mb,642.532,complete,True,20260918
new_edr_sensor,30,2026-01-06T06:00:00Z,baseline,outbound_mb,635.986,complete,True,20260918
new_edr_sensor,31,2026-01-06T07:00:00Z,baseline,outbound_mb,792.849,complete,True,20260918
new_edr_sensor,32,2026-01-06T08:00:00Z,baseline,outbound_mb,914.429,complete,True,20260918
new_edr_sensor,33,2026-01-06T09:00:00Z,baseline,outbound_mb,975.896,complete,True,20260918
new_edr_sensor,34,2026-01-06T10:00:00Z,baseline,outbound_mb,1038.401,complete,True,20260918
new_edr_sensor,35,2026-01-06T11:00:00Z,baseline,outbound_mb,1106.032,complete,True,20260918
new_edr_sensor,36,2026-01-06T12:00:00Z,baseline,outbound_mb,1061.314,complete,True,20260918
new_edr_sensor,37,2026-01-06T13:00:00Z,baseline,outbound_mb,1134.775,complete,True,20260918
new_edr_sensor,38,2026-01-06T14:00:00Z,baseline,outbound_mb,1109.966,complete,True,20260918
new_edr_sensor,39,2026-01-06T15:00:00Z,baseline,outbound_mb,1156.492,complete,True,20260918
new_edr_sensor,40,2026-01-06T16:00:00Z,baseline,outbound_mb,1142.769,complete,True,20260918
new_edr_sensor,41,2026-01-06T17:00:00Z,baseline,outbound_mb,1107.264,complete,True,20260918
new_edr_sensor,42,2026-01-06T18:00:00Z,baseline,outbound_mb,1133.085,complete,True,20260918
new_edr_sensor,43,2026-01-06T19:00:00Z,baseline,outbound_mb,1019.52,complete,True,20260918
new_edr_sensor,44,2026-01-06T20:00:00Z,baseline,outbound_mb,933.105,complete,True,20260918
new_edr_sensor,45,2026-01-06T21:00:00Z,baseline,outbound_mb,787.476,complete,True,20260918
new_edr_sensor,46,2026-01-06T22:00:00Z,baseline,outbound_mb,702.627,complete,True,20260918
new_edr_sensor,47,2026-01-06T23:00:00Z,baseline,outbound_mb,566.795,complete,True,20260918
new_edr_sensor,48,2026-01-07T00:00:00Z,target,outbound_mb,622.315,complete,True,20260918
new_edr_sensor,0,2026-01-05T00:00:00Z,baseline,api_5xx,12.0,complete,True,20260918
new_edr_sensor,1,2026-01-05T01:00:00Z,baseline,api_5xx,7.0,complete,True,20260918
new_edr_sensor,2,2026-01-05T02:00:00Z,baseline,api_5xx,12.0,complete,True,20260918
new_edr_sensor,3,2026-01-05T03:00:00Z,baseline,api_5xx,14.0,complete,True,20260918
new_edr_sensor,4,2026-01-05T04:00:00Z,baseline,api_5xx,11.0,complete,True,20260918
new_edr_sensor,5,2026-01-05T05:00:00Z,baseline,api_5xx,13.0,complete,True,20260918
new_edr_sensor,6,2026-01-05T06:00:00Z,baseline,api_5xx,10.0,complete,True,20260918
new_edr_sensor,7,2026-01-05T07:00:00Z,baseline,api_5xx,16.0,complete,True,20260918
new_edr_sensor,8,2026-01-05T08:00:00Z,baseline,api_5xx,21.0,complete,True,20260918
new_edr_sensor,9,2026-01-05T09:00:00Z,baseline,api_5xx,17.0,complete,True,20260918
new_edr_sensor,10,2026-01-05T10:00:00Z,baseline,api_5xx,18.0,complete,True,20260918
new_edr_sensor,11,2026-01-05T11:00:00Z,baseline,api_5xx,26.0,complete,True,20260918
new_edr_sensor,12,2026-01-05T12:00:00Z,baseline,api_5xx,27.0,complete,True,20260918
new_edr_sensor,13,2026-01-05T13:00:00Z,baseline,api_5xx,24.0,complete,True,20260918
new_edr_sensor,14,2026-01-05T14:00:00Z,baseline,api_5xx,22.0,complete,True,20260918
new_edr_sensor,15,2026-01-05T15:00:00Z,baseline,api_5xx,25.0,complete,True,20260918
new_edr_sensor,16,2026-01-05T16:00:00Z,baseline,api_5xx,27.0,complete,True,20260918
new_edr_sensor,17,2026-01-05T17:00:00Z,baseline,api_5xx,19.0,complete,True,20260918
new_edr_sensor,18,2026-01-05T18:00:00Z,baseline,api_5xx,22.0,complete,True,20260918
new_edr_sensor,19,2026-01-05T19:00:00Z,baseline,api_5xx,18.0,complete,True,20260918
new_edr_sensor,20,2026-01-05T20:00:00Z,baseline,api_5xx,17.0,complete,True,20260918
new_edr_sensor,21,2026-01-05T21:00:00Z,baseline,api_5xx,16.0,complete,True,20260918
new_edr_sensor,22,2026-01-05T22:00:00Z,baseline,api_5xx,18.0,complete,True,20260918
new_edr_sensor,23,2026-01-05T23:00:00Z,baseline,api_5xx,17.0,complete,True,20260918
new_edr_sensor,24,2026-01-06T00:00:00Z,baseline,api_5xx,8.0,complete,True,20260918
new_edr_sensor,25,2026-01-06T01:00:00Z,baseline,api_5xx,15.0,complete,True,20260918
new_edr_sensor,26,2026-01-06T02:00:00Z,baseline,api_5xx,17.0,complete,True,20260918
new_edr_sensor,27,2026-01-06T03:00:00Z,baseline,api_5xx,10.0,complete,True,20260918
new_edr_sensor,28,2026-01-06T04:00:00Z,baseline,api_5xx,13.0,complete,True,20260918
new_edr_sensor,29,2026-01-06T05:00:00Z,baseline,api_5xx,17.0,complete,True,20260918
new_edr_sensor,30,2026-01-06T06:00:00Z,baseline,api_5xx,11.0,complete,True,20260918
new_edr_sensor,31,2026-01-06T07:00:00Z,baseline,api_5xx,17.0,complete,True,20260918
new_edr_sensor,32,2026-01-06T08:00:00Z,baseline,api_5xx,16.0,complete,True,20260918
new_edr_sensor,33,2026-01-06T09:00:00Z,baseline,api_5xx,18.0,complete,True,20260918
new_edr_sensor,34,2026-01-06T10:00:00Z,baseline,api_5xx,25.0,complete,True,20260918
new_edr_sensor,35,2026-01-06T11:00:00Z,baseline,api_5xx,22.0,complete,True,20260918
new_edr_sensor,36,2026-01-06T12:00:00Z,baseline,api_5xx,26.0,complete,True,20260918
new_edr_sensor,37,2026-01-06T13:00:00Z,baseline,api_5xx,21.0,complete,True,20260918
new_edr_sensor,38,2026-01-06T14:00:00Z,baseline,api_5xx,27.0,complete,True,20260918
new_edr_sensor,39,2026-01-06T15:00:00Z,baseline,api_5xx,26.0,complete,True,20260918
new_edr_sensor,40,2026-01-06T16:00:00Z,baseline,api_5xx,24.0,complete,True,20260918
new_edr_sensor,41,2026-01-06T17:00:00Z,baseline,api_5xx,20.0,complete,True,20260918
new_edr_sensor,42,2026-01-06T18:00:00Z,baseline,api_5xx,27.0,complete,True,20260918
new_edr_sensor,43,2026-01-06T19:00:00Z,baseline,api_5xx,12.0,complete,True,20260918
new_edr_sensor,44,2026-01-06T20:00:00Z,baseline,api_5xx,15.0,complete,True,20260918
new_edr_sensor,45,2026-01-06T21:00:00Z,baseline,api_5xx,16.0,complete,True,20260918
new_edr_sensor,46,2026-01-06T22:00:00Z,baseline,api_5xx,20.0,complete,True,20260918
new_edr_sensor,47,2026-01-06T23:00:00Z,baseline,api_5xx,14.0,complete,True,20260918
new_edr_sensor,48,2026-01-07T00:00:00Z,target,api_5xx,14,complete,True,20260918
new_edr_sensor,0,2026-01-05T00:00:00Z,baseline,endpoint_alerts,,not_published,True,20260918
new_edr_sensor,1,2026-01-05T01:00:00Z,baseline,endpoint_alerts,,not_published,True,20260918
new_edr_sensor,2,2026-01-05T02:00:00Z,baseline,endpoint_alerts,,not_published,True,20260918
new_edr_sensor,3,2026-01-05T03:00:00Z,baseline,endpoint_alerts,,not_published,True,20260918
new_edr_sensor,4,2026-01-05T04:00:00Z,baseline,endpoint_alerts,,not_published,True,20260918
new_edr_sensor,5,2026-01-05T05:00:00Z,baseline,endpoint_alerts,,not_published,True,20260918
new_edr_sensor,6,2026-01-05T06:00:00Z,baseline,endpoint_alerts,,not_published,True,20260918
new_edr_sensor,7,2026-01-05T07:00:00Z,baseline,endpoint_alerts,,not_published,True,20260918
new_edr_sensor,8,2026-01-05T08:00:00Z,baseline,endpoint_alerts,,not_published,True,20260918
new_edr_sensor,9,2026-01-05T09:00:00Z,baseline,endpoint_alerts,,not_published,True,20260918
new_edr_sensor,10,2026-01-05T10:00:00Z,baseline,endpoint_alerts,,not_published,True,20260918
new_edr_sensor,11,2026-01-05T11:00:00Z,baseline,endpoint_alerts,,not_published,True,20260918
new_edr_sensor,12,2026-01-05T12:00:00Z,baseline,endpoint_alerts,,not_published,True,20260918
new_edr_sensor,13,2026-01-05T13:00:00Z,baseline,endpoint_alerts,,not_published,True,20260918
new_edr_sensor,14,2026-01-05T14:00:00Z,baseline,endpoint_alerts,,not_published,True,20260918
new_edr_sensor,15,2026-01-05T15:00:00Z,baseline,endpoint_alerts,,not_published,True,20260918
new_edr_sensor,16,2026-01-05T16:00:00Z,baseline,endpoint_alerts,,not_published,True,20260918
new_edr_sensor,17,2026-01-05T17:00:00Z,baseline,endpoint_alerts,,not_published,True,20260918
new_edr_sensor,18,2026-01-05T18:00:00Z,baseline,endpoint_alerts,,not_published,True,20260918
new_edr_sensor,19,2026-01-05T19:00:00Z,baseline,endpoint_alerts,,not_published,True,20260918
new_edr_sensor,20,2026-01-05T20:00:00Z,baseline,endpoint_alerts,,not_published,True,20260918
new_edr_sensor,21,2026-01-05T21:00:00Z,baseline,endpoint_alerts,,not_published,True,20260918
new_edr_sensor,22,2026-01-05T22:00:00Z,baseline,endpoint_alerts,,not_published,True,20260918
new_edr_sensor,23,2026-01-05T23:00:00Z,baseline,endpoint_alerts,,not_published,True,20260918
new_edr_sensor,24,2026-01-06T00:00:00Z,baseline,endpoint_alerts,,not_published,True,20260918
new_edr_sensor,25,2026-01-06T01:00:00Z,baseline,endpoint_alerts,,not_published,True,20260918
new_edr_sensor,26,2026-01-06T02:00:00Z,baseline,endpoint_alerts,,not_published,True,20260918
new_edr_sensor,27,2026-01-06T03:00:00Z,baseline,endpoint_alerts,,not_published,True,20260918
new_edr_sensor,28,2026-01-06T04:00:00Z,baseline,endpoint_alerts,,not_published,True,20260918
new_edr_sensor,29,2026-01-06T05:00:00Z,baseline,endpoint_alerts,,not_published,True,20260918
new_edr_sensor,30,2026-01-06T06:00:00Z,baseline,endpoint_alerts,,not_published,True,20260918
new_edr_sensor,31,2026-01-06T07:00:00Z,baseline,endpoint_alerts,,not_published,True,20260918
new_edr_sensor,32,2026-01-06T08:00:00Z,baseline,endpoint_alerts,,not_published,True,20260918
new_edr_sensor,33,2026-01-06T09:00:00Z,baseline,endpoint_alerts,,not_published,True,20260918
new_edr_sensor,34,2026-01-06T10:00:00Z,baseline,endpoint_alerts,,not_published,True,20260918
new_edr_sensor,35,2026-01-06T11:00:00Z,baseline,endpoint_alerts,,not_published,True,20260918
new_edr_sensor,36,2026-01-06T12:00:00Z,baseline,endpoint_alerts,,not_published,True,20260918
new_edr_sensor,37,2026-01-06T13:00:00Z,baseline,endpoint_alerts,,not_published,True,20260918
new_edr_sensor,38,2026-01-06T14:00:00Z,baseline,endpoint_alerts,,not_published,True,20260918
new_edr_sensor,39,2026-01-06T15:00:00Z,baseline,endpoint_alerts,,not_published,True,20260918
new_edr_sensor,40,2026-01-06T16:00:00Z,baseline,endpoint_alerts,,not_published,True,20260918
new_edr_sensor,41,2026-01-06T17:00:00Z,baseline,endpoint_alerts,,not_published,True,20260918
new_edr_sensor,42,2026-01-06T18:00:00Z,baseline,endpoint_alerts,,not_published,True,20260918
new_edr_sensor,43,2026-01-06T19:00:00Z,baseline,endpoint_alerts,,not_published,True,20260918
new_edr_sensor,44,2026-01-06T20:00:00Z,baseline,endpoint_alerts,,not_published,True,20260918
new_edr_sensor,45,2026-01-06T21:00:00Z,baseline,endpoint_alerts,,not_published,True,20260918
new_edr_sensor,46,2026-01-06T22:00:00Z,baseline,endpoint_alerts,,not_published,True,20260918
new_edr_sensor,47,2026-01-06T23:00:00Z,baseline,endpoint_alerts,,not_published,True,20260918
new_edr_sensor,48,2026-01-07T00:00:00Z,target,endpoint_alerts,4,complete,True,20260918
new_edr_sensor,0,2026-01-05T00:00:00Z,baseline,file_rename_events,36.0,complete,True,20260918
new_edr_sensor,1,2026-01-05T01:00:00Z,baseline,file_rename_events,31.0,complete,True,20260918
new_edr_sensor,2,2026-01-05T02:00:00Z,baseline,file_rename_events,37.0,complete,True,20260918
new_edr_sensor,3,2026-01-05T03:00:00Z,baseline,file_rename_events,42.0,complete,True,20260918
new_edr_sensor,4,2026-01-05T04:00:00Z,baseline,file_rename_events,38.0,complete,True,20260918
new_edr_sensor,5,2026-01-05T05:00:00Z,baseline,file_rename_events,40.0,complete,True,20260918
new_edr_sensor,6,2026-01-05T06:00:00Z,baseline,file_rename_events,41.0,complete,True,20260918
new_edr_sensor,7,2026-01-05T07:00:00Z,baseline,file_rename_events,35.0,complete,True,20260918
new_edr_sensor,8,2026-01-05T08:00:00Z,baseline,file_rename_events,36.0,complete,True,20260918
new_edr_sensor,9,2026-01-05T09:00:00Z,baseline,file_rename_events,33.0,complete,True,20260918
new_edr_sensor,10,2026-01-05T10:00:00Z,baseline,file_rename_events,47.0,complete,True,20260918
new_edr_sensor,11,2026-01-05T11:00:00Z,baseline,file_rename_events,52.0,complete,True,20260918
new_edr_sensor,12,2026-01-05T12:00:00Z,baseline,file_rename_events,52.0,complete,True,20260918
new_edr_sensor,13,2026-01-05T13:00:00Z,baseline,file_rename_events,58.0,complete,True,20260918
new_edr_sensor,14,2026-01-05T14:00:00Z,baseline,file_rename_events,57.0,complete,True,20260918
new_edr_sensor,15,2026-01-05T15:00:00Z,baseline,file_rename_events,44.0,complete,True,20260918
new_edr_sensor,16,2026-01-05T16:00:00Z,baseline,file_rename_events,55.0,complete,True,20260918
new_edr_sensor,17,2026-01-05T17:00:00Z,baseline,file_rename_events,48.0,complete,True,20260918
new_edr_sensor,18,2026-01-05T18:00:00Z,baseline,file_rename_events,42.0,complete,True,20260918
new_edr_sensor,19,2026-01-05T19:00:00Z,baseline,file_rename_events,48.0,complete,True,20260918
new_edr_sensor,20,2026-01-05T20:00:00Z,baseline,file_rename_events,55.0,complete,True,20260918
new_edr_sensor,21,2026-01-05T21:00:00Z,baseline,file_rename_events,35.0,complete,True,20260918
new_edr_sensor,22,2026-01-05T22:00:00Z,baseline,file_rename_events,35.0,complete,True,20260918
new_edr_sensor,23,2026-01-05T23:00:00Z,baseline,file_rename_events,38.0,complete,True,20260918
new_edr_sensor,24,2026-01-06T00:00:00Z,baseline,file_rename_events,40.0,complete,True,20260918
new_edr_sensor,25,2026-01-06T01:00:00Z,baseline,file_rename_events,37.0,complete,True,20260918
new_edr_sensor,26,2026-01-06T02:00:00Z,baseline,file_rename_events,28.0,complete,True,20260918
new_edr_sensor,27,2026-01-06T03:00:00Z,baseline,file_rename_events,33.0,complete,True,20260918
new_edr_sensor,28,2026-01-06T04:00:00Z,baseline,file_rename_events,35.0,complete,True,20260918
new_edr_sensor,29,2026-01-06T05:00:00Z,baseline,file_rename_events,39.0,complete,True,20260918
new_edr_sensor,30,2026-01-06T06:00:00Z,baseline,file_rename_events,39.0,complete,True,20260918
new_edr_sensor,31,2026-01-06T07:00:00Z,baseline,file_rename_events,44.0,complete,True,20260918
new_edr_sensor,32,2026-01-06T08:00:00Z,baseline,file_rename_events,35.0,complete,True,20260918
new_edr_sensor,33,2026-01-06T09:00:00Z,baseline,file_rename_events,45.0,complete,True,20260918
new_edr_sensor,34,2026-01-06T10:00:00Z,baseline,file_rename_events,40.0,complete,True,20260918
new_edr_sensor,35,2026-01-06T11:00:00Z,baseline,file_rename_events,43.0,complete,True,20260918
new_edr_sensor,36,2026-01-06T12:00:00Z,baseline,file_rename_events,45.0,complete,True,20260918
new_edr_sensor,37,2026-01-06T13:00:00Z,baseline,file_rename_events,51.0,complete,True,20260918
new_edr_sensor,38,2026-01-06T14:00:00Z,baseline,file_rename_events,53.0,complete,True,20260918
new_edr_sensor,39,2026-01-06T15:00:00Z,baseline,file_rename_events,55.0,complete,True,20260918
new_edr_sensor,40,2026-01-06T16:00:00Z,baseline,file_rename_events,57.0,complete,True,20260918
new_edr_sensor,41,2026-01-06T17:00:00Z,baseline,file_rename_events,42.0,complete,True,20260918
new_edr_sensor,42,2026-01-06T18:00:00Z,baseline,file_rename_events,44.0,complete,True,20260918
new_edr_sensor,43,2026-01-06T19:00:00Z,baseline,file_rename_events,45.0,complete,True,20260918
new_edr_sensor,44,2026-01-06T20:00:00Z,baseline,file_rename_events,47.0,complete,True,20260918
new_edr_sensor,45,2026-01-06T21:00:00Z,baseline,file_rename_events,38.0,complete,True,20260918
new_edr_sensor,46,2026-01-06T22:00:00Z,baseline,file_rename_events,32.0,complete,True,20260918
new_edr_sensor,47,2026-01-06T23:00:00Z,baseline,file_rename_events,29.0,complete,True,20260918
new_edr_sensor,48,2026-01-07T00:00:00Z,target,file_rename_events,35,complete,True,20260918
new_edr_sensor,0,2026-01-05T00:00:00Z,baseline,inbound_requests,30417.0,complete,True,20260918
new_edr_sensor,1,2026-01-05T01:00:00Z,baseline,inbound_requests,28752.0,complete,True,20260918
new_edr_sensor,2,2026-01-05T02:00:00Z,baseline,inbound_requests,28652.0,complete,True,20260918
new_edr_sensor,3,2026-01-05T03:00:00Z,baseline,inbound_requests,28609.0,complete,True,20260918
new_edr_sensor,4,2026-01-05T04:00:00Z,baseline,inbound_requests,29806.0,complete,True,20260918
new_edr_sensor,5,2026-01-05T05:00:00Z,baseline,inbound_requests,32894.0,complete,True,20260918
new_edr_sensor,6,2026-01-05T06:00:00Z,baseline,inbound_requests,38620.0,complete,True,20260918
new_edr_sensor,7,2026-01-05T07:00:00Z,baseline,inbound_requests,48584.0,complete,True,20260918
new_edr_sensor,8,2026-01-05T08:00:00Z,baseline,inbound_requests,49402.0,complete,True,20260918
new_edr_sensor,9,2026-01-05T09:00:00Z,baseline,inbound_requests,51959.0,complete,True,20260918
new_edr_sensor,10,2026-01-05T10:00:00Z,baseline,inbound_requests,67724.0,complete,True,20260918
new_edr_sensor,11,2026-01-05T11:00:00Z,baseline,inbound_requests,69359.0,complete,True,20260918
new_edr_sensor,12,2026-01-05T12:00:00Z,baseline,inbound_requests,76889.0,complete,True,20260918
new_edr_sensor,13,2026-01-05T13:00:00Z,baseline,inbound_requests,71893.0,complete,True,20260918
new_edr_sensor,14,2026-01-05T14:00:00Z,baseline,inbound_requests,73425.0,complete,True,20260918
new_edr_sensor,15,2026-01-05T15:00:00Z,baseline,inbound_requests,78557.0,complete,True,20260918
new_edr_sensor,16,2026-01-05T16:00:00Z,baseline,inbound_requests,66866.0,complete,True,20260918
new_edr_sensor,17,2026-01-05T17:00:00Z,baseline,inbound_requests,68443.0,complete,True,20260918
new_edr_sensor,18,2026-01-05T18:00:00Z,baseline,inbound_requests,62874.0,complete,True,20260918
new_edr_sensor,19,2026-01-05T19:00:00Z,baseline,inbound_requests,56582.0,complete,True,20260918
new_edr_sensor,20,2026-01-05T20:00:00Z,baseline,inbound_requests,52338.0,complete,True,20260918
new_edr_sensor,21,2026-01-05T21:00:00Z,baseline,inbound_requests,43935.0,complete,True,20260918
new_edr_sensor,22,2026-01-05T22:00:00Z,baseline,inbound_requests,42195.0,complete,True,20260918
new_edr_sensor,23,2026-01-05T23:00:00Z,baseline,inbound_requests,34542.0,complete,True,20260918
new_edr_sensor,24,2026-01-06T00:00:00Z,baseline,inbound_requests,32244.0,complete,True,20260918
new_edr_sensor,25,2026-01-06T01:00:00Z,baseline,inbound_requests,29261.0,complete,True,20260918
new_edr_sensor,26,2026-01-06T02:00:00Z,baseline,inbound_requests,28601.0,complete,True,20260918
new_edr_sensor,27,2026-01-06T03:00:00Z,baseline,inbound_requests,30937.0,complete,True,20260918
new_edr_sensor,28,2026-01-06T04:00:00Z,baseline,inbound_requests,30400.0,complete,True,20260918
new_edr_sensor,29,2026-01-06T05:00:00Z,baseline,inbound_requests,34750.0,complete,True,20260918
new_edr_sensor,30,2026-01-06T06:00:00Z,baseline,inbound_requests,41646.0,complete,True,20260918
new_edr_sensor,31,2026-01-06T07:00:00Z,baseline,inbound_requests,41724.0,complete,True,20260918
new_edr_sensor,32,2026-01-06T08:00:00Z,baseline,inbound_requests,46889.0,complete,True,20260918
new_edr_sensor,33,2026-01-06T09:00:00Z,baseline,inbound_requests,53632.0,complete,True,20260918
new_edr_sensor,34,2026-01-06T10:00:00Z,baseline,inbound_requests,64022.0,complete,True,20260918
new_edr_sensor,35,2026-01-06T11:00:00Z,baseline,inbound_requests,67912.0,complete,True,20260918
new_edr_sensor,36,2026-01-06T12:00:00Z,baseline,inbound_requests,74354.0,complete,True,20260918
new_edr_sensor,37,2026-01-06T13:00:00Z,baseline,inbound_requests,72580.0,complete,True,20260918
new_edr_sensor,38,2026-01-06T14:00:00Z,baseline,inbound_requests,71987.0,complete,True,20260918
new_edr_sensor,39,2026-01-06T15:00:00Z,baseline,inbound_requests,73836.0,complete,True,20260918
new_edr_sensor,40,2026-01-06T16:00:00Z,baseline,inbound_requests,75448.0,complete,True,20260918
new_edr_sensor,41,2026-01-06T17:00:00Z,baseline,inbound_requests,63824.0,complete,True,20260918
new_edr_sensor,42,2026-01-06T18:00:00Z,baseline,inbound_requests,68234.0,complete,True,20260918
new_edr_sensor,43,2026-01-06T19:00:00Z,baseline,inbound_requests,56598.0,complete,True,20260918
new_edr_sensor,44,2026-01-06T20:00:00Z,baseline,inbound_requests,48370.0,complete,True,20260918
new_edr_sensor,45,2026-01-06T21:00:00Z,baseline,inbound_requests,43714.0,complete,True,20260918
new_edr_sensor,46,2026-01-06T22:00:00Z,baseline,inbound_requests,42340.0,complete,True,20260918
new_edr_sensor,47,2026-01-06T23:00:00Z,baseline,inbound_requests,33488.0,complete,True,20260918
new_edr_sensor,48,2026-01-07T00:00:00Z,target,inbound_requests,35302,complete,True,20260918
retired_proxy_metric,0,2026-01-05T00:00:00Z,baseline,auth_failures,91.0,complete,True,20260919
retired_proxy_metric,1,2026-01-05T01:00:00Z,baseline,auth_failures,78.0,complete,True,20260919
retired_proxy_metric,2,2026-01-05T02:00:00Z,baseline,auth_failures,86.0,complete,True,20260919
retired_proxy_metric,3,2026-01-05T03:00:00Z,baseline,auth_failures,87.0,complete,True,20260919
retired_proxy_metric,4,2026-01-05T04:00:00Z,baseline,auth_failures,86.0,complete,True,20260919
retired_proxy_metric,5,2026-01-05T05:00:00Z,baseline,auth_failures,99.0,complete,True,20260919
retired_proxy_metric,6,2026-01-05T06:00:00Z,baseline,auth_failures,119.0,complete,True,20260919
retired_proxy_metric,7,2026-01-05T07:00:00Z,baseline,auth_failures,114.0,complete,True,20260919
retired_proxy_metric,8,2026-01-05T08:00:00Z,baseline,auth_failures,120.0,complete,True,20260919
retired_proxy_metric,9,2026-01-05T09:00:00Z,baseline,auth_failures,98.0,complete,True,20260919
retired_proxy_metric,10,2026-01-05T10:00:00Z,baseline,auth_failures,138.0,complete,True,20260919
retired_proxy_metric,11,2026-01-05T11:00:00Z,baseline,auth_failures,122.0,complete,True,20260919
retired_proxy_metric,12,2026-01-05T12:00:00Z,baseline,auth_failures,148.0,complete,True,20260919
retired_proxy_metric,13,2026-01-05T13:00:00Z,baseline,auth_failures,138.0,complete,True,20260919
retired_proxy_metric,14,2026-01-05T14:00:00Z,baseline,auth_failures,152.0,complete,True,20260919
retired_proxy_metric,15,2026-01-05T15:00:00Z,baseline,auth_failures,138.0,complete,True,20260919
retired_proxy_metric,16,2026-01-05T16:00:00Z,baseline,auth_failures,139.0,complete,True,20260919
retired_proxy_metric,17,2026-01-05T17:00:00Z,baseline,auth_failures,168.0,complete,True,20260919
retired_proxy_metric,18,2026-01-05T18:00:00Z,baseline,auth_failures,138.0,complete,True,20260919
retired_proxy_metric,19,2026-01-05T19:00:00Z,baseline,auth_failures,132.0,complete,True,20260919
retired_proxy_metric,20,2026-01-05T20:00:00Z,baseline,auth_failures,106.0,complete,True,20260919
retired_proxy_metric,21,2026-01-05T21:00:00Z,baseline,auth_failures,102.0,complete,True,20260919
retired_proxy_metric,22,2026-01-05T22:00:00Z,baseline,auth_failures,127.0,complete,True,20260919
retired_proxy_metric,23,2026-01-05T23:00:00Z,baseline,auth_failures,96.0,complete,True,20260919
retired_proxy_metric,24,2026-01-06T00:00:00Z,baseline,auth_failures,96.0,complete,True,20260919
retired_proxy_metric,25,2026-01-06T01:00:00Z,baseline,auth_failures,98.0,complete,True,20260919
retired_proxy_metric,26,2026-01-06T02:00:00Z,baseline,auth_failures,77.0,complete,True,20260919
retired_proxy_metric,27,2026-01-06T03:00:00Z,baseline,auth_failures,106.0,complete,True,20260919
retired_proxy_metric,28,2026-01-06T04:00:00Z,baseline,auth_failures,90.0,complete,True,20260919
retired_proxy_metric,29,2026-01-06T05:00:00Z,baseline,auth_failures,101.0,complete,True,20260919
retired_proxy_metric,30,2026-01-06T06:00:00Z,baseline,auth_failures,116.0,complete,True,20260919
retired_proxy_metric,31,2026-01-06T07:00:00Z,baseline,auth_failures,135.0,complete,True,20260919
retired_proxy_metric,32,2026-01-06T08:00:00Z,baseline,auth_failures,104.0,complete,True,20260919
retired_proxy_metric,33,2026-01-06T09:00:00Z,baseline,auth_failures,141.0,complete,True,20260919
retired_proxy_metric,34,2026-01-06T10:00:00Z,baseline,auth_failures,145.0,complete,True,20260919
retired_proxy_metric,35,2026-01-06T11:00:00Z,baseline,auth_failures,155.0,complete,True,20260919
retired_proxy_metric,36,2026-01-06T12:00:00Z,baseline,auth_failures,163.0,complete,True,20260919
retired_proxy_metric,37,2026-01-06T13:00:00Z,baseline,auth_failures,157.0,complete,True,20260919
retired_proxy_metric,38,2026-01-06T14:00:00Z,baseline,auth_failures,166.0,complete,True,20260919
retired_proxy_metric,39,2026-01-06T15:00:00Z,baseline,auth_failures,171.0,complete,True,20260919
retired_proxy_metric,40,2026-01-06T16:00:00Z,baseline,auth_failures,183.0,complete,True,20260919
retired_proxy_metric,41,2026-01-06T17:00:00Z,baseline,auth_failures,135.0,complete,True,20260919
retired_proxy_metric,42,2026-01-06T18:00:00Z,baseline,auth_failures,148.0,complete,True,20260919
retired_proxy_metric,43,2026-01-06T19:00:00Z,baseline,auth_failures,146.0,complete,True,20260919
retired_proxy_metric,44,2026-01-06T20:00:00Z,baseline,auth_failures,104.0,complete,True,20260919
retired_proxy_metric,45,2026-01-06T21:00:00Z,baseline,auth_failures,114.0,complete,True,20260919
retired_proxy_metric,46,2026-01-06T22:00:00Z,baseline,auth_failures,109.0,complete,True,20260919
retired_proxy_metric,47,2026-01-06T23:00:00Z,baseline,auth_failures,93.0,complete,True,20260919
retired_proxy_metric,48,2026-01-07T00:00:00Z,target,auth_failures,77,complete,True,20260919
retired_proxy_metric,0,2026-01-05T00:00:00Z,baseline,unique_failed_accounts,27.0,complete,True,20260919
retired_proxy_metric,1,2026-01-05T01:00:00Z,baseline,unique_failed_accounts,23.0,complete,True,20260919
retired_proxy_metric,2,2026-01-05T02:00:00Z,baseline,unique_failed_accounts,25.0,complete,True,20260919
retired_proxy_metric,3,2026-01-05T03:00:00Z,baseline,unique_failed_accounts,27.0,complete,True,20260919
retired_proxy_metric,4,2026-01-05T04:00:00Z,baseline,unique_failed_accounts,30.0,complete,True,20260919
retired_proxy_metric,5,2026-01-05T05:00:00Z,baseline,unique_failed_accounts,31.0,complete,True,20260919
retired_proxy_metric,6,2026-01-05T06:00:00Z,baseline,unique_failed_accounts,33.0,complete,True,20260919
retired_proxy_metric,7,2026-01-05T07:00:00Z,baseline,unique_failed_accounts,33.0,complete,True,20260919
retired_proxy_metric,8,2026-01-05T08:00:00Z,baseline,unique_failed_accounts,36.0,complete,True,20260919
retired_proxy_metric,9,2026-01-05T09:00:00Z,baseline,unique_failed_accounts,39.0,complete,True,20260919
retired_proxy_metric,10,2026-01-05T10:00:00Z,baseline,unique_failed_accounts,41.0,complete,True,20260919
retired_proxy_metric,11,2026-01-05T11:00:00Z,baseline,unique_failed_accounts,36.0,complete,True,20260919
retired_proxy_metric,12,2026-01-05T12:00:00Z,baseline,unique_failed_accounts,37.0,complete,True,20260919
retired_proxy_metric,13,2026-01-05T13:00:00Z,baseline,unique_failed_accounts,42.0,complete,True,20260919
retired_proxy_metric,14,2026-01-05T14:00:00Z,baseline,unique_failed_accounts,42.0,complete,True,20260919
retired_proxy_metric,15,2026-01-05T15:00:00Z,baseline,unique_failed_accounts,42.0,complete,True,20260919
retired_proxy_metric,16,2026-01-05T16:00:00Z,baseline,unique_failed_accounts,42.0,complete,True,20260919
retired_proxy_metric,17,2026-01-05T17:00:00Z,baseline,unique_failed_accounts,43.0,complete,True,20260919
retired_proxy_metric,18,2026-01-05T18:00:00Z,baseline,unique_failed_accounts,41.0,complete,True,20260919
retired_proxy_metric,19,2026-01-05T19:00:00Z,baseline,unique_failed_accounts,38.0,complete,True,20260919
retired_proxy_metric,20,2026-01-05T20:00:00Z,baseline,unique_failed_accounts,32.0,complete,True,20260919
retired_proxy_metric,21,2026-01-05T21:00:00Z,baseline,unique_failed_accounts,32.0,complete,True,20260919
retired_proxy_metric,22,2026-01-05T22:00:00Z,baseline,unique_failed_accounts,31.0,complete,True,20260919
retired_proxy_metric,23,2026-01-05T23:00:00Z,baseline,unique_failed_accounts,30.0,complete,True,20260919
retired_proxy_metric,24,2026-01-06T00:00:00Z,baseline,unique_failed_accounts,27.0,complete,True,20260919
retired_proxy_metric,25,2026-01-06T01:00:00Z,baseline,unique_failed_accounts,29.0,complete,True,20260919
retired_proxy_metric,26,2026-01-06T02:00:00Z,baseline,unique_failed_accounts,28.0,complete,True,20260919
retired_proxy_metric,27,2026-01-06T03:00:00Z,baseline,unique_failed_accounts,21.0,complete,True,20260919
retired_proxy_metric,28,2026-01-06T04:00:00Z,baseline,unique_failed_accounts,25.0,complete,True,20260919
retired_proxy_metric,29,2026-01-06T05:00:00Z,baseline,unique_failed_accounts,27.0,complete,True,20260919
retired_proxy_metric,30,2026-01-06T06:00:00Z,baseline,unique_failed_accounts,28.0,complete,True,20260919
retired_proxy_metric,31,2026-01-06T07:00:00Z,baseline,unique_failed_accounts,28.0,complete,True,20260919
retired_proxy_metric,32,2026-01-06T08:00:00Z,baseline,unique_failed_accounts,36.0,complete,True,20260919
retired_proxy_metric,33,2026-01-06T09:00:00Z,baseline,unique_failed_accounts,38.0,complete,True,20260919
retired_proxy_metric,34,2026-01-06T10:00:00Z,baseline,unique_failed_accounts,41.0,complete,True,20260919
retired_proxy_metric,35,2026-01-06T11:00:00Z,baseline,unique_failed_accounts,41.0,complete,True,20260919
retired_proxy_metric,36,2026-01-06T12:00:00Z,baseline,unique_failed_accounts,34.0,complete,True,20260919
retired_proxy_metric,37,2026-01-06T13:00:00Z,baseline,unique_failed_accounts,43.0,complete,True,20260919
retired_proxy_metric,38,2026-01-06T14:00:00Z,baseline,unique_failed_accounts,47.0,complete,True,20260919
retired_proxy_metric,39,2026-01-06T15:00:00Z,baseline,unique_failed_accounts,45.0,complete,True,20260919
retired_proxy_metric,40,2026-01-06T16:00:00Z,baseline,unique_failed_accounts,41.0,complete,True,20260919
retired_proxy_metric,41,2026-01-06T17:00:00Z,baseline,unique_failed_accounts,35.0,complete,True,20260919
retired_proxy_metric,42,2026-01-06T18:00:00Z,baseline,unique_failed_accounts,39.0,complete,True,20260919
retired_proxy_metric,43,2026-01-06T19:00:00Z,baseline,unique_failed_accounts,36.0,complete,True,20260919
retired_proxy_metric,44,2026-01-06T20:00:00Z,baseline,unique_failed_accounts,35.0,complete,True,20260919
retired_proxy_metric,45,2026-01-06T21:00:00Z,baseline,unique_failed_accounts,32.0,complete,True,20260919
retired_proxy_metric,46,2026-01-06T22:00:00Z,baseline,unique_failed_accounts,30.0,complete,True,20260919
retired_proxy_metric,47,2026-01-06T23:00:00Z,baseline,unique_failed_accounts,29.0,complete,True,20260919
retired_proxy_metric,48,2026-01-07T00:00:00Z,target,unique_failed_accounts,25,complete,True,20260919
retired_proxy_metric,0,2026-01-05T00:00:00Z,baseline,unique_source_ips,179.0,complete,True,20260919
retired_proxy_metric,1,2026-01-05T01:00:00Z,baseline,unique_source_ips,197.0,complete,True,20260919
retired_proxy_metric,2,2026-01-05T02:00:00Z,baseline,unique_source_ips,206.0,complete,True,20260919
retired_proxy_metric,3,2026-01-05T03:00:00Z,baseline,unique_source_ips,204.0,complete,True,20260919
retired_proxy_metric,4,2026-01-05T04:00:00Z,baseline,unique_source_ips,216.0,complete,True,20260919
retired_proxy_metric,5,2026-01-05T05:00:00Z,baseline,unique_source_ips,212.0,complete,True,20260919
retired_proxy_metric,6,2026-01-05T06:00:00Z,baseline,unique_source_ips,228.0,complete,True,20260919
retired_proxy_metric,7,2026-01-05T07:00:00Z,baseline,unique_source_ips,234.0,complete,True,20260919
retired_proxy_metric,8,2026-01-05T08:00:00Z,baseline,unique_source_ips,236.0,complete,True,20260919
retired_proxy_metric,9,2026-01-05T09:00:00Z,baseline,unique_source_ips,274.0,complete,True,20260919
retired_proxy_metric,10,2026-01-05T10:00:00Z,baseline,unique_source_ips,217.0,complete,True,20260919
retired_proxy_metric,11,2026-01-05T11:00:00Z,baseline,unique_source_ips,286.0,complete,True,20260919
retired_proxy_metric,12,2026-01-05T12:00:00Z,baseline,unique_source_ips,281.0,complete,True,20260919
retired_proxy_metric,13,2026-01-05T13:00:00Z,baseline,unique_source_ips,267.0,complete,True,20260919
retired_proxy_metric,14,2026-01-05T14:00:00Z,baseline,unique_source_ips,273.0,complete,True,20260919
retired_proxy_metric,15,2026-01-05T15:00:00Z,baseline,unique_source_ips,298.0,complete,True,20260919
retired_proxy_metric,16,2026-01-05T16:00:00Z,baseline,unique_source_ips,309.0,complete,True,20260919
retired_proxy_metric,17,2026-01-05T17:00:00Z,baseline,unique_source_ips,280.0,complete,True,20260919
retired_proxy_metric,18,2026-01-05T18:00:00Z,baseline,unique_source_ips,265.0,complete,True,20260919
retired_proxy_metric,19,2026-01-05T19:00:00Z,baseline,unique_source_ips,264.0,complete,True,20260919
retired_proxy_metric,20,2026-01-05T20:00:00Z,baseline,unique_source_ips,242.0,complete,True,20260919
retired_proxy_metric,21,2026-01-05T21:00:00Z,baseline,unique_source_ips,227.0,complete,True,20260919
retired_proxy_metric,22,2026-01-05T22:00:00Z,baseline,unique_source_ips,234.0,complete,True,20260919
retired_proxy_metric,23,2026-01-05T23:00:00Z,baseline,unique_source_ips,238.0,complete,True,20260919
retired_proxy_metric,24,2026-01-06T00:00:00Z,baseline,unique_source_ips,216.0,complete,True,20260919
retired_proxy_metric,25,2026-01-06T01:00:00Z,baseline,unique_source_ips,224.0,complete,True,20260919
retired_proxy_metric,26,2026-01-06T02:00:00Z,baseline,unique_source_ips,205.0,complete,True,20260919
retired_proxy_metric,27,2026-01-06T03:00:00Z,baseline,unique_source_ips,216.0,complete,True,20260919
retired_proxy_metric,28,2026-01-06T04:00:00Z,baseline,unique_source_ips,218.0,complete,True,20260919
retired_proxy_metric,29,2026-01-06T05:00:00Z,baseline,unique_source_ips,221.0,complete,True,20260919
retired_proxy_metric,30,2026-01-06T06:00:00Z,baseline,unique_source_ips,221.0,complete,True,20260919
retired_proxy_metric,31,2026-01-06T07:00:00Z,baseline,unique_source_ips,243.0,complete,True,20260919
retired_proxy_metric,32,2026-01-06T08:00:00Z,baseline,unique_source_ips,257.0,complete,True,20260919
retired_proxy_metric,33,2026-01-06T09:00:00Z,baseline,unique_source_ips,262.0,complete,True,20260919
retired_proxy_metric,34,2026-01-06T10:00:00Z,baseline,unique_source_ips,261.0,complete,True,20260919
retired_proxy_metric,35,2026-01-06T11:00:00Z,baseline,unique_source_ips,327.0,complete,True,20260919
retired_proxy_metric,36,2026-01-06T12:00:00Z,baseline,unique_source_ips,300.0,complete,True,20260919
retired_proxy_metric,37,2026-01-06T13:00:00Z,baseline,unique_source_ips,288.0,complete,True,20260919
retired_proxy_metric,38,2026-01-06T14:00:00Z,baseline,unique_source_ips,305.0,complete,True,20260919
retired_proxy_metric,39,2026-01-06T15:00:00Z,baseline,unique_source_ips,338.0,complete,True,20260919
retired_proxy_metric,40,2026-01-06T16:00:00Z,baseline,unique_source_ips,288.0,complete,True,20260919
retired_proxy_metric,41,2026-01-06T17:00:00Z,baseline,unique_source_ips,313.0,complete,True,20260919
retired_proxy_metric,42,2026-01-06T18:00:00Z,baseline,unique_source_ips,254.0,complete,True,20260919
retired_proxy_metric,43,2026-01-06T19:00:00Z,baseline,unique_source_ips,249.0,complete,True,20260919
retired_proxy_metric,44,2026-01-06T20:00:00Z,baseline,unique_source_ips,264.0,complete,True,20260919
retired_proxy_metric,45,2026-01-06T21:00:00Z,baseline,unique_source_ips,247.0,complete,True,20260919
retired_proxy_metric,46,2026-01-06T22:00:00Z,baseline,unique_source_ips,229.0,complete,True,20260919
retired_proxy_metric,47,2026-01-06T23:00:00Z,baseline,unique_source_ips,238.0,complete,True,20260919
retired_proxy_metric,48,2026-01-07T00:00:00Z,target,unique_source_ips,229,complete,True,20260919
retired_proxy_metric,0,2026-01-05T00:00:00Z,baseline,successful_logins,1024.0,complete,True,20260919
retired_proxy_metric,1,2026-01-05T01:00:00Z,baseline,successful_logins,953.0,complete,True,20260919
retired_proxy_metric,2,2026-01-05T02:00:00Z,baseline,successful_logins,990.0,complete,True,20260919
retired_proxy_metric,3,2026-01-05T03:00:00Z,baseline,successful_logins,910.0,complete,True,20260919
retired_proxy_metric,4,2026-01-05T04:00:00Z,baseline,successful_logins,1001.0,complete,True,20260919
retired_proxy_metric,5,2026-01-05T05:00:00Z,baseline,successful_logins,1003.0,complete,True,20260919
retired_proxy_metric,6,2026-01-05T06:00:00Z,baseline,successful_logins,1215.0,complete,True,20260919
retired_proxy_metric,7,2026-01-05T07:00:00Z,baseline,successful_logins,1369.0,complete,True,20260919
retired_proxy_metric,8,2026-01-05T08:00:00Z,baseline,successful_logins,1505.0,complete,True,20260919
retired_proxy_metric,9,2026-01-05T09:00:00Z,baseline,successful_logins,1703.0,complete,True,20260919
retired_proxy_metric,10,2026-01-05T10:00:00Z,baseline,successful_logins,1828.0,complete,True,20260919
retired_proxy_metric,11,2026-01-05T11:00:00Z,baseline,successful_logins,2081.0,complete,True,20260919
retired_proxy_metric,12,2026-01-05T12:00:00Z,baseline,successful_logins,1945.0,complete,True,20260919
retired_proxy_metric,13,2026-01-05T13:00:00Z,baseline,successful_logins,2067.0,complete,True,20260919
retired_proxy_metric,14,2026-01-05T14:00:00Z,baseline,successful_logins,2148.0,complete,True,20260919
retired_proxy_metric,15,2026-01-05T15:00:00Z,baseline,successful_logins,2325.0,complete,True,20260919
retired_proxy_metric,16,2026-01-05T16:00:00Z,baseline,successful_logins,1989.0,complete,True,20260919
retired_proxy_metric,17,2026-01-05T17:00:00Z,baseline,successful_logins,1854.0,complete,True,20260919
retired_proxy_metric,18,2026-01-05T18:00:00Z,baseline,successful_logins,1847.0,complete,True,20260919
retired_proxy_metric,19,2026-01-05T19:00:00Z,baseline,successful_logins,1409.0,complete,True,20260919
retired_proxy_metric,20,2026-01-05T20:00:00Z,baseline,successful_logins,1466.0,complete,True,20260919
retired_proxy_metric,21,2026-01-05T21:00:00Z,baseline,successful_logins,1368.0,complete,True,20260919
retired_proxy_metric,22,2026-01-05T22:00:00Z,baseline,successful_logins,1091.0,complete,True,20260919
retired_proxy_metric,23,2026-01-05T23:00:00Z,baseline,successful_logins,1018.0,complete,True,20260919
retired_proxy_metric,24,2026-01-06T00:00:00Z,baseline,successful_logins,976.0,complete,True,20260919
retired_proxy_metric,25,2026-01-06T01:00:00Z,baseline,successful_logins,1049.0,complete,True,20260919
retired_proxy_metric,26,2026-01-06T02:00:00Z,baseline,successful_logins,960.0,complete,True,20260919
retired_proxy_metric,27,2026-01-06T03:00:00Z,baseline,successful_logins,953.0,complete,True,20260919
retired_proxy_metric,28,2026-01-06T04:00:00Z,baseline,successful_logins,1017.0,complete,True,20260919
retired_proxy_metric,29,2026-01-06T05:00:00Z,baseline,successful_logins,1127.0,complete,True,20260919
retired_proxy_metric,30,2026-01-06T06:00:00Z,baseline,successful_logins,1219.0,complete,True,20260919
retired_proxy_metric,31,2026-01-06T07:00:00Z,baseline,successful_logins,1363.0,complete,True,20260919
retired_proxy_metric,32,2026-01-06T08:00:00Z,baseline,successful_logins,1461.0,complete,True,20260919
retired_proxy_metric,33,2026-01-06T09:00:00Z,baseline,successful_logins,1613.0,complete,True,20260919
retired_proxy_metric,34,2026-01-06T10:00:00Z,baseline,successful_logins,1700.0,complete,True,20260919
retired_proxy_metric,35,2026-01-06T11:00:00Z,baseline,successful_logins,1911.0,complete,True,20260919
retired_proxy_metric,36,2026-01-06T12:00:00Z,baseline,successful_logins,1968.0,complete,True,20260919
retired_proxy_metric,37,2026-01-06T13:00:00Z,baseline,successful_logins,2123.0,complete,True,20260919
retired_proxy_metric,38,2026-01-06T14:00:00Z,baseline,successful_logins,2271.0,complete,True,20260919
retired_proxy_metric,39,2026-01-06T15:00:00Z,baseline,successful_logins,2380.0,complete,True,20260919
retired_proxy_metric,40,2026-01-06T16:00:00Z,baseline,successful_logins,2000.0,complete,True,20260919
retired_proxy_metric,41,2026-01-06T17:00:00Z,baseline,successful_logins,1940.0,complete,True,20260919
retired_proxy_metric,42,2026-01-06T18:00:00Z,baseline,successful_logins,1830.0,complete,True,20260919
retired_proxy_metric,43,2026-01-06T19:00:00Z,baseline,successful_logins,1586.0,complete,True,20260919
retired_proxy_metric,44,2026-01-06T20:00:00Z,baseline,successful_logins,1525.0,complete,True,20260919
retired_proxy_metric,45,2026-01-06T21:00:00Z,baseline,successful_logins,1319.0,complete,True,20260919
retired_proxy_metric,46,2026-01-06T22:00:00Z,baseline,successful_logins,1159.0,complete,True,20260919
retired_proxy_metric,47,2026-01-06T23:00:00Z,baseline,successful_logins,1202.0,complete,True,20260919
retired_proxy_metric,48,2026-01-07T00:00:00Z,target,successful_logins,1017,complete,True,20260919
retired_proxy_metric,0,2026-01-05T00:00:00Z,baseline,privileged_changes,2.0,complete,True,20260919
retired_proxy_metric,1,2026-01-05T01:00:00Z,baseline,privileged_changes,1.0,complete,True,20260919
retired_proxy_metric,2,2026-01-05T02:00:00Z,baseline,privileged_changes,2.0,complete,True,20260919
retired_proxy_metric,3,2026-01-05T03:00:00Z,baseline,privileged_changes,1.0,complete,True,20260919
retired_proxy_metric,4,2026-01-05T04:00:00Z,baseline,privileged_changes,1.0,complete,True,20260919
retired_proxy_metric,5,2026-01-05T05:00:00Z,baseline,privileged_changes,2.0,complete,True,20260919
retired_proxy_metric,6,2026-01-05T06:00:00Z,baseline,privileged_changes,2.0,complete,True,20260919
retired_proxy_metric,7,2026-01-05T07:00:00Z,baseline,privileged_changes,2.0,complete,True,20260919
retired_proxy_metric,8,2026-01-05T08:00:00Z,baseline,privileged_changes,2.0,complete,True,20260919
retired_proxy_metric,9,2026-01-05T09:00:00Z,baseline,privileged_changes,1.0,complete,True,20260919
retired_proxy_metric,10,2026-01-05T10:00:00Z,baseline,privileged_changes,2.0,complete,True,20260919
retired_proxy_metric,11,2026-01-05T11:00:00Z,baseline,privileged_changes,2.0,complete,True,20260919
retired_proxy_metric,12,2026-01-05T12:00:00Z,baseline,privileged_changes,2.0,complete,True,20260919
retired_proxy_metric,13,2026-01-05T13:00:00Z,baseline,privileged_changes,2.0,complete,True,20260919
retired_proxy_metric,14,2026-01-05T14:00:00Z,baseline,privileged_changes,3.0,complete,True,20260919
retired_proxy_metric,15,2026-01-05T15:00:00Z,baseline,privileged_changes,2.0,complete,True,20260919
retired_proxy_metric,16,2026-01-05T16:00:00Z,baseline,privileged_changes,2.0,complete,True,20260919
retired_proxy_metric,17,2026-01-05T17:00:00Z,baseline,privileged_changes,3.0,complete,True,20260919
retired_proxy_metric,18,2026-01-05T18:00:00Z,baseline,privileged_changes,1.0,complete,True,20260919
retired_proxy_metric,19,2026-01-05T19:00:00Z,baseline,privileged_changes,2.0,complete,True,20260919
retired_proxy_metric,20,2026-01-05T20:00:00Z,baseline,privileged_changes,2.0,complete,True,20260919
retired_proxy_metric,21,2026-01-05T21:00:00Z,baseline,privileged_changes,2.0,complete,True,20260919
retired_proxy_metric,22,2026-01-05T22:00:00Z,baseline,privileged_changes,2.0,complete,True,20260919
retired_proxy_metric,23,2026-01-05T23:00:00Z,baseline,privileged_changes,2.0,complete,True,20260919
retired_proxy_metric,24,2026-01-06T00:00:00Z,baseline,privileged_changes,1.0,complete,True,20260919
retired_proxy_metric,25,2026-01-06T01:00:00Z,baseline,privileged_changes,2.0,complete,True,20260919
retired_proxy_metric,26,2026-01-06T02:00:00Z,baseline,privileged_changes,1.0,complete,True,20260919
retired_proxy_metric,27,2026-01-06T03:00:00Z,baseline,privileged_changes,2.0,complete,True,20260919
retired_proxy_metric,28,2026-01-06T04:00:00Z,baseline,privileged_changes,1.0,complete,True,20260919
retired_proxy_metric,29,2026-01-06T05:00:00Z,baseline,privileged_changes,2.0,complete,True,20260919
retired_proxy_metric,30,2026-01-06T06:00:00Z,baseline,privileged_changes,3.0,complete,True,20260919
retired_proxy_metric,31,2026-01-06T07:00:00Z,baseline,privileged_changes,2.0,complete,True,20260919
retired_proxy_metric,32,2026-01-06T08:00:00Z,baseline,privileged_changes,1.0,complete,True,20260919
retired_proxy_metric,33,2026-01-06T09:00:00Z,baseline,privileged_changes,2.0,complete,True,20260919
retired_proxy_metric,34,2026-01-06T10:00:00Z,baseline,privileged_changes,2.0,complete,True,20260919
retired_proxy_metric,35,2026-01-06T11:00:00Z,baseline,privileged_changes,3.0,complete,True,20260919
retired_proxy_metric,36,2026-01-06T12:00:00Z,baseline,privileged_changes,3.0,complete,True,20260919
retired_proxy_metric,37,2026-01-06T13:00:00Z,baseline,privileged_changes,2.0,complete,True,20260919
retired_proxy_metric,38,2026-01-06T14:00:00Z,baseline,privileged_changes,2.0,complete,True,20260919
retired_proxy_metric,39,2026-01-06T15:00:00Z,baseline,privileged_changes,2.0,complete,True,20260919
retired_proxy_metric,40,2026-01-06T16:00:00Z,baseline,privileged_changes,2.0,complete,True,20260919
retired_proxy_metric,41,2026-01-06T17:00:00Z,baseline,privileged_changes,2.0,complete,True,20260919
retired_proxy_metric,42,2026-01-06T18:00:00Z,baseline,privileged_changes,2.0,complete,True,20260919
retired_proxy_metric,43,2026-01-06T19:00:00Z,baseline,privileged_changes,2.0,complete,True,20260919
retired_proxy_metric,44,2026-01-06T20:00:00Z,baseline,privileged_changes,2.0,complete,True,20260919
retired_proxy_metric,45,2026-01-06T21:00:00Z,baseline,privileged_changes,2.0,complete,True,20260919
retired_proxy_metric,46,2026-01-06T22:00:00Z,baseline,privileged_changes,2.0,complete,True,20260919
retired_proxy_metric,47,2026-01-06T23:00:00Z,baseline,privileged_changes,1.0,complete,True,20260919
retired_proxy_metric,48,2026-01-07T00:00:00Z,target,privileged_changes,1,complete,True,20260919
retired_proxy_metric,0,2026-01-05T00:00:00Z,baseline,outbound_mb,598.351,complete,True,20260919
retired_proxy_metric,1,2026-01-05T01:00:00Z,baseline,outbound_mb,554.169,complete,True,20260919
retired_proxy_metric,2,2026-01-05T02:00:00Z,baseline,outbound_mb,518.751,complete,True,20260919
retired_proxy_metric,3,2026-01-05T03:00:00Z,baseline,outbound_mb,551.214,complete,True,20260919
retired_proxy_metric,4,2026-01-05T04:00:00Z,baseline,outbound_mb,634.395,complete,True,20260919
retired_proxy_metric,5,2026-01-05T05:00:00Z,baseline,outbound_mb,658.365,complete,True,20260919
retired_proxy_metric,6,2026-01-05T06:00:00Z,baseline,outbound_mb,657.757,complete,True,20260919
retired_proxy_metric,7,2026-01-05T07:00:00Z,baseline,outbound_mb,811.723,complete,True,20260919
retired_proxy_metric,8,2026-01-05T08:00:00Z,baseline,outbound_mb,829.29,complete,True,20260919
retired_proxy_metric,9,2026-01-05T09:00:00Z,baseline,outbound_mb,919.816,complete,True,20260919
retired_proxy_metric,10,2026-01-05T10:00:00Z,baseline,outbound_mb,1027.434,complete,True,20260919
retired_proxy_metric,11,2026-01-05T11:00:00Z,baseline,outbound_mb,1067.905,complete,True,20260919
retired_proxy_metric,12,2026-01-05T12:00:00Z,baseline,outbound_mb,1060.83,complete,True,20260919
retired_proxy_metric,13,2026-01-05T13:00:00Z,baseline,outbound_mb,1163.296,complete,True,20260919
retired_proxy_metric,14,2026-01-05T14:00:00Z,baseline,outbound_mb,1149.918,complete,True,20260919
retired_proxy_metric,15,2026-01-05T15:00:00Z,baseline,outbound_mb,1122.046,complete,True,20260919
retired_proxy_metric,16,2026-01-05T16:00:00Z,baseline,outbound_mb,1102.889,complete,True,20260919
retired_proxy_metric,17,2026-01-05T17:00:00Z,baseline,outbound_mb,1095.089,complete,True,20260919
retired_proxy_metric,18,2026-01-05T18:00:00Z,baseline,outbound_mb,1010.581,complete,True,20260919
retired_proxy_metric,19,2026-01-05T19:00:00Z,baseline,outbound_mb,1017.898,complete,True,20260919
retired_proxy_metric,20,2026-01-05T20:00:00Z,baseline,outbound_mb,865.757,complete,True,20260919
retired_proxy_metric,21,2026-01-05T21:00:00Z,baseline,outbound_mb,932.805,complete,True,20260919
retired_proxy_metric,22,2026-01-05T22:00:00Z,baseline,outbound_mb,708.587,complete,True,20260919
retired_proxy_metric,23,2026-01-05T23:00:00Z,baseline,outbound_mb,737.636,complete,True,20260919
retired_proxy_metric,24,2026-01-06T00:00:00Z,baseline,outbound_mb,600.426,complete,True,20260919
retired_proxy_metric,25,2026-01-06T01:00:00Z,baseline,outbound_mb,553.802,complete,True,20260919
retired_proxy_metric,26,2026-01-06T02:00:00Z,baseline,outbound_mb,563.708,complete,True,20260919
retired_proxy_metric,27,2026-01-06T03:00:00Z,baseline,outbound_mb,589.732,complete,True,20260919
retired_proxy_metric,28,2026-01-06T04:00:00Z,baseline,outbound_mb,586.66,complete,True,20260919
retired_proxy_metric,29,2026-01-06T05:00:00Z,baseline,outbound_mb,675.86,complete,True,20260919
retired_proxy_metric,30,2026-01-06T06:00:00Z,baseline,outbound_mb,722.656,complete,True,20260919
retired_proxy_metric,31,2026-01-06T07:00:00Z,baseline,outbound_mb,791.268,complete,True,20260919
retired_proxy_metric,32,2026-01-06T08:00:00Z,baseline,outbound_mb,967.051,complete,True,20260919
retired_proxy_metric,33,2026-01-06T09:00:00Z,baseline,outbound_mb,927.325,complete,True,20260919
retired_proxy_metric,34,2026-01-06T10:00:00Z,baseline,outbound_mb,993.586,complete,True,20260919
retired_proxy_metric,35,2026-01-06T11:00:00Z,baseline,outbound_mb,1136.037,complete,True,20260919
retired_proxy_metric,36,2026-01-06T12:00:00Z,baseline,outbound_mb,1078.653,complete,True,20260919
retired_proxy_metric,37,2026-01-06T13:00:00Z,baseline,outbound_mb,1072.003,complete,True,20260919
retired_proxy_metric,38,2026-01-06T14:00:00Z,baseline,outbound_mb,1071.015,complete,True,20260919
retired_proxy_metric,39,2026-01-06T15:00:00Z,baseline,outbound_mb,1149.902,complete,True,20260919
retired_proxy_metric,40,2026-01-06T16:00:00Z,baseline,outbound_mb,1118.258,complete,True,20260919
retired_proxy_metric,41,2026-01-06T17:00:00Z,baseline,outbound_mb,1099.831,complete,True,20260919
retired_proxy_metric,42,2026-01-06T18:00:00Z,baseline,outbound_mb,1082.272,complete,True,20260919
retired_proxy_metric,43,2026-01-06T19:00:00Z,baseline,outbound_mb,964.636,complete,True,20260919
retired_proxy_metric,44,2026-01-06T20:00:00Z,baseline,outbound_mb,921.564,complete,True,20260919
retired_proxy_metric,45,2026-01-06T21:00:00Z,baseline,outbound_mb,797.306,complete,True,20260919
retired_proxy_metric,46,2026-01-06T22:00:00Z,baseline,outbound_mb,685.461,complete,True,20260919
retired_proxy_metric,47,2026-01-06T23:00:00Z,baseline,outbound_mb,724.364,complete,True,20260919
retired_proxy_metric,48,2026-01-07T00:00:00Z,target,outbound_mb,648.666,complete,True,20260919
retired_proxy_metric,0,2026-01-05T00:00:00Z,baseline,api_5xx,9.0,complete,True,20260919
retired_proxy_metric,1,2026-01-05T01:00:00Z,baseline,api_5xx,16.0,complete,True,20260919
retired_proxy_metric,2,2026-01-05T02:00:00Z,baseline,api_5xx,16.0,complete,True,20260919
retired_proxy_metric,3,2026-01-05T03:00:00Z,baseline,api_5xx,12.0,complete,True,20260919
retired_proxy_metric,4,2026-01-05T04:00:00Z,baseline,api_5xx,18.0,complete,True,20260919
retired_proxy_metric,5,2026-01-05T05:00:00Z,baseline,api_5xx,14.0,complete,True,20260919
retired_proxy_metric,6,2026-01-05T06:00:00Z,baseline,api_5xx,18.0,complete,True,20260919
retired_proxy_metric,7,2026-01-05T07:00:00Z,baseline,api_5xx,20.0,complete,True,20260919
retired_proxy_metric,8,2026-01-05T08:00:00Z,baseline,api_5xx,21.0,complete,True,20260919
retired_proxy_metric,9,2026-01-05T09:00:00Z,baseline,api_5xx,22.0,complete,True,20260919
retired_proxy_metric,10,2026-01-05T10:00:00Z,baseline,api_5xx,22.0,complete,True,20260919
retired_proxy_metric,11,2026-01-05T11:00:00Z,baseline,api_5xx,18.0,complete,True,20260919
retired_proxy_metric,12,2026-01-05T12:00:00Z,baseline,api_5xx,23.0,complete,True,20260919
retired_proxy_metric,13,2026-01-05T13:00:00Z,baseline,api_5xx,25.0,complete,True,20260919
retired_proxy_metric,14,2026-01-05T14:00:00Z,baseline,api_5xx,28.0,complete,True,20260919
retired_proxy_metric,15,2026-01-05T15:00:00Z,baseline,api_5xx,20.0,complete,True,20260919
retired_proxy_metric,16,2026-01-05T16:00:00Z,baseline,api_5xx,21.0,complete,True,20260919
retired_proxy_metric,17,2026-01-05T17:00:00Z,baseline,api_5xx,26.0,complete,True,20260919
retired_proxy_metric,18,2026-01-05T18:00:00Z,baseline,api_5xx,21.0,complete,True,20260919
retired_proxy_metric,19,2026-01-05T19:00:00Z,baseline,api_5xx,13.0,complete,True,20260919
retired_proxy_metric,20,2026-01-05T20:00:00Z,baseline,api_5xx,19.0,complete,True,20260919
retired_proxy_metric,21,2026-01-05T21:00:00Z,baseline,api_5xx,18.0,complete,True,20260919
retired_proxy_metric,22,2026-01-05T22:00:00Z,baseline,api_5xx,12.0,complete,True,20260919
retired_proxy_metric,23,2026-01-05T23:00:00Z,baseline,api_5xx,16.0,complete,True,20260919
retired_proxy_metric,24,2026-01-06T00:00:00Z,baseline,api_5xx,14.0,complete,True,20260919
retired_proxy_metric,25,2026-01-06T01:00:00Z,baseline,api_5xx,11.0,complete,True,20260919
retired_proxy_metric,26,2026-01-06T02:00:00Z,baseline,api_5xx,13.0,complete,True,20260919
retired_proxy_metric,27,2026-01-06T03:00:00Z,baseline,api_5xx,11.0,complete,True,20260919
retired_proxy_metric,28,2026-01-06T04:00:00Z,baseline,api_5xx,12.0,complete,True,20260919
retired_proxy_metric,29,2026-01-06T05:00:00Z,baseline,api_5xx,12.0,complete,True,20260919
retired_proxy_metric,30,2026-01-06T06:00:00Z,baseline,api_5xx,17.0,complete,True,20260919
retired_proxy_metric,31,2026-01-06T07:00:00Z,baseline,api_5xx,19.0,complete,True,20260919
retired_proxy_metric,32,2026-01-06T08:00:00Z,baseline,api_5xx,19.0,complete,True,20260919
retired_proxy_metric,33,2026-01-06T09:00:00Z,baseline,api_5xx,19.0,complete,True,20260919
retired_proxy_metric,34,2026-01-06T10:00:00Z,baseline,api_5xx,22.0,complete,True,20260919
retired_proxy_metric,35,2026-01-06T11:00:00Z,baseline,api_5xx,21.0,complete,True,20260919
retired_proxy_metric,36,2026-01-06T12:00:00Z,baseline,api_5xx,26.0,complete,True,20260919
retired_proxy_metric,37,2026-01-06T13:00:00Z,baseline,api_5xx,18.0,complete,True,20260919
retired_proxy_metric,38,2026-01-06T14:00:00Z,baseline,api_5xx,25.0,complete,True,20260919
retired_proxy_metric,39,2026-01-06T15:00:00Z,baseline,api_5xx,29.0,complete,True,20260919
retired_proxy_metric,40,2026-01-06T16:00:00Z,baseline,api_5xx,24.0,complete,True,20260919
retired_proxy_metric,41,2026-01-06T17:00:00Z,baseline,api_5xx,25.0,complete,True,20260919
retired_proxy_metric,42,2026-01-06T18:00:00Z,baseline,api_5xx,17.0,complete,True,20260919
retired_proxy_metric,43,2026-01-06T19:00:00Z,baseline,api_5xx,23.0,complete,True,20260919
retired_proxy_metric,44,2026-01-06T20:00:00Z,baseline,api_5xx,19.0,complete,True,20260919
retired_proxy_metric,45,2026-01-06T21:00:00Z,baseline,api_5xx,16.0,complete,True,20260919
retired_proxy_metric,46,2026-01-06T22:00:00Z,baseline,api_5xx,12.0,complete,True,20260919
retired_proxy_metric,47,2026-01-06T23:00:00Z,baseline,api_5xx,18.0,complete,True,20260919
retired_proxy_metric,48,2026-01-07T00:00:00Z,target,api_5xx,,not_published,True,20260919
retired_proxy_metric,0,2026-01-05T00:00:00Z,baseline,endpoint_alerts,3.0,complete,True,20260919
retired_proxy_metric,1,2026-01-05T01:00:00Z,baseline,endpoint_alerts,3.0,complete,True,20260919
retired_proxy_metric,2,2026-01-05T02:00:00Z,baseline,endpoint_alerts,3.0,complete,True,20260919
retired_proxy_metric,3,2026-01-05T03:00:00Z,baseline,endpoint_alerts,6.0,complete,True,20260919
retired_proxy_metric,4,2026-01-05T04:00:00Z,baseline,endpoint_alerts,3.0,complete,True,20260919
retired_proxy_metric,5,2026-01-05T05:00:00Z,baseline,endpoint_alerts,2.0,complete,True,20260919
retired_proxy_metric,6,2026-01-05T06:00:00Z,baseline,endpoint_alerts,4.0,complete,True,20260919
retired_proxy_metric,7,2026-01-05T07:00:00Z,baseline,endpoint_alerts,4.0,complete,True,20260919
retired_proxy_metric,8,2026-01-05T08:00:00Z,baseline,endpoint_alerts,6.0,complete,True,20260919
retired_proxy_metric,9,2026-01-05T09:00:00Z,baseline,endpoint_alerts,5.0,complete,True,20260919
retired_proxy_metric,10,2026-01-05T10:00:00Z,baseline,endpoint_alerts,6.0,complete,True,20260919
retired_proxy_metric,11,2026-01-05T11:00:00Z,baseline,endpoint_alerts,6.0,complete,True,20260919
retired_proxy_metric,12,2026-01-05T12:00:00Z,baseline,endpoint_alerts,4.0,complete,True,20260919
retired_proxy_metric,13,2026-01-05T13:00:00Z,baseline,endpoint_alerts,6.0,complete,True,20260919
retired_proxy_metric,14,2026-01-05T14:00:00Z,baseline,endpoint_alerts,5.0,complete,True,20260919
retired_proxy_metric,15,2026-01-05T15:00:00Z,baseline,endpoint_alerts,5.0,complete,True,20260919
retired_proxy_metric,16,2026-01-05T16:00:00Z,baseline,endpoint_alerts,4.0,complete,True,20260919
retired_proxy_metric,17,2026-01-05T17:00:00Z,baseline,endpoint_alerts,5.0,complete,True,20260919
retired_proxy_metric,18,2026-01-05T18:00:00Z,baseline,endpoint_alerts,4.0,complete,True,20260919
retired_proxy_metric,19,2026-01-05T19:00:00Z,baseline,endpoint_alerts,5.0,complete,True,20260919
retired_proxy_metric,20,2026-01-05T20:00:00Z,baseline,endpoint_alerts,4.0,complete,True,20260919
retired_proxy_metric,21,2026-01-05T21:00:00Z,baseline,endpoint_alerts,6.0,complete,True,20260919
retired_proxy_metric,22,2026-01-05T22:00:00Z,baseline,endpoint_alerts,3.0,complete,True,20260919
retired_proxy_metric,23,2026-01-05T23:00:00Z,baseline,endpoint_alerts,4.0,complete,True,20260919
retired_proxy_metric,24,2026-01-06T00:00:00Z,baseline,endpoint_alerts,3.0,complete,True,20260919
retired_proxy_metric,25,2026-01-06T01:00:00Z,baseline,endpoint_alerts,4.0,complete,True,20260919
retired_proxy_metric,26,2026-01-06T02:00:00Z,baseline,endpoint_alerts,4.0,complete,True,20260919
retired_proxy_metric,27,2026-01-06T03:00:00Z,baseline,endpoint_alerts,2.0,complete,True,20260919
retired_proxy_metric,28,2026-01-06T04:00:00Z,baseline,endpoint_alerts,5.0,complete,True,20260919
retired_proxy_metric,29,2026-01-06T05:00:00Z,baseline,endpoint_alerts,3.0,complete,True,20260919
retired_proxy_metric,30,2026-01-06T06:00:00Z,baseline,endpoint_alerts,4.0,complete,True,20260919
retired_proxy_metric,31,2026-01-06T07:00:00Z,baseline,endpoint_alerts,4.0,complete,True,20260919
retired_proxy_metric,32,2026-01-06T08:00:00Z,baseline,endpoint_alerts,4.0,complete,True,20260919
retired_proxy_metric,33,2026-01-06T09:00:00Z,baseline,endpoint_alerts,7.0,complete,True,20260919
retired_proxy_metric,34,2026-01-06T10:00:00Z,baseline,endpoint_alerts,4.0,complete,True,20260919
retired_proxy_metric,35,2026-01-06T11:00:00Z,baseline,endpoint_alerts,5.0,complete,True,20260919
retired_proxy_metric,36,2026-01-06T12:00:00Z,baseline,endpoint_alerts,5.0,complete,True,20260919
retired_proxy_metric,37,2026-01-06T13:00:00Z,baseline,endpoint_alerts,4.0,complete,True,20260919
retired_proxy_metric,38,2026-01-06T14:00:00Z,baseline,endpoint_alerts,5.0,complete,True,20260919
retired_proxy_metric,39,2026-01-06T15:00:00Z,baseline,endpoint_alerts,3.0,complete,True,20260919
retired_proxy_metric,40,2026-01-06T16:00:00Z,baseline,endpoint_alerts,6.0,complete,True,20260919
retired_proxy_metric,41,2026-01-06T17:00:00Z,baseline,endpoint_alerts,6.0,complete,True,20260919
retired_proxy_metric,42,2026-01-06T18:00:00Z,baseline,endpoint_alerts,7.0,complete,True,20260919
retired_proxy_metric,43,2026-01-06T19:00:00Z,baseline,endpoint_alerts,5.0,complete,True,20260919
retired_proxy_metric,44,2026-01-06T20:00:00Z,baseline,endpoint_alerts,4.0,complete,True,20260919
retired_proxy_metric,45,2026-01-06T21:00:00Z,baseline,endpoint_alerts,2.0,complete,True,20260919
retired_proxy_metric,46,2026-01-06T22:00:00Z,baseline,endpoint_alerts,3.0,complete,True,20260919
retired_proxy_metric,47,2026-01-06T23:00:00Z,baseline,endpoint_alerts,6.0,complete,True,20260919
retired_proxy_metric,48,2026-01-07T00:00:00Z,target,endpoint_alerts,4,complete,True,20260919
retired_proxy_metric,0,2026-01-05T00:00:00Z,baseline,file_rename_events,34.0,complete,True,20260919
retired_proxy_metric,1,2026-01-05T01:00:00Z,baseline,file_rename_events,31.0,complete,True,20260919
retired_proxy_metric,2,2026-01-05T02:00:00Z,baseline,file_rename_events,34.0,complete,True,20260919
retired_proxy_metric,3,2026-01-05T03:00:00Z,baseline,file_rename_events,24.0,complete,True,20260919
retired_proxy_metric,4,2026-01-05T04:00:00Z,baseline,file_rename_events,43.0,complete,True,20260919
retired_proxy_metric,5,2026-01-05T05:00:00Z,baseline,file_rename_events,38.0,complete,True,20260919
retired_proxy_metric,6,2026-01-05T06:00:00Z,baseline,file_rename_events,43.0,complete,True,20260919
retired_proxy_metric,7,2026-01-05T07:00:00Z,baseline,file_rename_events,36.0,complete,True,20260919
retired_proxy_metric,8,2026-01-05T08:00:00Z,baseline,file_rename_events,40.0,complete,True,20260919
retired_proxy_metric,9,2026-01-05T09:00:00Z,baseline,file_rename_events,47.0,complete,True,20260919
retired_proxy_metric,10,2026-01-05T10:00:00Z,baseline,file_rename_events,54.0,complete,True,20260919
retired_proxy_metric,11,2026-01-05T11:00:00Z,baseline,file_rename_events,55.0,complete,True,20260919
retired_proxy_metric,12,2026-01-05T12:00:00Z,baseline,file_rename_events,60.0,complete,True,20260919
retired_proxy_metric,13,2026-01-05T13:00:00Z,baseline,file_rename_events,62.0,complete,True,20260919
retired_proxy_metric,14,2026-01-05T14:00:00Z,baseline,file_rename_events,47.0,complete,True,20260919
retired_proxy_metric,15,2026-01-05T15:00:00Z,baseline,file_rename_events,50.0,complete,True,20260919
retired_proxy_metric,16,2026-01-05T16:00:00Z,baseline,file_rename_events,51.0,complete,True,20260919
retired_proxy_metric,17,2026-01-05T17:00:00Z,baseline,file_rename_events,37.0,complete,True,20260919
retired_proxy_metric,18,2026-01-05T18:00:00Z,baseline,file_rename_events,64.0,complete,True,20260919
retired_proxy_metric,19,2026-01-05T19:00:00Z,baseline,file_rename_events,47.0,complete,True,20260919
retired_proxy_metric,20,2026-01-05T20:00:00Z,baseline,file_rename_events,38.0,complete,True,20260919
retired_proxy_metric,21,2026-01-05T21:00:00Z,baseline,file_rename_events,44.0,complete,True,20260919
retired_proxy_metric,22,2026-01-05T22:00:00Z,baseline,file_rename_events,35.0,complete,True,20260919
retired_proxy_metric,23,2026-01-05T23:00:00Z,baseline,file_rename_events,41.0,complete,True,20260919
retired_proxy_metric,24,2026-01-06T00:00:00Z,baseline,file_rename_events,35.0,complete,True,20260919
retired_proxy_metric,25,2026-01-06T01:00:00Z,baseline,file_rename_events,38.0,complete,True,20260919
retired_proxy_metric,26,2026-01-06T02:00:00Z,baseline,file_rename_events,33.0,complete,True,20260919
retired_proxy_metric,27,2026-01-06T03:00:00Z,baseline,file_rename_events,43.0,complete,True,20260919
retired_proxy_metric,28,2026-01-06T04:00:00Z,baseline,file_rename_events,37.0,complete,True,20260919
retired_proxy_metric,29,2026-01-06T05:00:00Z,baseline,file_rename_events,37.0,complete,True,20260919
retired_proxy_metric,30,2026-01-06T06:00:00Z,baseline,file_rename_events,49.0,complete,True,20260919
retired_proxy_metric,31,2026-01-06T07:00:00Z,baseline,file_rename_events,43.0,complete,True,20260919
retired_proxy_metric,32,2026-01-06T08:00:00Z,baseline,file_rename_events,46.0,complete,True,20260919
retired_proxy_metric,33,2026-01-06T09:00:00Z,baseline,file_rename_events,53.0,complete,True,20260919
retired_proxy_metric,34,2026-01-06T10:00:00Z,baseline,file_rename_events,47.0,complete,True,20260919
retired_proxy_metric,35,2026-01-06T11:00:00Z,baseline,file_rename_events,43.0,complete,True,20260919
retired_proxy_metric,36,2026-01-06T12:00:00Z,baseline,file_rename_events,48.0,complete,True,20260919
retired_proxy_metric,37,2026-01-06T13:00:00Z,baseline,file_rename_events,51.0,complete,True,20260919
retired_proxy_metric,38,2026-01-06T14:00:00Z,baseline,file_rename_events,50.0,complete,True,20260919
retired_proxy_metric,39,2026-01-06T15:00:00Z,baseline,file_rename_events,46.0,complete,True,20260919
retired_proxy_metric,40,2026-01-06T16:00:00Z,baseline,file_rename_events,53.0,complete,True,20260919
retired_proxy_metric,41,2026-01-06T17:00:00Z,baseline,file_rename_events,47.0,complete,True,20260919
retired_proxy_metric,42,2026-01-06T18:00:00Z,baseline,file_rename_events,49.0,complete,True,20260919
retired_proxy_metric,43,2026-01-06T19:00:00Z,baseline,file_rename_events,49.0,complete,True,20260919
retired_proxy_metric,44,2026-01-06T20:00:00Z,baseline,file_rename_events,44.0,complete,True,20260919
retired_proxy_metric,45,2026-01-06T21:00:00Z,baseline,file_rename_events,46.0,complete,True,20260919
retired_proxy_metric,46,2026-01-06T22:00:00Z,baseline,file_rename_events,37.0,complete,True,20260919
retired_proxy_metric,47,2026-01-06T23:00:00Z,baseline,file_rename_events,35.0,complete,True,20260919
retired_proxy_metric,48,2026-01-07T00:00:00Z,target,file_rename_events,41,complete,True,20260919
retired_proxy_metric,0,2026-01-05T00:00:00Z,baseline,inbound_requests,30982.0,complete,True,20260919
retired_proxy_metric,1,2026-01-05T01:00:00Z,baseline,inbound_requests,27775.0,complete,True,20260919
retired_proxy_metric,2,2026-01-05T02:00:00Z,baseline,inbound_requests,28531.0,complete,True,20260919
retired_proxy_metric,3,2026-01-05T03:00:00Z,baseline,inbound_requests,28458.0,complete,True,20260919
retired_proxy_metric,4,2026-01-05T04:00:00Z,baseline,inbound_requests,29035.0,complete,True,20260919
retired_proxy_metric,5,2026-01-05T05:00:00Z,baseline,inbound_requests,34194.0,complete,True,20260919
retired_proxy_metric,6,2026-01-05T06:00:00Z,baseline,inbound_requests,32397.0,complete,True,20260919
retired_proxy_metric,7,2026-01-05T07:00:00Z,baseline,inbound_requests,44551.0,complete,True,20260919
retired_proxy_metric,8,2026-01-05T08:00:00Z,baseline,inbound_requests,48343.0,complete,True,20260919
retired_proxy_metric,9,2026-01-05T09:00:00Z,baseline,inbound_requests,51865.0,complete,True,20260919
retired_proxy_metric,10,2026-01-05T10:00:00Z,baseline,inbound_requests,57789.0,complete,True,20260919
retired_proxy_metric,11,2026-01-05T11:00:00Z,baseline,inbound_requests,68894.0,complete,True,20260919
retired_proxy_metric,12,2026-01-05T12:00:00Z,baseline,inbound_requests,69731.0,complete,True,20260919
retired_proxy_metric,13,2026-01-05T13:00:00Z,baseline,inbound_requests,69500.0,complete,True,20260919
retired_proxy_metric,14,2026-01-05T14:00:00Z,baseline,inbound_requests,70569.0,complete,True,20260919
retired_proxy_metric,15,2026-01-05T15:00:00Z,baseline,inbound_requests,77220.0,complete,True,20260919
retired_proxy_metric,16,2026-01-05T16:00:00Z,baseline,inbound_requests,75083.0,complete,True,20260919
retired_proxy_metric,17,2026-01-05T17:00:00Z,baseline,inbound_requests,67350.0,complete,True,20260919
retired_proxy_metric,18,2026-01-05T18:00:00Z,baseline,inbound_requests,59682.0,complete,True,20260919
retired_proxy_metric,19,2026-01-05T19:00:00Z,baseline,inbound_requests,52712.0,complete,True,20260919
retired_proxy_metric,20,2026-01-05T20:00:00Z,baseline,inbound_requests,52358.0,complete,True,20260919
retired_proxy_metric,21,2026-01-05T21:00:00Z,baseline,inbound_requests,47950.0,complete,True,20260919
retired_proxy_metric,22,2026-01-05T22:00:00Z,baseline,inbound_requests,37988.0,complete,True,20260919
retired_proxy_metric,23,2026-01-05T23:00:00Z,baseline,inbound_requests,36567.0,complete,True,20260919
retired_proxy_metric,24,2026-01-06T00:00:00Z,baseline,inbound_requests,32839.0,complete,True,20260919
retired_proxy_metric,25,2026-01-06T01:00:00Z,baseline,inbound_requests,28491.0,complete,True,20260919
retired_proxy_metric,26,2026-01-06T02:00:00Z,baseline,inbound_requests,29416.0,complete,True,20260919
retired_proxy_metric,27,2026-01-06T03:00:00Z,baseline,inbound_requests,29847.0,complete,True,20260919
retired_proxy_metric,28,2026-01-06T04:00:00Z,baseline,inbound_requests,32668.0,complete,True,20260919
retired_proxy_metric,29,2026-01-06T05:00:00Z,baseline,inbound_requests,32789.0,complete,True,20260919
retired_proxy_metric,30,2026-01-06T06:00:00Z,baseline,inbound_requests,39131.0,complete,True,20260919
retired_proxy_metric,31,2026-01-06T07:00:00Z,baseline,inbound_requests,49772.0,complete,True,20260919
retired_proxy_metric,32,2026-01-06T08:00:00Z,baseline,inbound_requests,53289.0,complete,True,20260919
retired_proxy_metric,33,2026-01-06T09:00:00Z,baseline,inbound_requests,61002.0,complete,True,20260919
retired_proxy_metric,34,2026-01-06T10:00:00Z,baseline,inbound_requests,58192.0,complete,True,20260919
retired_proxy_metric,35,2026-01-06T11:00:00Z,baseline,inbound_requests,69898.0,complete,True,20260919
retired_proxy_metric,36,2026-01-06T12:00:00Z,baseline,inbound_requests,74370.0,complete,True,20260919
retired_proxy_metric,37,2026-01-06T13:00:00Z,baseline,inbound_requests,82284.0,complete,True,20260919
retired_proxy_metric,38,2026-01-06T14:00:00Z,baseline,inbound_requests,67139.0,complete,True,20260919
retired_proxy_metric,39,2026-01-06T15:00:00Z,baseline,inbound_requests,72757.0,complete,True,20260919
retired_proxy_metric,40,2026-01-06T16:00:00Z,baseline,inbound_requests,76221.0,complete,True,20260919
retired_proxy_metric,41,2026-01-06T17:00:00Z,baseline,inbound_requests,73072.0,complete,True,20260919
retired_proxy_metric,42,2026-01-06T18:00:00Z,baseline,inbound_requests,58845.0,complete,True,20260919
retired_proxy_metric,43,2026-01-06T19:00:00Z,baseline,inbound_requests,56462.0,complete,True,20260919
retired_proxy_metric,44,2026-01-06T20:00:00Z,baseline,inbound_requests,52234.0,complete,True,20260919
retired_proxy_metric,45,2026-01-06T21:00:00Z,baseline,inbound_requests,46438.0,complete,True,20260919
retired_proxy_metric,46,2026-01-06T22:00:00Z,baseline,inbound_requests,40743.0,complete,True,20260919
retired_proxy_metric,47,2026-01-06T23:00:00Z,baseline,inbound_requests,34197.0,complete,True,20260919
retired_proxy_metric,48,2026-01-07T00:00:00Z,target,inbound_requests,31038,complete,True,20260919
