reporting_year,hcpcs_code,case_role,observation_status,total_services,place_of_service_rows,place_of_service_codes,hcpcs_descriptions,dataset_version,cms_source_url,retrieval_transport,response_sha256,catalog_url
2013,0001A,new-code / cold-start control,not_published,,0,,,3c2a4756-0a8c-4e4d-845a-6ad169cb13d3,http://data.cms.gov/data-api/v1/dataset/3c2a4756-0a8c-4e4d-845a-6ad169cb13d3/data?filter%5Bcondition%5D%5Bpath%5D=HCPCS_Cd&filter%5Bcondition%5D%5Boperator%5D=IN&filter%5Bcondition%5D%5Bvalue%5D%5B%5D=0001A&filter%5Bcondition%5D%5Bvalue%5D%5B%5D=36415&filter%5Bcondition%5D%5Bvalue%5D%5B%5D=45378&filter%5Bcondition%5D%5Bvalue%5D%5B%5D=66984&filter%5Bcondition%5D%5Bvalue%5D%5B%5D=77067&filter%5Bcondition%5D%5Bvalue%5D%5B%5D=90739&filter%5Bcondition%5D%5Bvalue%5D%5B%5D=94010&filter%5Bcondition%5D%5Bvalue%5D%5B%5D=97110&filter%5Bcondition%5D%5Bvalue%5D%5B%5D=99201&filter%5Bcondition%5D%5Bvalue%5D%5B%5D=99213&filter%5Bcondition%5D%5Bvalue%5D%5B%5D=99441&filter%5Bcondition%5D%5Bvalue%5D%5B%5D=G0121&filter%5Bcondition%5D%5Bvalue%5D%5B%5D=G2211&size=5000,jina_reader,3f8299f26d3d4176afed6da04a641e099fd8d31cc17ca2c907354e5039de60de,https://catalog.data.gov/dataset/medicare-physician-other-practitioners-by-geography-and-service
2013,36415,high-volume comparison control,complete,61175241,2,F|O,Insertion of needle into vein for collection of blood sample,3c2a4756-0a8c-4e4d-845a-6ad169cb13d3,http://data.cms.gov/data-api/v1/dataset/3c2a4756-0a8c-4e4d-845a-6ad169cb13d3/data?filter%5Bcondition%5D%5Bpath%5D=HCPCS_Cd&filter%5Bcondition%5D%5Boperator%5D=IN&filter%5Bcondition%5D%5Bvalue%5D%5B%5D=0001A&filter%5Bcondition%5D%5Bvalue%5D%5B%5D=36415&filter%5Bcondition%5D%5Bvalue%5D%5B%5D=45378&filter%5Bcondition%5D%5Bvalue%5D%5B%5D=66984&filter%5Bcondition%5D%5Bvalue%5D%5B%5D=77067&filter%5Bcondition%5D%5Bvalue%5D%5B%5D=90739&filter%5Bcondition%5D%5Bvalue%5D%5B%5D=94010&filter%5Bcondition%5D%5Bvalue%5D%5B%5D=97110&filter%5Bcondition%5D%5Bvalue%5D%5B%5D=99201&filter%5Bcondition%5D%5Bvalue%5D%5B%5D=99213&filter%5Bcondition%5D%5Bvalue%5D%5B%5D=99441&filter%5Bcondition%5D%5Bvalue%5D%5B%5D=G0121&filter%5Bcondition%5D%5Bvalue%5D%5B%5D=G2211&size=5000,jina_reader,3f8299f26d3d4176afed6da04a641e099fd8d31cc17ca2c907354e5039de60de,https://catalog.data.gov/dataset/medicare-physician-other-practitioners-by-geography-and-service
2013,45378,mature procedure comparison control,complete,753355,2,F|O,Diagnostic examination of large bowel using an endoscope,3c2a4756-0a8c-4e4d-845a-6ad169cb13d3,http://data.cms.gov/data-api/v1/dataset/3c2a4756-0a8c-4e4d-845a-6ad169cb13d3/data?filter%5Bcondition%5D%5Bpath%5D=HCPCS_Cd&filter%5Bcondition%5D%5Boperator%5D=IN&filter%5Bcondition%5D%5Bvalue%5D%5B%5D=0001A&filter%5Bcondition%5D%5Bvalue%5D%5B%5D=36415&filter%5Bcondition%5D%5Bvalue%5D%5B%5D=45378&filter%5Bcondition%5D%5Bvalue%5D%5B%5D=66984&filter%5Bcondition%5D%5Bvalue%5D%5B%5D=77067&filter%5Bcondition%5D%5Bvalue%5D%5B%5D=90739&filter%5Bcondition%5D%5Bvalue%5D%5B%5D=94010&filter%5Bcondition%5D%5Bvalue%5D%5B%5D=97110&filter%5Bcondition%5D%5Bvalue%5D%5B%5D=99201&filter%5Bcondition%5D%5Bvalue%5D%5B%5D=99213&filter%5Bcondition%5D%5Bvalue%5D%5B%5D=99441&filter%5Bcondition%5D%5Bvalue%5D%5B%5D=G0121&filter%5Bcondition%5D%5Bvalue%5D%5B%5D=G2211&size=5000,jina_reader,3f8299f26d3d4176afed6da04a641e099fd8d31cc17ca2c907354e5039de60de,https://catalog.data.gov/dataset/medicare-physician-other-practitioners-by-geography-and-service
2013,66984,2020 elective-procedure candidate pool,complete,6993885,2,F|O,Removal of cataract with insertion of lens,3c2a4756-0a8c-4e4d-845a-6ad169cb13d3,http://data.cms.gov/data-api/v1/dataset/3c2a4756-0a8c-4e4d-845a-6ad169cb13d3/data?filter%5Bcondition%5D%5Bpath%5D=HCPCS_Cd&filter%5Bcondition%5D%5Boperator%5D=IN&filter%5Bcondition%5D%5Bvalue%5D%5B%5D=0001A&filter%5Bcondition%5D%5Bvalue%5D%5B%5D=36415&filter%5Bcondition%5D%5Bvalue%5D%5B%5D=45378&filter%5Bcondition%5D%5Bvalue%5D%5B%5D=66984&filter%5Bcondition%5D%5Bvalue%5D%5B%5D=77067&filter%5Bcondition%5D%5Bvalue%5D%5B%5D=90739&filter%5Bcondition%5D%5Bvalue%5D%5B%5D=94010&filter%5Bcondition%5D%5Bvalue%5D%5B%5D=97110&filter%5Bcondition%5D%5Bvalue%5D%5B%5D=99201&filter%5Bcondition%5D%5Bvalue%5D%5B%5D=99213&filter%5Bcondition%5D%5Bvalue%5D%5B%5D=99441&filter%5Bcondition%5D%5Bvalue%5D%5B%5D=G0121&filter%5Bcondition%5D%5Bvalue%5D%5B%5D=G2211&size=5000,jina_reader,3f8299f26d3d4176afed6da04a641e099fd8d31cc17ca2c907354e5039de60de,https://catalog.data.gov/dataset/medicare-physician-other-practitioners-by-geography-and-service
2013,77067,2020 screening candidate pool,not_published,,0,,,3c2a4756-0a8c-4e4d-845a-6ad169cb13d3,http://data.cms.gov/data-api/v1/dataset/3c2a4756-0a8c-4e4d-845a-6ad169cb13d3/data?filter%5Bcondition%5D%5Bpath%5D=HCPCS_Cd&filter%5Bcondition%5D%5Boperator%5D=IN&filter%5Bcondition%5D%5Bvalue%5D%5B%5D=0001A&filter%5Bcondition%5D%5Bvalue%5D%5B%5D=36415&filter%5Bcondition%5D%5Bvalue%5D%5B%5D=45378&filter%5Bcondition%5D%5Bvalue%5D%5B%5D=66984&filter%5Bcondition%5D%5Bvalue%5D%5B%5D=77067&filter%5Bcondition%5D%5Bvalue%5D%5B%5D=90739&filter%5Bcondition%5D%5Bvalue%5D%5B%5D=94010&filter%5Bcondition%5D%5Bvalue%5D%5B%5D=97110&filter%5Bcondition%5D%5Bvalue%5D%5B%5D=99201&filter%5Bcondition%5D%5Bvalue%5D%5B%5D=99213&filter%5Bcondition%5D%5Bvalue%5D%5B%5D=99441&filter%5Bcondition%5D%5Bvalue%5D%5B%5D=G0121&filter%5Bcondition%5D%5Bvalue%5D%5B%5D=G2211&size=5000,jina_reader,3f8299f26d3d4176afed6da04a641e099fd8d31cc17ca2c907354e5039de60de,https://catalog.data.gov/dataset/medicare-physician-other-practitioners-by-geography-and-service
2013,90739,previous negative case,not_published,,0,,,3c2a4756-0a8c-4e4d-845a-6ad169cb13d3,http://data.cms.gov/data-api/v1/dataset/3c2a4756-0a8c-4e4d-845a-6ad169cb13d3/data?filter%5Bcondition%5D%5Bpath%5D=HCPCS_Cd&filter%5Bcondition%5D%5Boperator%5D=IN&filter%5Bcondition%5D%5Bvalue%5D%5B%5D=0001A&filter%5Bcondition%5D%5Bvalue%5D%5B%5D=36415&filter%5Bcondition%5D%5Bvalue%5D%5B%5D=45378&filter%5Bcondition%5D%5Bvalue%5D%5B%5D=66984&filter%5Bcondition%5D%5Bvalue%5D%5B%5D=77067&filter%5Bcondition%5D%5Bvalue%5D%5B%5D=90739&filter%5Bcondition%5D%5Bvalue%5D%5B%5D=94010&filter%5Bcondition%5D%5Bvalue%5D%5B%5D=97110&filter%5Bcondition%5D%5Bvalue%5D%5B%5D=99201&filter%5Bcondition%5D%5Bvalue%5D%5B%5D=99213&filter%5Bcondition%5D%5Bvalue%5D%5B%5D=99441&filter%5Bcondition%5D%5Bvalue%5D%5B%5D=G0121&filter%5Bcondition%5D%5Bvalue%5D%5B%5D=G2211&size=5000,jina_reader,3f8299f26d3d4176afed6da04a641e099fd8d31cc17ca2c907354e5039de60de,https://catalog.data.gov/dataset/medicare-physician-other-practitioners-by-geography-and-service
2013,94010,2020 respiratory-procedure candidate pool,complete,1313716,2,F|O,Measurement and graphic recording of total and timed exhaled air capacity,3c2a4756-0a8c-4e4d-845a-6ad169cb13d3,http://data.cms.gov/data-api/v1/dataset/3c2a4756-0a8c-4e4d-845a-6ad169cb13d3/data?filter%5Bcondition%5D%5Bpath%5D=HCPCS_Cd&filter%5Bcondition%5D%5Boperator%5D=IN&filter%5Bcondition%5D%5Bvalue%5D%5B%5D=0001A&filter%5Bcondition%5D%5Bvalue%5D%5B%5D=36415&filter%5Bcondition%5D%5Bvalue%5D%5B%5D=45378&filter%5Bcondition%5D%5Bvalue%5D%5B%5D=66984&filter%5Bcondition%5D%5Bvalue%5D%5B%5D=77067&filter%5Bcondition%5D%5Bvalue%5D%5B%5D=90739&filter%5Bcondition%5D%5Bvalue%5D%5B%5D=94010&filter%5Bcondition%5D%5Bvalue%5D%5B%5D=97110&filter%5Bcondition%5D%5Bvalue%5D%5B%5D=99201&filter%5Bcondition%5D%5Bvalue%5D%5B%5D=99213&filter%5Bcondition%5D%5Bvalue%5D%5B%5D=99441&filter%5Bcondition%5D%5Bvalue%5D%5B%5D=G0121&filter%5Bcondition%5D%5Bvalue%5D%5B%5D=G2211&size=5000,jina_reader,3f8299f26d3d4176afed6da04a641e099fd8d31cc17ca2c907354e5039de60de,https://catalog.data.gov/dataset/medicare-physician-other-practitioners-by-geography-and-service
2013,97110,2020 rehabilitation candidate pool,complete,42712901.9,2,F|O,"Therapeutic exercise to develop strength, endurance, range of motion, and flexibility, each 15 minutes",3c2a4756-0a8c-4e4d-845a-6ad169cb13d3,http://data.cms.gov/data-api/v1/dataset/3c2a4756-0a8c-4e4d-845a-6ad169cb13d3/data?filter%5Bcondition%5D%5Bpath%5D=HCPCS_Cd&filter%5Bcondition%5D%5Boperator%5D=IN&filter%5Bcondition%5D%5Bvalue%5D%5B%5D=0001A&filter%5Bcondition%5D%5Bvalue%5D%5B%5D=36415&filter%5Bcondition%5D%5Bvalue%5D%5B%5D=45378&filter%5Bcondition%5D%5Bvalue%5D%5B%5D=66984&filter%5Bcondition%5D%5Bvalue%5D%5B%5D=77067&filter%5Bcondition%5D%5Bvalue%5D%5B%5D=90739&filter%5Bcondition%5D%5Bvalue%5D%5B%5D=94010&filter%5Bcondition%5D%5Bvalue%5D%5B%5D=97110&filter%5Bcondition%5D%5Bvalue%5D%5B%5D=99201&filter%5Bcondition%5D%5Bvalue%5D%5B%5D=99213&filter%5Bcondition%5D%5Bvalue%5D%5B%5D=99441&filter%5Bcondition%5D%5Bvalue%5D%5B%5D=G0121&filter%5Bcondition%5D%5Bvalue%5D%5B%5D=G2211&size=5000,jina_reader,3f8299f26d3d4176afed6da04a641e099fd8d31cc17ca2c907354e5039de60de,https://catalog.data.gov/dataset/medicare-physician-other-practitioners-by-geography-and-service
2013,99201,retired-code lifecycle case,complete,374171,2,F|O,"New patient office or other outpatient visit, typically 10 minutes",3c2a4756-0a8c-4e4d-845a-6ad169cb13d3,http://data.cms.gov/data-api/v1/dataset/3c2a4756-0a8c-4e4d-845a-6ad169cb13d3/data?filter%5Bcondition%5D%5Bpath%5D=HCPCS_Cd&filter%5Bcondition%5D%5Boperator%5D=IN&filter%5Bcondition%5D%5Bvalue%5D%5B%5D=0001A&filter%5Bcondition%5D%5Bvalue%5D%5B%5D=36415&filter%5Bcondition%5D%5Bvalue%5D%5B%5D=45378&filter%5Bcondition%5D%5Bvalue%5D%5B%5D=66984&filter%5Bcondition%5D%5Bvalue%5D%5B%5D=77067&filter%5Bcondition%5D%5Bvalue%5D%5B%5D=90739&filter%5Bcondition%5D%5Bvalue%5D%5B%5D=94010&filter%5Bcondition%5D%5Bvalue%5D%5B%5D=97110&filter%5Bcondition%5D%5Bvalue%5D%5B%5D=99201&filter%5Bcondition%5D%5Bvalue%5D%5B%5D=99213&filter%5Bcondition%5D%5Bvalue%5D%5B%5D=99441&filter%5Bcondition%5D%5Bvalue%5D%5B%5D=G0121&filter%5Bcondition%5D%5Bvalue%5D%5B%5D=G2211&size=5000,jina_reader,3f8299f26d3d4176afed6da04a641e099fd8d31cc17ca2c907354e5039de60de,https://catalog.data.gov/dataset/medicare-physician-other-practitioners-by-geography-and-service
2013,99213,mature high-volume E/M control,complete,103145125,2,F|O,"Established patient office or other outpatient visit, typically 15 minutes",3c2a4756-0a8c-4e4d-845a-6ad169cb13d3,http://data.cms.gov/data-api/v1/dataset/3c2a4756-0a8c-4e4d-845a-6ad169cb13d3/data?filter%5Bcondition%5D%5Bpath%5D=HCPCS_Cd&filter%5Bcondition%5D%5Boperator%5D=IN&filter%5Bcondition%5D%5Bvalue%5D%5B%5D=0001A&filter%5Bcondition%5D%5Bvalue%5D%5B%5D=36415&filter%5Bcondition%5D%5Bvalue%5D%5B%5D=45378&filter%5Bcondition%5D%5Bvalue%5D%5B%5D=66984&filter%5Bcondition%5D%5Bvalue%5D%5B%5D=77067&filter%5Bcondition%5D%5Bvalue%5D%5B%5D=90739&filter%5Bcondition%5D%5Bvalue%5D%5B%5D=94010&filter%5Bcondition%5D%5Bvalue%5D%5B%5D=97110&filter%5Bcondition%5D%5Bvalue%5D%5B%5D=99201&filter%5Bcondition%5D%5Bvalue%5D%5B%5D=99213&filter%5Bcondition%5D%5Bvalue%5D%5B%5D=99441&filter%5Bcondition%5D%5Bvalue%5D%5B%5D=G0121&filter%5Bcondition%5D%5Bvalue%5D%5B%5D=G2211&size=5000,jina_reader,3f8299f26d3d4176afed6da04a641e099fd8d31cc17ca2c907354e5039de60de,https://catalog.data.gov/dataset/medicare-physician-other-practitioners-by-geography-and-service
2013,99441,known 2020 policy/PHE shock case,not_published,,0,,,3c2a4756-0a8c-4e4d-845a-6ad169cb13d3,http://data.cms.gov/data-api/v1/dataset/3c2a4756-0a8c-4e4d-845a-6ad169cb13d3/data?filter%5Bcondition%5D%5Bpath%5D=HCPCS_Cd&filter%5Bcondition%5D%5Boperator%5D=IN&filter%5Bcondition%5D%5Bvalue%5D%5B%5D=0001A&filter%5Bcondition%5D%5Bvalue%5D%5B%5D=36415&filter%5Bcondition%5D%5Bvalue%5D%5B%5D=45378&filter%5Bcondition%5D%5Bvalue%5D%5B%5D=66984&filter%5Bcondition%5D%5Bvalue%5D%5B%5D=77067&filter%5Bcondition%5D%5Bvalue%5D%5B%5D=90739&filter%5Bcondition%5D%5Bvalue%5D%5B%5D=94010&filter%5Bcondition%5D%5Bvalue%5D%5B%5D=97110&filter%5Bcondition%5D%5Bvalue%5D%5B%5D=99201&filter%5Bcondition%5D%5Bvalue%5D%5B%5D=99213&filter%5Bcondition%5D%5Bvalue%5D%5B%5D=99441&filter%5Bcondition%5D%5Bvalue%5D%5B%5D=G0121&filter%5Bcondition%5D%5Bvalue%5D%5B%5D=G2211&size=5000,jina_reader,3f8299f26d3d4176afed6da04a641e099fd8d31cc17ca2c907354e5039de60de,https://catalog.data.gov/dataset/medicare-physician-other-practitioners-by-geography-and-service
2013,G0121,2020 screening candidate pool,complete,376309,2,F|O,Colorectal cancer screening; colonoscopy on individual not meeting criteria for high risk,3c2a4756-0a8c-4e4d-845a-6ad169cb13d3,http://data.cms.gov/data-api/v1/dataset/3c2a4756-0a8c-4e4d-845a-6ad169cb13d3/data?filter%5Bcondition%5D%5Bpath%5D=HCPCS_Cd&filter%5Bcondition%5D%5Boperator%5D=IN&filter%5Bcondition%5D%5Bvalue%5D%5B%5D=0001A&filter%5Bcondition%5D%5Bvalue%5D%5B%5D=36415&filter%5Bcondition%5D%5Bvalue%5D%5B%5D=45378&filter%5Bcondition%5D%5Bvalue%5D%5B%5D=66984&filter%5Bcondition%5D%5Bvalue%5D%5B%5D=77067&filter%5Bcondition%5D%5Bvalue%5D%5B%5D=90739&filter%5Bcondition%5D%5Bvalue%5D%5B%5D=94010&filter%5Bcondition%5D%5Bvalue%5D%5B%5D=97110&filter%5Bcondition%5D%5Bvalue%5D%5B%5D=99201&filter%5Bcondition%5D%5Bvalue%5D%5B%5D=99213&filter%5Bcondition%5D%5Bvalue%5D%5B%5D=99441&filter%5Bcondition%5D%5Bvalue%5D%5B%5D=G0121&filter%5Bcondition%5D%5Bvalue%5D%5B%5D=G2211&size=5000,jina_reader,3f8299f26d3d4176afed6da04a641e099fd8d31cc17ca2c907354e5039de60de,https://catalog.data.gov/dataset/medicare-physician-other-practitioners-by-geography-and-service
2013,G2211,known 2024 implementation case,not_published,,0,,,3c2a4756-0a8c-4e4d-845a-6ad169cb13d3,http://data.cms.gov/data-api/v1/dataset/3c2a4756-0a8c-4e4d-845a-6ad169cb13d3/data?filter%5Bcondition%5D%5Bpath%5D=HCPCS_Cd&filter%5Bcondition%5D%5Boperator%5D=IN&filter%5Bcondition%5D%5Bvalue%5D%5B%5D=0001A&filter%5Bcondition%5D%5Bvalue%5D%5B%5D=36415&filter%5Bcondition%5D%5Bvalue%5D%5B%5D=45378&filter%5Bcondition%5D%5Bvalue%5D%5B%5D=66984&filter%5Bcondition%5D%5Bvalue%5D%5B%5D=77067&filter%5Bcondition%5D%5Bvalue%5D%5B%5D=90739&filter%5Bcondition%5D%5Bvalue%5D%5B%5D=94010&filter%5Bcondition%5D%5Bvalue%5D%5B%5D=97110&filter%5Bcondition%5D%5Bvalue%5D%5B%5D=99201&filter%5Bcondition%5D%5Bvalue%5D%5B%5D=99213&filter%5Bcondition%5D%5Bvalue%5D%5B%5D=99441&filter%5Bcondition%5D%5Bvalue%5D%5B%5D=G0121&filter%5Bcondition%5D%5Bvalue%5D%5B%5D=G2211&size=5000,jina_reader,3f8299f26d3d4176afed6da04a641e099fd8d31cc17ca2c907354e5039de60de,https://catalog.data.gov/dataset/medicare-physician-other-practitioners-by-geography-and-service
2014,0001A,new-code / cold-start control,not_published,,0,,,28181bd2-b377-4003-b73a-4bd92d1db4a9,http://data.cms.gov/data-api/v1/dataset/28181bd2-b377-4003-b73a-4bd92d1db4a9/data?filter%5Bcondition%5D%5Bpath%5D=HCPCS_Cd&filter%5Bcondition%5D%5Boperator%5D=IN&filter%5Bcondition%5D%5Bvalue%5D%5B%5D=0001A&filter%5Bcondition%5D%5Bvalue%5D%5B%5D=36415&filter%5Bcondition%5D%5Bvalue%5D%5B%5D=45378&filter%5Bcondition%5D%5Bvalue%5D%5B%5D=66984&filter%5Bcondition%5D%5Bvalue%5D%5B%5D=77067&filter%5Bcondition%5D%5Bvalue%5D%5B%5D=90739&filter%5Bcondition%5D%5Bvalue%5D%5B%5D=94010&filter%5Bcondition%5D%5Bvalue%5D%5B%5D=97110&filter%5Bcondition%5D%5Bvalue%5D%5B%5D=99201&filter%5Bcondition%5D%5Bvalue%5D%5B%5D=99213&filter%5Bcondition%5D%5Bvalue%5D%5B%5D=99441&filter%5Bcondition%5D%5Bvalue%5D%5B%5D=G0121&filter%5Bcondition%5D%5Bvalue%5D%5B%5D=G2211&size=5000,jina_reader,06946d09d5dc6fcb35f15f89575854ddf4961d326166203e0671afc578d76324,https://catalog.data.gov/dataset/medicare-physician-other-practitioners-by-geography-and-service
2014,36415,high-volume comparison control,complete,56528139.2,2,F|O,Insertion of needle into vein for collection of blood sample,28181bd2-b377-4003-b73a-4bd92d1db4a9,http://data.cms.gov/data-api/v1/dataset/28181bd2-b377-4003-b73a-4bd92d1db4a9/data?filter%5Bcondition%5D%5Bpath%5D=HCPCS_Cd&filter%5Bcondition%5D%5Boperator%5D=IN&filter%5Bcondition%5D%5Bvalue%5D%5B%5D=0001A&filter%5Bcondition%5D%5Bvalue%5D%5B%5D=36415&filter%5Bcondition%5D%5Bvalue%5D%5B%5D=45378&filter%5Bcondition%5D%5Bvalue%5D%5B%5D=66984&filter%5Bcondition%5D%5Bvalue%5D%5B%5D=77067&filter%5Bcondition%5D%5Bvalue%5D%5B%5D=90739&filter%5Bcondition%5D%5Bvalue%5D%5B%5D=94010&filter%5Bcondition%5D%5Bvalue%5D%5B%5D=97110&filter%5Bcondition%5D%5Bvalue%5D%5B%5D=99201&filter%5Bcondition%5D%5Bvalue%5D%5B%5D=99213&filter%5Bcondition%5D%5Bvalue%5D%5B%5D=99441&filter%5Bcondition%5D%5Bvalue%5D%5B%5D=G0121&filter%5Bcondition%5D%5Bvalue%5D%5B%5D=G2211&size=5000,jina_reader,06946d09d5dc6fcb35f15f89575854ddf4961d326166203e0671afc578d76324,https://catalog.data.gov/dataset/medicare-physician-other-practitioners-by-geography-and-service
2014,45378,mature procedure comparison control,complete,680915.5,2,F|O,Diagnostic examination of large bowel using an endoscope,28181bd2-b377-4003-b73a-4bd92d1db4a9,http://data.cms.gov/data-api/v1/dataset/28181bd2-b377-4003-b73a-4bd92d1db4a9/data?filter%5Bcondition%5D%5Bpath%5D=HCPCS_Cd&filter%5Bcondition%5D%5Boperator%5D=IN&filter%5Bcondition%5D%5Bvalue%5D%5B%5D=0001A&filter%5Bcondition%5D%5Bvalue%5D%5B%5D=36415&filter%5Bcondition%5D%5Bvalue%5D%5B%5D=45378&filter%5Bcondition%5D%5Bvalue%5D%5B%5D=66984&filter%5Bcondition%5D%5Bvalue%5D%5B%5D=77067&filter%5Bcondition%5D%5Bvalue%5D%5B%5D=90739&filter%5Bcondition%5D%5Bvalue%5D%5B%5D=94010&filter%5Bcondition%5D%5Bvalue%5D%5B%5D=97110&filter%5Bcondition%5D%5Bvalue%5D%5B%5D=99201&filter%5Bcondition%5D%5Bvalue%5D%5B%5D=99213&filter%5Bcondition%5D%5Bvalue%5D%5B%5D=99441&filter%5Bcondition%5D%5Bvalue%5D%5B%5D=G0121&filter%5Bcondition%5D%5Bvalue%5D%5B%5D=G2211&size=5000,jina_reader,06946d09d5dc6fcb35f15f89575854ddf4961d326166203e0671afc578d76324,https://catalog.data.gov/dataset/medicare-physician-other-practitioners-by-geography-and-service
2014,66984,2020 elective-procedure candidate pool,complete,8003565,2,F|O,Removal of cataract with insertion of lens,28181bd2-b377-4003-b73a-4bd92d1db4a9,http://data.cms.gov/data-api/v1/dataset/28181bd2-b377-4003-b73a-4bd92d1db4a9/data?filter%5Bcondition%5D%5Bpath%5D=HCPCS_Cd&filter%5Bcondition%5D%5Boperator%5D=IN&filter%5Bcondition%5D%5Bvalue%5D%5B%5D=0001A&filter%5Bcondition%5D%5Bvalue%5D%5B%5D=36415&filter%5Bcondition%5D%5Bvalue%5D%5B%5D=45378&filter%5Bcondition%5D%5Bvalue%5D%5B%5D=66984&filter%5Bcondition%5D%5Bvalue%5D%5B%5D=77067&filter%5Bcondition%5D%5Bvalue%5D%5B%5D=90739&filter%5Bcondition%5D%5Bvalue%5D%5B%5D=94010&filter%5Bcondition%5D%5Bvalue%5D%5B%5D=97110&filter%5Bcondition%5D%5Bvalue%5D%5B%5D=99201&filter%5Bcondition%5D%5Bvalue%5D%5B%5D=99213&filter%5Bcondition%5D%5Bvalue%5D%5B%5D=99441&filter%5Bcondition%5D%5Bvalue%5D%5B%5D=G0121&filter%5Bcondition%5D%5Bvalue%5D%5B%5D=G2211&size=5000,jina_reader,06946d09d5dc6fcb35f15f89575854ddf4961d326166203e0671afc578d76324,https://catalog.data.gov/dataset/medicare-physician-other-practitioners-by-geography-and-service
2014,77067,2020 screening candidate pool,not_published,,0,,,28181bd2-b377-4003-b73a-4bd92d1db4a9,http://data.cms.gov/data-api/v1/dataset/28181bd2-b377-4003-b73a-4bd92d1db4a9/data?filter%5Bcondition%5D%5Bpath%5D=HCPCS_Cd&filter%5Bcondition%5D%5Boperator%5D=IN&filter%5Bcondition%5D%5Bvalue%5D%5B%5D=0001A&filter%5Bcondition%5D%5Bvalue%5D%5B%5D=36415&filter%5Bcondition%5D%5Bvalue%5D%5B%5D=45378&filter%5Bcondition%5D%5Bvalue%5D%5B%5D=66984&filter%5Bcondition%5D%5Bvalue%5D%5B%5D=77067&filter%5Bcondition%5D%5Bvalue%5D%5B%5D=90739&filter%5Bcondition%5D%5Bvalue%5D%5B%5D=94010&filter%5Bcondition%5D%5Bvalue%5D%5B%5D=97110&filter%5Bcondition%5D%5Bvalue%5D%5B%5D=99201&filter%5Bcondition%5D%5Bvalue%5D%5B%5D=99213&filter%5Bcondition%5D%5Bvalue%5D%5B%5D=99441&filter%5Bcondition%5D%5Bvalue%5D%5B%5D=G0121&filter%5Bcondition%5D%5Bvalue%5D%5B%5D=G2211&size=5000,jina_reader,06946d09d5dc6fcb35f15f89575854ddf4961d326166203e0671afc578d76324,https://catalog.data.gov/dataset/medicare-physician-other-practitioners-by-geography-and-service
2014,90739,previous negative case,not_published,,0,,,28181bd2-b377-4003-b73a-4bd92d1db4a9,http://data.cms.gov/data-api/v1/dataset/28181bd2-b377-4003-b73a-4bd92d1db4a9/data?filter%5Bcondition%5D%5Bpath%5D=HCPCS_Cd&filter%5Bcondition%5D%5Boperator%5D=IN&filter%5Bcondition%5D%5Bvalue%5D%5B%5D=0001A&filter%5Bcondition%5D%5Bvalue%5D%5B%5D=36415&filter%5Bcondition%5D%5Bvalue%5D%5B%5D=45378&filter%5Bcondition%5D%5Bvalue%5D%5B%5D=66984&filter%5Bcondition%5D%5Bvalue%5D%5B%5D=77067&filter%5Bcondition%5D%5Bvalue%5D%5B%5D=90739&filter%5Bcondition%5D%5Bvalue%5D%5B%5D=94010&filter%5Bcondition%5D%5Bvalue%5D%5B%5D=97110&filter%5Bcondition%5D%5Bvalue%5D%5B%5D=99201&filter%5Bcondition%5D%5Bvalue%5D%5B%5D=99213&filter%5Bcondition%5D%5Bvalue%5D%5B%5D=99441&filter%5Bcondition%5D%5Bvalue%5D%5B%5D=G0121&filter%5Bcondition%5D%5Bvalue%5D%5B%5D=G2211&size=5000,jina_reader,06946d09d5dc6fcb35f15f89575854ddf4961d326166203e0671afc578d76324,https://catalog.data.gov/dataset/medicare-physician-other-practitioners-by-geography-and-service
2014,94010,2020 respiratory-procedure candidate pool,complete,1263773,2,F|O,Measurement and graphic recording of total and timed exhaled air capacity,28181bd2-b377-4003-b73a-4bd92d1db4a9,http://data.cms.gov/data-api/v1/dataset/28181bd2-b377-4003-b73a-4bd92d1db4a9/data?filter%5Bcondition%5D%5Bpath%5D=HCPCS_Cd&filter%5Bcondition%5D%5Boperator%5D=IN&filter%5Bcondition%5D%5Bvalue%5D%5B%5D=0001A&filter%5Bcondition%5D%5Bvalue%5D%5B%5D=36415&filter%5Bcondition%5D%5Bvalue%5D%5B%5D=45378&filter%5Bcondition%5D%5Bvalue%5D%5B%5D=66984&filter%5Bcondition%5D%5Bvalue%5D%5B%5D=77067&filter%5Bcondition%5D%5Bvalue%5D%5B%5D=90739&filter%5Bcondition%5D%5Bvalue%5D%5B%5D=94010&filter%5Bcondition%5D%5Bvalue%5D%5B%5D=97110&filter%5Bcondition%5D%5Bvalue%5D%5B%5D=99201&filter%5Bcondition%5D%5Bvalue%5D%5B%5D=99213&filter%5Bcondition%5D%5Bvalue%5D%5B%5D=99441&filter%5Bcondition%5D%5Bvalue%5D%5B%5D=G0121&filter%5Bcondition%5D%5Bvalue%5D%5B%5D=G2211&size=5000,jina_reader,06946d09d5dc6fcb35f15f89575854ddf4961d326166203e0671afc578d76324,https://catalog.data.gov/dataset/medicare-physician-other-practitioners-by-geography-and-service
2014,97110,2020 rehabilitation candidate pool,complete,45313117.9,2,F|O,"Therapeutic exercise to develop strength, endurance, range of motion, and flexibility, each 15 minutes",28181bd2-b377-4003-b73a-4bd92d1db4a9,http://data.cms.gov/data-api/v1/dataset/28181bd2-b377-4003-b73a-4bd92d1db4a9/data?filter%5Bcondition%5D%5Bpath%5D=HCPCS_Cd&filter%5Bcondition%5D%5Boperator%5D=IN&filter%5Bcondition%5D%5Bvalue%5D%5B%5D=0001A&filter%5Bcondition%5D%5Bvalue%5D%5B%5D=36415&filter%5Bcondition%5D%5Bvalue%5D%5B%5D=45378&filter%5Bcondition%5D%5Bvalue%5D%5B%5D=66984&filter%5Bcondition%5D%5Bvalue%5D%5B%5D=77067&filter%5Bcondition%5D%5Bvalue%5D%5B%5D=90739&filter%5Bcondition%5D%5Bvalue%5D%5B%5D=94010&filter%5Bcondition%5D%5Bvalue%5D%5B%5D=97110&filter%5Bcondition%5D%5Bvalue%5D%5B%5D=99201&filter%5Bcondition%5D%5Bvalue%5D%5B%5D=99213&filter%5Bcondition%5D%5Bvalue%5D%5B%5D=99441&filter%5Bcondition%5D%5Bvalue%5D%5B%5D=G0121&filter%5Bcondition%5D%5Bvalue%5D%5B%5D=G2211&size=5000,jina_reader,06946d09d5dc6fcb35f15f89575854ddf4961d326166203e0671afc578d76324,https://catalog.data.gov/dataset/medicare-physician-other-practitioners-by-geography-and-service
2014,99201,retired-code lifecycle case,complete,333501,2,F|O,"New patient office or other outpatient visit, typically 10 minutes",28181bd2-b377-4003-b73a-4bd92d1db4a9,http://data.cms.gov/data-api/v1/dataset/28181bd2-b377-4003-b73a-4bd92d1db4a9/data?filter%5Bcondition%5D%5Bpath%5D=HCPCS_Cd&filter%5Bcondition%5D%5Boperator%5D=IN&filter%5Bcondition%5D%5Bvalue%5D%5B%5D=0001A&filter%5Bcondition%5D%5Bvalue%5D%5B%5D=36415&filter%5Bcondition%5D%5Bvalue%5D%5B%5D=45378&filter%5Bcondition%5D%5Bvalue%5D%5B%5D=66984&filter%5Bcondition%5D%5Bvalue%5D%5B%5D=77067&filter%5Bcondition%5D%5Bvalue%5D%5B%5D=90739&filter%5Bcondition%5D%5Bvalue%5D%5B%5D=94010&filter%5Bcondition%5D%5Bvalue%5D%5B%5D=97110&filter%5Bcondition%5D%5Bvalue%5D%5B%5D=99201&filter%5Bcondition%5D%5Bvalue%5D%5B%5D=99213&filter%5Bcondition%5D%5Bvalue%5D%5B%5D=99441&filter%5Bcondition%5D%5Bvalue%5D%5B%5D=G0121&filter%5Bcondition%5D%5Bvalue%5D%5B%5D=G2211&size=5000,jina_reader,06946d09d5dc6fcb35f15f89575854ddf4961d326166203e0671afc578d76324,https://catalog.data.gov/dataset/medicare-physician-other-practitioners-by-geography-and-service
2014,99213,mature high-volume E/M control,complete,100610831.8,2,F|O,"Established patient office or other outpatient visit, typically 15 minutes",28181bd2-b377-4003-b73a-4bd92d1db4a9,http://data.cms.gov/data-api/v1/dataset/28181bd2-b377-4003-b73a-4bd92d1db4a9/data?filter%5Bcondition%5D%5Bpath%5D=HCPCS_Cd&filter%5Bcondition%5D%5Boperator%5D=IN&filter%5Bcondition%5D%5Bvalue%5D%5B%5D=0001A&filter%5Bcondition%5D%5Bvalue%5D%5B%5D=36415&filter%5Bcondition%5D%5Bvalue%5D%5B%5D=45378&filter%5Bcondition%5D%5Bvalue%5D%5B%5D=66984&filter%5Bcondition%5D%5Bvalue%5D%5B%5D=77067&filter%5Bcondition%5D%5Bvalue%5D%5B%5D=90739&filter%5Bcondition%5D%5Bvalue%5D%5B%5D=94010&filter%5Bcondition%5D%5Bvalue%5D%5B%5D=97110&filter%5Bcondition%5D%5Bvalue%5D%5B%5D=99201&filter%5Bcondition%5D%5Bvalue%5D%5B%5D=99213&filter%5Bcondition%5D%5Bvalue%5D%5B%5D=99441&filter%5Bcondition%5D%5Bvalue%5D%5B%5D=G0121&filter%5Bcondition%5D%5Bvalue%5D%5B%5D=G2211&size=5000,jina_reader,06946d09d5dc6fcb35f15f89575854ddf4961d326166203e0671afc578d76324,https://catalog.data.gov/dataset/medicare-physician-other-practitioners-by-geography-and-service
2014,99441,known 2020 policy/PHE shock case,not_published,,0,,,28181bd2-b377-4003-b73a-4bd92d1db4a9,http://data.cms.gov/data-api/v1/dataset/28181bd2-b377-4003-b73a-4bd92d1db4a9/data?filter%5Bcondition%5D%5Bpath%5D=HCPCS_Cd&filter%5Bcondition%5D%5Boperator%5D=IN&filter%5Bcondition%5D%5Bvalue%5D%5B%5D=0001A&filter%5Bcondition%5D%5Bvalue%5D%5B%5D=36415&filter%5Bcondition%5D%5Bvalue%5D%5B%5D=45378&filter%5Bcondition%5D%5Bvalue%5D%5B%5D=66984&filter%5Bcondition%5D%5Bvalue%5D%5B%5D=77067&filter%5Bcondition%5D%5Bvalue%5D%5B%5D=90739&filter%5Bcondition%5D%5Bvalue%5D%5B%5D=94010&filter%5Bcondition%5D%5Bvalue%5D%5B%5D=97110&filter%5Bcondition%5D%5Bvalue%5D%5B%5D=99201&filter%5Bcondition%5D%5Bvalue%5D%5B%5D=99213&filter%5Bcondition%5D%5Bvalue%5D%5B%5D=99441&filter%5Bcondition%5D%5Bvalue%5D%5B%5D=G0121&filter%5Bcondition%5D%5Bvalue%5D%5B%5D=G2211&size=5000,jina_reader,06946d09d5dc6fcb35f15f89575854ddf4961d326166203e0671afc578d76324,https://catalog.data.gov/dataset/medicare-physician-other-practitioners-by-geography-and-service
2014,G0121,2020 screening candidate pool,complete,373665,2,F|O,Colorectal cancer screening; colonoscopy on individual not meeting criteria for high risk,28181bd2-b377-4003-b73a-4bd92d1db4a9,http://data.cms.gov/data-api/v1/dataset/28181bd2-b377-4003-b73a-4bd92d1db4a9/data?filter%5Bcondition%5D%5Bpath%5D=HCPCS_Cd&filter%5Bcondition%5D%5Boperator%5D=IN&filter%5Bcondition%5D%5Bvalue%5D%5B%5D=0001A&filter%5Bcondition%5D%5Bvalue%5D%5B%5D=36415&filter%5Bcondition%5D%5Bvalue%5D%5B%5D=45378&filter%5Bcondition%5D%5Bvalue%5D%5B%5D=66984&filter%5Bcondition%5D%5Bvalue%5D%5B%5D=77067&filter%5Bcondition%5D%5Bvalue%5D%5B%5D=90739&filter%5Bcondition%5D%5Bvalue%5D%5B%5D=94010&filter%5Bcondition%5D%5Bvalue%5D%5B%5D=97110&filter%5Bcondition%5D%5Bvalue%5D%5B%5D=99201&filter%5Bcondition%5D%5Bvalue%5D%5B%5D=99213&filter%5Bcondition%5D%5Bvalue%5D%5B%5D=99441&filter%5Bcondition%5D%5Bvalue%5D%5B%5D=G0121&filter%5Bcondition%5D%5Bvalue%5D%5B%5D=G2211&size=5000,jina_reader,06946d09d5dc6fcb35f15f89575854ddf4961d326166203e0671afc578d76324,https://catalog.data.gov/dataset/medicare-physician-other-practitioners-by-geography-and-service
2014,G2211,known 2024 implementation case,not_published,,0,,,28181bd2-b377-4003-b73a-4bd92d1db4a9,http://data.cms.gov/data-api/v1/dataset/28181bd2-b377-4003-b73a-4bd92d1db4a9/data?filter%5Bcondition%5D%5Bpath%5D=HCPCS_Cd&filter%5Bcondition%5D%5Boperator%5D=IN&filter%5Bcondition%5D%5Bvalue%5D%5B%5D=0001A&filter%5Bcondition%5D%5Bvalue%5D%5B%5D=36415&filter%5Bcondition%5D%5Bvalue%5D%5B%5D=45378&filter%5Bcondition%5D%5Bvalue%5D%5B%5D=66984&filter%5Bcondition%5D%5Bvalue%5D%5B%5D=77067&filter%5Bcondition%5D%5Bvalue%5D%5B%5D=90739&filter%5Bcondition%5D%5Bvalue%5D%5B%5D=94010&filter%5Bcondition%5D%5Bvalue%5D%5B%5D=97110&filter%5Bcondition%5D%5Bvalue%5D%5B%5D=99201&filter%5Bcondition%5D%5Bvalue%5D%5B%5D=99213&filter%5Bcondition%5D%5Bvalue%5D%5B%5D=99441&filter%5Bcondition%5D%5Bvalue%5D%5B%5D=G0121&filter%5Bcondition%5D%5Bvalue%5D%5B%5D=G2211&size=5000,jina_reader,06946d09d5dc6fcb35f15f89575854ddf4961d326166203e0671afc578d76324,https://catalog.data.gov/dataset/medicare-physician-other-practitioners-by-geography-and-service
2015,0001A,new-code / cold-start control,not_published,,0,,,dbee9609-2c90-43ca-b1b8-161bd9cfcdb2,http://data.cms.gov/data-api/v1/dataset/dbee9609-2c90-43ca-b1b8-161bd9cfcdb2/data?filter%5Bcondition%5D%5Bpath%5D=HCPCS_Cd&filter%5Bcondition%5D%5Boperator%5D=IN&filter%5Bcondition%5D%5Bvalue%5D%5B%5D=0001A&filter%5Bcondition%5D%5Bvalue%5D%5B%5D=36415&filter%5Bcondition%5D%5Bvalue%5D%5B%5D=45378&filter%5Bcondition%5D%5Bvalue%5D%5B%5D=66984&filter%5Bcondition%5D%5Bvalue%5D%5B%5D=77067&filter%5Bcondition%5D%5Bvalue%5D%5B%5D=90739&filter%5Bcondition%5D%5Bvalue%5D%5B%5D=94010&filter%5Bcondition%5D%5Bvalue%5D%5B%5D=97110&filter%5Bcondition%5D%5Bvalue%5D%5B%5D=99201&filter%5Bcondition%5D%5Bvalue%5D%5B%5D=99213&filter%5Bcondition%5D%5Bvalue%5D%5B%5D=99441&filter%5Bcondition%5D%5Bvalue%5D%5B%5D=G0121&filter%5Bcondition%5D%5Bvalue%5D%5B%5D=G2211&size=5000,jina_reader,045fe170970f604f27820f16b9dff1af433b4bc6777bbfb44d8496d8e5801fa2,https://catalog.data.gov/dataset/medicare-physician-other-practitioners-by-geography-and-service
2015,36415,high-volume comparison control,complete,52238887.6,2,F|O,Insertion of needle into vein for collection of blood sample,dbee9609-2c90-43ca-b1b8-161bd9cfcdb2,http://data.cms.gov/data-api/v1/dataset/dbee9609-2c90-43ca-b1b8-161bd9cfcdb2/data?filter%5Bcondition%5D%5Bpath%5D=HCPCS_Cd&filter%5Bcondition%5D%5Boperator%5D=IN&filter%5Bcondition%5D%5Bvalue%5D%5B%5D=0001A&filter%5Bcondition%5D%5Bvalue%5D%5B%5D=36415&filter%5Bcondition%5D%5Bvalue%5D%5B%5D=45378&filter%5Bcondition%5D%5Bvalue%5D%5B%5D=66984&filter%5Bcondition%5D%5Bvalue%5D%5B%5D=77067&filter%5Bcondition%5D%5Bvalue%5D%5B%5D=90739&filter%5Bcondition%5D%5Bvalue%5D%5B%5D=94010&filter%5Bcondition%5D%5Bvalue%5D%5B%5D=97110&filter%5Bcondition%5D%5Bvalue%5D%5B%5D=99201&filter%5Bcondition%5D%5Bvalue%5D%5B%5D=99213&filter%5Bcondition%5D%5Bvalue%5D%5B%5D=99441&filter%5Bcondition%5D%5Bvalue%5D%5B%5D=G0121&filter%5Bcondition%5D%5Bvalue%5D%5B%5D=G2211&size=5000,jina_reader,045fe170970f604f27820f16b9dff1af433b4bc6777bbfb44d8496d8e5801fa2,https://catalog.data.gov/dataset/medicare-physician-other-practitioners-by-geography-and-service
2015,45378,mature procedure comparison control,complete,630923,2,F|O,Diagnostic examination of large bowel using an endoscope,dbee9609-2c90-43ca-b1b8-161bd9cfcdb2,http://data.cms.gov/data-api/v1/dataset/dbee9609-2c90-43ca-b1b8-161bd9cfcdb2/data?filter%5Bcondition%5D%5Bpath%5D=HCPCS_Cd&filter%5Bcondition%5D%5Boperator%5D=IN&filter%5Bcondition%5D%5Bvalue%5D%5B%5D=0001A&filter%5Bcondition%5D%5Bvalue%5D%5B%5D=36415&filter%5Bcondition%5D%5Bvalue%5D%5B%5D=45378&filter%5Bcondition%5D%5Bvalue%5D%5B%5D=66984&filter%5Bcondition%5D%5Bvalue%5D%5B%5D=77067&filter%5Bcondition%5D%5Bvalue%5D%5B%5D=90739&filter%5Bcondition%5D%5Bvalue%5D%5B%5D=94010&filter%5Bcondition%5D%5Bvalue%5D%5B%5D=97110&filter%5Bcondition%5D%5Bvalue%5D%5B%5D=99201&filter%5Bcondition%5D%5Bvalue%5D%5B%5D=99213&filter%5Bcondition%5D%5Bvalue%5D%5B%5D=99441&filter%5Bcondition%5D%5Bvalue%5D%5B%5D=G0121&filter%5Bcondition%5D%5Bvalue%5D%5B%5D=G2211&size=5000,jina_reader,045fe170970f604f27820f16b9dff1af433b4bc6777bbfb44d8496d8e5801fa2,https://catalog.data.gov/dataset/medicare-physician-other-practitioners-by-geography-and-service
2015,66984,2020 elective-procedure candidate pool,complete,8407213,2,F|O,Removal of cataract with insertion of lens,dbee9609-2c90-43ca-b1b8-161bd9cfcdb2,http://data.cms.gov/data-api/v1/dataset/dbee9609-2c90-43ca-b1b8-161bd9cfcdb2/data?filter%5Bcondition%5D%5Bpath%5D=HCPCS_Cd&filter%5Bcondition%5D%5Boperator%5D=IN&filter%5Bcondition%5D%5Bvalue%5D%5B%5D=0001A&filter%5Bcondition%5D%5Bvalue%5D%5B%5D=36415&filter%5Bcondition%5D%5Bvalue%5D%5B%5D=45378&filter%5Bcondition%5D%5Bvalue%5D%5B%5D=66984&filter%5Bcondition%5D%5Bvalue%5D%5B%5D=77067&filter%5Bcondition%5D%5Bvalue%5D%5B%5D=90739&filter%5Bcondition%5D%5Bvalue%5D%5B%5D=94010&filter%5Bcondition%5D%5Bvalue%5D%5B%5D=97110&filter%5Bcondition%5D%5Bvalue%5D%5B%5D=99201&filter%5Bcondition%5D%5Bvalue%5D%5B%5D=99213&filter%5Bcondition%5D%5Bvalue%5D%5B%5D=99441&filter%5Bcondition%5D%5Bvalue%5D%5B%5D=G0121&filter%5Bcondition%5D%5Bvalue%5D%5B%5D=G2211&size=5000,jina_reader,045fe170970f604f27820f16b9dff1af433b4bc6777bbfb44d8496d8e5801fa2,https://catalog.data.gov/dataset/medicare-physician-other-practitioners-by-geography-and-service
2015,77067,2020 screening candidate pool,not_published,,0,,,dbee9609-2c90-43ca-b1b8-161bd9cfcdb2,http://data.cms.gov/data-api/v1/dataset/dbee9609-2c90-43ca-b1b8-161bd9cfcdb2/data?filter%5Bcondition%5D%5Bpath%5D=HCPCS_Cd&filter%5Bcondition%5D%5Boperator%5D=IN&filter%5Bcondition%5D%5Bvalue%5D%5B%5D=0001A&filter%5Bcondition%5D%5Bvalue%5D%5B%5D=36415&filter%5Bcondition%5D%5Bvalue%5D%5B%5D=45378&filter%5Bcondition%5D%5Bvalue%5D%5B%5D=66984&filter%5Bcondition%5D%5Bvalue%5D%5B%5D=77067&filter%5Bcondition%5D%5Bvalue%5D%5B%5D=90739&filter%5Bcondition%5D%5Bvalue%5D%5B%5D=94010&filter%5Bcondition%5D%5Bvalue%5D%5B%5D=97110&filter%5Bcondition%5D%5Bvalue%5D%5B%5D=99201&filter%5Bcondition%5D%5Bvalue%5D%5B%5D=99213&filter%5Bcondition%5D%5Bvalue%5D%5B%5D=99441&filter%5Bcondition%5D%5Bvalue%5D%5B%5D=G0121&filter%5Bcondition%5D%5Bvalue%5D%5B%5D=G2211&size=5000,jina_reader,045fe170970f604f27820f16b9dff1af433b4bc6777bbfb44d8496d8e5801fa2,https://catalog.data.gov/dataset/medicare-physician-other-practitioners-by-geography-and-service
2015,90739,previous negative case,not_published,,0,,,dbee9609-2c90-43ca-b1b8-161bd9cfcdb2,http://data.cms.gov/data-api/v1/dataset/dbee9609-2c90-43ca-b1b8-161bd9cfcdb2/data?filter%5Bcondition%5D%5Bpath%5D=HCPCS_Cd&filter%5Bcondition%5D%5Boperator%5D=IN&filter%5Bcondition%5D%5Bvalue%5D%5B%5D=0001A&filter%5Bcondition%5D%5Bvalue%5D%5B%5D=36415&filter%5Bcondition%5D%5Bvalue%5D%5B%5D=45378&filter%5Bcondition%5D%5Bvalue%5D%5B%5D=66984&filter%5Bcondition%5D%5Bvalue%5D%5B%5D=77067&filter%5Bcondition%5D%5Bvalue%5D%5B%5D=90739&filter%5Bcondition%5D%5Bvalue%5D%5B%5D=94010&filter%5Bcondition%5D%5Bvalue%5D%5B%5D=97110&filter%5Bcondition%5D%5Bvalue%5D%5B%5D=99201&filter%5Bcondition%5D%5Bvalue%5D%5B%5D=99213&filter%5Bcondition%5D%5Bvalue%5D%5B%5D=99441&filter%5Bcondition%5D%5Bvalue%5D%5B%5D=G0121&filter%5Bcondition%5D%5Bvalue%5D%5B%5D=G2211&size=5000,jina_reader,045fe170970f604f27820f16b9dff1af433b4bc6777bbfb44d8496d8e5801fa2,https://catalog.data.gov/dataset/medicare-physician-other-practitioners-by-geography-and-service
2015,94010,2020 respiratory-procedure candidate pool,complete,1268486,2,F|O,Measurement and graphic recording of total and timed exhaled air capacity,dbee9609-2c90-43ca-b1b8-161bd9cfcdb2,http://data.cms.gov/data-api/v1/dataset/dbee9609-2c90-43ca-b1b8-161bd9cfcdb2/data?filter%5Bcondition%5D%5Bpath%5D=HCPCS_Cd&filter%5Bcondition%5D%5Boperator%5D=IN&filter%5Bcondition%5D%5Bvalue%5D%5B%5D=0001A&filter%5Bcondition%5D%5Bvalue%5D%5B%5D=36415&filter%5Bcondition%5D%5Bvalue%5D%5B%5D=45378&filter%5Bcondition%5D%5Bvalue%5D%5B%5D=66984&filter%5Bcondition%5D%5Bvalue%5D%5B%5D=77067&filter%5Bcondition%5D%5Bvalue%5D%5B%5D=90739&filter%5Bcondition%5D%5Bvalue%5D%5B%5D=94010&filter%5Bcondition%5D%5Bvalue%5D%5B%5D=97110&filter%5Bcondition%5D%5Bvalue%5D%5B%5D=99201&filter%5Bcondition%5D%5Bvalue%5D%5B%5D=99213&filter%5Bcondition%5D%5Bvalue%5D%5B%5D=99441&filter%5Bcondition%5D%5Bvalue%5D%5B%5D=G0121&filter%5Bcondition%5D%5Bvalue%5D%5B%5D=G2211&size=5000,jina_reader,045fe170970f604f27820f16b9dff1af433b4bc6777bbfb44d8496d8e5801fa2,https://catalog.data.gov/dataset/medicare-physician-other-practitioners-by-geography-and-service
2015,97110,2020 rehabilitation candidate pool,complete,49002867.7,2,F|O,"Therapeutic exercise to develop strength, endurance, range of motion, and flexibility, each 15 minutes",dbee9609-2c90-43ca-b1b8-161bd9cfcdb2,http://data.cms.gov/data-api/v1/dataset/dbee9609-2c90-43ca-b1b8-161bd9cfcdb2/data?filter%5Bcondition%5D%5Bpath%5D=HCPCS_Cd&filter%5Bcondition%5D%5Boperator%5D=IN&filter%5Bcondition%5D%5Bvalue%5D%5B%5D=0001A&filter%5Bcondition%5D%5Bvalue%5D%5B%5D=36415&filter%5Bcondition%5D%5Bvalue%5D%5B%5D=45378&filter%5Bcondition%5D%5Bvalue%5D%5B%5D=66984&filter%5Bcondition%5D%5Bvalue%5D%5B%5D=77067&filter%5Bcondition%5D%5Bvalue%5D%5B%5D=90739&filter%5Bcondition%5D%5Bvalue%5D%5B%5D=94010&filter%5Bcondition%5D%5Bvalue%5D%5B%5D=97110&filter%5Bcondition%5D%5Bvalue%5D%5B%5D=99201&filter%5Bcondition%5D%5Bvalue%5D%5B%5D=99213&filter%5Bcondition%5D%5Bvalue%5D%5B%5D=99441&filter%5Bcondition%5D%5Bvalue%5D%5B%5D=G0121&filter%5Bcondition%5D%5Bvalue%5D%5B%5D=G2211&size=5000,jina_reader,045fe170970f604f27820f16b9dff1af433b4bc6777bbfb44d8496d8e5801fa2,https://catalog.data.gov/dataset/medicare-physician-other-practitioners-by-geography-and-service
2015,99201,retired-code lifecycle case,complete,302760,2,F|O,"New patient office or other outpatient visit, typically 10 minutes",dbee9609-2c90-43ca-b1b8-161bd9cfcdb2,http://data.cms.gov/data-api/v1/dataset/dbee9609-2c90-43ca-b1b8-161bd9cfcdb2/data?filter%5Bcondition%5D%5Bpath%5D=HCPCS_Cd&filter%5Bcondition%5D%5Boperator%5D=IN&filter%5Bcondition%5D%5Bvalue%5D%5B%5D=0001A&filter%5Bcondition%5D%5Bvalue%5D%5B%5D=36415&filter%5Bcondition%5D%5Bvalue%5D%5B%5D=45378&filter%5Bcondition%5D%5Bvalue%5D%5B%5D=66984&filter%5Bcondition%5D%5Bvalue%5D%5B%5D=77067&filter%5Bcondition%5D%5Bvalue%5D%5B%5D=90739&filter%5Bcondition%5D%5Bvalue%5D%5B%5D=94010&filter%5Bcondition%5D%5Bvalue%5D%5B%5D=97110&filter%5Bcondition%5D%5Bvalue%5D%5B%5D=99201&filter%5Bcondition%5D%5Bvalue%5D%5B%5D=99213&filter%5Bcondition%5D%5Bvalue%5D%5B%5D=99441&filter%5Bcondition%5D%5Bvalue%5D%5B%5D=G0121&filter%5Bcondition%5D%5Bvalue%5D%5B%5D=G2211&size=5000,jina_reader,045fe170970f604f27820f16b9dff1af433b4bc6777bbfb44d8496d8e5801fa2,https://catalog.data.gov/dataset/medicare-physician-other-practitioners-by-geography-and-service
2015,99213,mature high-volume E/M control,complete,99688218.1,2,F|O,"Established patient office or other outpatient visit, typically 15 minutes",dbee9609-2c90-43ca-b1b8-161bd9cfcdb2,http://data.cms.gov/data-api/v1/dataset/dbee9609-2c90-43ca-b1b8-161bd9cfcdb2/data?filter%5Bcondition%5D%5Bpath%5D=HCPCS_Cd&filter%5Bcondition%5D%5Boperator%5D=IN&filter%5Bcondition%5D%5Bvalue%5D%5B%5D=0001A&filter%5Bcondition%5D%5Bvalue%5D%5B%5D=36415&filter%5Bcondition%5D%5Bvalue%5D%5B%5D=45378&filter%5Bcondition%5D%5Bvalue%5D%5B%5D=66984&filter%5Bcondition%5D%5Bvalue%5D%5B%5D=77067&filter%5Bcondition%5D%5Bvalue%5D%5B%5D=90739&filter%5Bcondition%5D%5Bvalue%5D%5B%5D=94010&filter%5Bcondition%5D%5Bvalue%5D%5B%5D=97110&filter%5Bcondition%5D%5Bvalue%5D%5B%5D=99201&filter%5Bcondition%5D%5Bvalue%5D%5B%5D=99213&filter%5Bcondition%5D%5Bvalue%5D%5B%5D=99441&filter%5Bcondition%5D%5Bvalue%5D%5B%5D=G0121&filter%5Bcondition%5D%5Bvalue%5D%5B%5D=G2211&size=5000,jina_reader,045fe170970f604f27820f16b9dff1af433b4bc6777bbfb44d8496d8e5801fa2,https://catalog.data.gov/dataset/medicare-physician-other-practitioners-by-geography-and-service
2015,99441,known 2020 policy/PHE shock case,not_published,,0,,,dbee9609-2c90-43ca-b1b8-161bd9cfcdb2,http://data.cms.gov/data-api/v1/dataset/dbee9609-2c90-43ca-b1b8-161bd9cfcdb2/data?filter%5Bcondition%5D%5Bpath%5D=HCPCS_Cd&filter%5Bcondition%5D%5Boperator%5D=IN&filter%5Bcondition%5D%5Bvalue%5D%5B%5D=0001A&filter%5Bcondition%5D%5Bvalue%5D%5B%5D=36415&filter%5Bcondition%5D%5Bvalue%5D%5B%5D=45378&filter%5Bcondition%5D%5Bvalue%5D%5B%5D=66984&filter%5Bcondition%5D%5Bvalue%5D%5B%5D=77067&filter%5Bcondition%5D%5Bvalue%5D%5B%5D=90739&filter%5Bcondition%5D%5Bvalue%5D%5B%5D=94010&filter%5Bcondition%5D%5Bvalue%5D%5B%5D=97110&filter%5Bcondition%5D%5Bvalue%5D%5B%5D=99201&filter%5Bcondition%5D%5Bvalue%5D%5B%5D=99213&filter%5Bcondition%5D%5Bvalue%5D%5B%5D=99441&filter%5Bcondition%5D%5Bvalue%5D%5B%5D=G0121&filter%5Bcondition%5D%5Bvalue%5D%5B%5D=G2211&size=5000,jina_reader,045fe170970f604f27820f16b9dff1af433b4bc6777bbfb44d8496d8e5801fa2,https://catalog.data.gov/dataset/medicare-physician-other-practitioners-by-geography-and-service
2015,G0121,2020 screening candidate pool,complete,377871,2,F|O,Colorectal cancer screening; colonoscopy on individual not meeting criteria for high risk,dbee9609-2c90-43ca-b1b8-161bd9cfcdb2,http://data.cms.gov/data-api/v1/dataset/dbee9609-2c90-43ca-b1b8-161bd9cfcdb2/data?filter%5Bcondition%5D%5Bpath%5D=HCPCS_Cd&filter%5Bcondition%5D%5Boperator%5D=IN&filter%5Bcondition%5D%5Bvalue%5D%5B%5D=0001A&filter%5Bcondition%5D%5Bvalue%5D%5B%5D=36415&filter%5Bcondition%5D%5Bvalue%5D%5B%5D=45378&filter%5Bcondition%5D%5Bvalue%5D%5B%5D=66984&filter%5Bcondition%5D%5Bvalue%5D%5B%5D=77067&filter%5Bcondition%5D%5Bvalue%5D%5B%5D=90739&filter%5Bcondition%5D%5Bvalue%5D%5B%5D=94010&filter%5Bcondition%5D%5Bvalue%5D%5B%5D=97110&filter%5Bcondition%5D%5Bvalue%5D%5B%5D=99201&filter%5Bcondition%5D%5Bvalue%5D%5B%5D=99213&filter%5Bcondition%5D%5Bvalue%5D%5B%5D=99441&filter%5Bcondition%5D%5Bvalue%5D%5B%5D=G0121&filter%5Bcondition%5D%5Bvalue%5D%5B%5D=G2211&size=5000,jina_reader,045fe170970f604f27820f16b9dff1af433b4bc6777bbfb44d8496d8e5801fa2,https://catalog.data.gov/dataset/medicare-physician-other-practitioners-by-geography-and-service
2015,G2211,known 2024 implementation case,not_published,,0,,,dbee9609-2c90-43ca-b1b8-161bd9cfcdb2,http://data.cms.gov/data-api/v1/dataset/dbee9609-2c90-43ca-b1b8-161bd9cfcdb2/data?filter%5Bcondition%5D%5Bpath%5D=HCPCS_Cd&filter%5Bcondition%5D%5Boperator%5D=IN&filter%5Bcondition%5D%5Bvalue%5D%5B%5D=0001A&filter%5Bcondition%5D%5Bvalue%5D%5B%5D=36415&filter%5Bcondition%5D%5Bvalue%5D%5B%5D=45378&filter%5Bcondition%5D%5Bvalue%5D%5B%5D=66984&filter%5Bcondition%5D%5Bvalue%5D%5B%5D=77067&filter%5Bcondition%5D%5Bvalue%5D%5B%5D=90739&filter%5Bcondition%5D%5Bvalue%5D%5B%5D=94010&filter%5Bcondition%5D%5Bvalue%5D%5B%5D=97110&filter%5Bcondition%5D%5Bvalue%5D%5B%5D=99201&filter%5Bcondition%5D%5Bvalue%5D%5B%5D=99213&filter%5Bcondition%5D%5Bvalue%5D%5B%5D=99441&filter%5Bcondition%5D%5Bvalue%5D%5B%5D=G0121&filter%5Bcondition%5D%5Bvalue%5D%5B%5D=G2211&size=5000,jina_reader,045fe170970f604f27820f16b9dff1af433b4bc6777bbfb44d8496d8e5801fa2,https://catalog.data.gov/dataset/medicare-physician-other-practitioners-by-geography-and-service
2016,0001A,new-code / cold-start control,not_published,,0,,,c7d3f18c-2f00-4553-8cd1-871b727d5cdd,http://data.cms.gov/data-api/v1/dataset/c7d3f18c-2f00-4553-8cd1-871b727d5cdd/data?filter%5Bcondition%5D%5Bpath%5D=HCPCS_Cd&filter%5Bcondition%5D%5Boperator%5D=IN&filter%5Bcondition%5D%5Bvalue%5D%5B%5D=0001A&filter%5Bcondition%5D%5Bvalue%5D%5B%5D=36415&filter%5Bcondition%5D%5Bvalue%5D%5B%5D=45378&filter%5Bcondition%5D%5Bvalue%5D%5B%5D=66984&filter%5Bcondition%5D%5Bvalue%5D%5B%5D=77067&filter%5Bcondition%5D%5Bvalue%5D%5B%5D=90739&filter%5Bcondition%5D%5Bvalue%5D%5B%5D=94010&filter%5Bcondition%5D%5Bvalue%5D%5B%5D=97110&filter%5Bcondition%5D%5Bvalue%5D%5B%5D=99201&filter%5Bcondition%5D%5Bvalue%5D%5B%5D=99213&filter%5Bcondition%5D%5Bvalue%5D%5B%5D=99441&filter%5Bcondition%5D%5Bvalue%5D%5B%5D=G0121&filter%5Bcondition%5D%5Bvalue%5D%5B%5D=G2211&size=5000,jina_reader,5279c710b0c87ef26b7d42c9f7a17ad324c2b410be56eec4de60bf5125cd4317,https://catalog.data.gov/dataset/medicare-physician-other-practitioners-by-geography-and-service
2016,36415,high-volume comparison control,complete,51485176.8,2,F|O,Insertion of needle into vein for collection of blood sample,c7d3f18c-2f00-4553-8cd1-871b727d5cdd,http://data.cms.gov/data-api/v1/dataset/c7d3f18c-2f00-4553-8cd1-871b727d5cdd/data?filter%5Bcondition%5D%5Bpath%5D=HCPCS_Cd&filter%5Bcondition%5D%5Boperator%5D=IN&filter%5Bcondition%5D%5Bvalue%5D%5B%5D=0001A&filter%5Bcondition%5D%5Bvalue%5D%5B%5D=36415&filter%5Bcondition%5D%5Bvalue%5D%5B%5D=45378&filter%5Bcondition%5D%5Bvalue%5D%5B%5D=66984&filter%5Bcondition%5D%5Bvalue%5D%5B%5D=77067&filter%5Bcondition%5D%5Bvalue%5D%5B%5D=90739&filter%5Bcondition%5D%5Bvalue%5D%5B%5D=94010&filter%5Bcondition%5D%5Bvalue%5D%5B%5D=97110&filter%5Bcondition%5D%5Bvalue%5D%5B%5D=99201&filter%5Bcondition%5D%5Bvalue%5D%5B%5D=99213&filter%5Bcondition%5D%5Bvalue%5D%5B%5D=99441&filter%5Bcondition%5D%5Bvalue%5D%5B%5D=G0121&filter%5Bcondition%5D%5Bvalue%5D%5B%5D=G2211&size=5000,jina_reader,5279c710b0c87ef26b7d42c9f7a17ad324c2b410be56eec4de60bf5125cd4317,https://catalog.data.gov/dataset/medicare-physician-other-practitioners-by-geography-and-service
2016,45378,mature procedure comparison control,complete,594898.1,2,F|O,Diagnostic examination of large bowel using an endoscope,c7d3f18c-2f00-4553-8cd1-871b727d5cdd,http://data.cms.gov/data-api/v1/dataset/c7d3f18c-2f00-4553-8cd1-871b727d5cdd/data?filter%5Bcondition%5D%5Bpath%5D=HCPCS_Cd&filter%5Bcondition%5D%5Boperator%5D=IN&filter%5Bcondition%5D%5Bvalue%5D%5B%5D=0001A&filter%5Bcondition%5D%5Bvalue%5D%5B%5D=36415&filter%5Bcondition%5D%5Bvalue%5D%5B%5D=45378&filter%5Bcondition%5D%5Bvalue%5D%5B%5D=66984&filter%5Bcondition%5D%5Bvalue%5D%5B%5D=77067&filter%5Bcondition%5D%5Bvalue%5D%5B%5D=90739&filter%5Bcondition%5D%5Bvalue%5D%5B%5D=94010&filter%5Bcondition%5D%5Bvalue%5D%5B%5D=97110&filter%5Bcondition%5D%5Bvalue%5D%5B%5D=99201&filter%5Bcondition%5D%5Bvalue%5D%5B%5D=99213&filter%5Bcondition%5D%5Bvalue%5D%5B%5D=99441&filter%5Bcondition%5D%5Bvalue%5D%5B%5D=G0121&filter%5Bcondition%5D%5Bvalue%5D%5B%5D=G2211&size=5000,jina_reader,5279c710b0c87ef26b7d42c9f7a17ad324c2b410be56eec4de60bf5125cd4317,https://catalog.data.gov/dataset/medicare-physician-other-practitioners-by-geography-and-service
2016,66984,2020 elective-procedure candidate pool,complete,8905534,2,F|O,Removal of cataract with insertion of lens,c7d3f18c-2f00-4553-8cd1-871b727d5cdd,http://data.cms.gov/data-api/v1/dataset/c7d3f18c-2f00-4553-8cd1-871b727d5cdd/data?filter%5Bcondition%5D%5Bpath%5D=HCPCS_Cd&filter%5Bcondition%5D%5Boperator%5D=IN&filter%5Bcondition%5D%5Bvalue%5D%5B%5D=0001A&filter%5Bcondition%5D%5Bvalue%5D%5B%5D=36415&filter%5Bcondition%5D%5Bvalue%5D%5B%5D=45378&filter%5Bcondition%5D%5Bvalue%5D%5B%5D=66984&filter%5Bcondition%5D%5Bvalue%5D%5B%5D=77067&filter%5Bcondition%5D%5Bvalue%5D%5B%5D=90739&filter%5Bcondition%5D%5Bvalue%5D%5B%5D=94010&filter%5Bcondition%5D%5Bvalue%5D%5B%5D=97110&filter%5Bcondition%5D%5Bvalue%5D%5B%5D=99201&filter%5Bcondition%5D%5Bvalue%5D%5B%5D=99213&filter%5Bcondition%5D%5Bvalue%5D%5B%5D=99441&filter%5Bcondition%5D%5Bvalue%5D%5B%5D=G0121&filter%5Bcondition%5D%5Bvalue%5D%5B%5D=G2211&size=5000,jina_reader,5279c710b0c87ef26b7d42c9f7a17ad324c2b410be56eec4de60bf5125cd4317,https://catalog.data.gov/dataset/medicare-physician-other-practitioners-by-geography-and-service
2016,77067,2020 screening candidate pool,not_published,,0,,,c7d3f18c-2f00-4553-8cd1-871b727d5cdd,http://data.cms.gov/data-api/v1/dataset/c7d3f18c-2f00-4553-8cd1-871b727d5cdd/data?filter%5Bcondition%5D%5Bpath%5D=HCPCS_Cd&filter%5Bcondition%5D%5Boperator%5D=IN&filter%5Bcondition%5D%5Bvalue%5D%5B%5D=0001A&filter%5Bcondition%5D%5Bvalue%5D%5B%5D=36415&filter%5Bcondition%5D%5Bvalue%5D%5B%5D=45378&filter%5Bcondition%5D%5Bvalue%5D%5B%5D=66984&filter%5Bcondition%5D%5Bvalue%5D%5B%5D=77067&filter%5Bcondition%5D%5Bvalue%5D%5B%5D=90739&filter%5Bcondition%5D%5Bvalue%5D%5B%5D=94010&filter%5Bcondition%5D%5Bvalue%5D%5B%5D=97110&filter%5Bcondition%5D%5Bvalue%5D%5B%5D=99201&filter%5Bcondition%5D%5Bvalue%5D%5B%5D=99213&filter%5Bcondition%5D%5Bvalue%5D%5B%5D=99441&filter%5Bcondition%5D%5Bvalue%5D%5B%5D=G0121&filter%5Bcondition%5D%5Bvalue%5D%5B%5D=G2211&size=5000,jina_reader,5279c710b0c87ef26b7d42c9f7a17ad324c2b410be56eec4de60bf5125cd4317,https://catalog.data.gov/dataset/medicare-physician-other-practitioners-by-geography-and-service
2016,90739,previous negative case,not_published,,0,,,c7d3f18c-2f00-4553-8cd1-871b727d5cdd,http://data.cms.gov/data-api/v1/dataset/c7d3f18c-2f00-4553-8cd1-871b727d5cdd/data?filter%5Bcondition%5D%5Bpath%5D=HCPCS_Cd&filter%5Bcondition%5D%5Boperator%5D=IN&filter%5Bcondition%5D%5Bvalue%5D%5B%5D=0001A&filter%5Bcondition%5D%5Bvalue%5D%5B%5D=36415&filter%5Bcondition%5D%5Bvalue%5D%5B%5D=45378&filter%5Bcondition%5D%5Bvalue%5D%5B%5D=66984&filter%5Bcondition%5D%5Bvalue%5D%5B%5D=77067&filter%5Bcondition%5D%5Bvalue%5D%5B%5D=90739&filter%5Bcondition%5D%5Bvalue%5D%5B%5D=94010&filter%5Bcondition%5D%5Bvalue%5D%5B%5D=97110&filter%5Bcondition%5D%5Bvalue%5D%5B%5D=99201&filter%5Bcondition%5D%5Bvalue%5D%5B%5D=99213&filter%5Bcondition%5D%5Bvalue%5D%5B%5D=99441&filter%5Bcondition%5D%5Bvalue%5D%5B%5D=G0121&filter%5Bcondition%5D%5Bvalue%5D%5B%5D=G2211&size=5000,jina_reader,5279c710b0c87ef26b7d42c9f7a17ad324c2b410be56eec4de60bf5125cd4317,https://catalog.data.gov/dataset/medicare-physician-other-practitioners-by-geography-and-service
2016,94010,2020 respiratory-procedure candidate pool,complete,1279016.2,2,F|O,Measurement and graphic recording of total and timed exhaled air capacity,c7d3f18c-2f00-4553-8cd1-871b727d5cdd,http://data.cms.gov/data-api/v1/dataset/c7d3f18c-2f00-4553-8cd1-871b727d5cdd/data?filter%5Bcondition%5D%5Bpath%5D=HCPCS_Cd&filter%5Bcondition%5D%5Boperator%5D=IN&filter%5Bcondition%5D%5Bvalue%5D%5B%5D=0001A&filter%5Bcondition%5D%5Bvalue%5D%5B%5D=36415&filter%5Bcondition%5D%5Bvalue%5D%5B%5D=45378&filter%5Bcondition%5D%5Bvalue%5D%5B%5D=66984&filter%5Bcondition%5D%5Bvalue%5D%5B%5D=77067&filter%5Bcondition%5D%5Bvalue%5D%5B%5D=90739&filter%5Bcondition%5D%5Bvalue%5D%5B%5D=94010&filter%5Bcondition%5D%5Bvalue%5D%5B%5D=97110&filter%5Bcondition%5D%5Bvalue%5D%5B%5D=99201&filter%5Bcondition%5D%5Bvalue%5D%5B%5D=99213&filter%5Bcondition%5D%5Bvalue%5D%5B%5D=99441&filter%5Bcondition%5D%5Bvalue%5D%5B%5D=G0121&filter%5Bcondition%5D%5Bvalue%5D%5B%5D=G2211&size=5000,jina_reader,5279c710b0c87ef26b7d42c9f7a17ad324c2b410be56eec4de60bf5125cd4317,https://catalog.data.gov/dataset/medicare-physician-other-practitioners-by-geography-and-service
2016,97110,2020 rehabilitation candidate pool,complete,53067010.4,2,F|O,"Therapeutic exercise to develop strength, endurance, range of motion, and flexibility, each 15 minutes",c7d3f18c-2f00-4553-8cd1-871b727d5cdd,http://data.cms.gov/data-api/v1/dataset/c7d3f18c-2f00-4553-8cd1-871b727d5cdd/data?filter%5Bcondition%5D%5Bpath%5D=HCPCS_Cd&filter%5Bcondition%5D%5Boperator%5D=IN&filter%5Bcondition%5D%5Bvalue%5D%5B%5D=0001A&filter%5Bcondition%5D%5Bvalue%5D%5B%5D=36415&filter%5Bcondition%5D%5Bvalue%5D%5B%5D=45378&filter%5Bcondition%5D%5Bvalue%5D%5B%5D=66984&filter%5Bcondition%5D%5Bvalue%5D%5B%5D=77067&filter%5Bcondition%5D%5Bvalue%5D%5B%5D=90739&filter%5Bcondition%5D%5Bvalue%5D%5B%5D=94010&filter%5Bcondition%5D%5Bvalue%5D%5B%5D=97110&filter%5Bcondition%5D%5Bvalue%5D%5B%5D=99201&filter%5Bcondition%5D%5Bvalue%5D%5B%5D=99213&filter%5Bcondition%5D%5Bvalue%5D%5B%5D=99441&filter%5Bcondition%5D%5Bvalue%5D%5B%5D=G0121&filter%5Bcondition%5D%5Bvalue%5D%5B%5D=G2211&size=5000,jina_reader,5279c710b0c87ef26b7d42c9f7a17ad324c2b410be56eec4de60bf5125cd4317,https://catalog.data.gov/dataset/medicare-physician-other-practitioners-by-geography-and-service
2016,99201,retired-code lifecycle case,complete,278167,2,F|O,"New patient office or other outpatient visit, typically 10 minutes",c7d3f18c-2f00-4553-8cd1-871b727d5cdd,http://data.cms.gov/data-api/v1/dataset/c7d3f18c-2f00-4553-8cd1-871b727d5cdd/data?filter%5Bcondition%5D%5Bpath%5D=HCPCS_Cd&filter%5Bcondition%5D%5Boperator%5D=IN&filter%5Bcondition%5D%5Bvalue%5D%5B%5D=0001A&filter%5Bcondition%5D%5Bvalue%5D%5B%5D=36415&filter%5Bcondition%5D%5Bvalue%5D%5B%5D=45378&filter%5Bcondition%5D%5Bvalue%5D%5B%5D=66984&filter%5Bcondition%5D%5Bvalue%5D%5B%5D=77067&filter%5Bcondition%5D%5Bvalue%5D%5B%5D=90739&filter%5Bcondition%5D%5Bvalue%5D%5B%5D=94010&filter%5Bcondition%5D%5Bvalue%5D%5B%5D=97110&filter%5Bcondition%5D%5Bvalue%5D%5B%5D=99201&filter%5Bcondition%5D%5Bvalue%5D%5B%5D=99213&filter%5Bcondition%5D%5Bvalue%5D%5B%5D=99441&filter%5Bcondition%5D%5Bvalue%5D%5B%5D=G0121&filter%5Bcondition%5D%5Bvalue%5D%5B%5D=G2211&size=5000,jina_reader,5279c710b0c87ef26b7d42c9f7a17ad324c2b410be56eec4de60bf5125cd4317,https://catalog.data.gov/dataset/medicare-physician-other-practitioners-by-geography-and-service
2016,99213,mature high-volume E/M control,complete,99725114,2,F|O,"Established patient office or other outpatient visit, typically 15 minutes",c7d3f18c-2f00-4553-8cd1-871b727d5cdd,http://data.cms.gov/data-api/v1/dataset/c7d3f18c-2f00-4553-8cd1-871b727d5cdd/data?filter%5Bcondition%5D%5Bpath%5D=HCPCS_Cd&filter%5Bcondition%5D%5Boperator%5D=IN&filter%5Bcondition%5D%5Bvalue%5D%5B%5D=0001A&filter%5Bcondition%5D%5Bvalue%5D%5B%5D=36415&filter%5Bcondition%5D%5Bvalue%5D%5B%5D=45378&filter%5Bcondition%5D%5Bvalue%5D%5B%5D=66984&filter%5Bcondition%5D%5Bvalue%5D%5B%5D=77067&filter%5Bcondition%5D%5Bvalue%5D%5B%5D=90739&filter%5Bcondition%5D%5Bvalue%5D%5B%5D=94010&filter%5Bcondition%5D%5Bvalue%5D%5B%5D=97110&filter%5Bcondition%5D%5Bvalue%5D%5B%5D=99201&filter%5Bcondition%5D%5Bvalue%5D%5B%5D=99213&filter%5Bcondition%5D%5Bvalue%5D%5B%5D=99441&filter%5Bcondition%5D%5Bvalue%5D%5B%5D=G0121&filter%5Bcondition%5D%5Bvalue%5D%5B%5D=G2211&size=5000,jina_reader,5279c710b0c87ef26b7d42c9f7a17ad324c2b410be56eec4de60bf5125cd4317,https://catalog.data.gov/dataset/medicare-physician-other-practitioners-by-geography-and-service
2016,99441,known 2020 policy/PHE shock case,not_published,,0,,,c7d3f18c-2f00-4553-8cd1-871b727d5cdd,http://data.cms.gov/data-api/v1/dataset/c7d3f18c-2f00-4553-8cd1-871b727d5cdd/data?filter%5Bcondition%5D%5Bpath%5D=HCPCS_Cd&filter%5Bcondition%5D%5Boperator%5D=IN&filter%5Bcondition%5D%5Bvalue%5D%5B%5D=0001A&filter%5Bcondition%5D%5Bvalue%5D%5B%5D=36415&filter%5Bcondition%5D%5Bvalue%5D%5B%5D=45378&filter%5Bcondition%5D%5Bvalue%5D%5B%5D=66984&filter%5Bcondition%5D%5Bvalue%5D%5B%5D=77067&filter%5Bcondition%5D%5Bvalue%5D%5B%5D=90739&filter%5Bcondition%5D%5Bvalue%5D%5B%5D=94010&filter%5Bcondition%5D%5Bvalue%5D%5B%5D=97110&filter%5Bcondition%5D%5Bvalue%5D%5B%5D=99201&filter%5Bcondition%5D%5Bvalue%5D%5B%5D=99213&filter%5Bcondition%5D%5Bvalue%5D%5B%5D=99441&filter%5Bcondition%5D%5Bvalue%5D%5B%5D=G0121&filter%5Bcondition%5D%5Bvalue%5D%5B%5D=G2211&size=5000,jina_reader,5279c710b0c87ef26b7d42c9f7a17ad324c2b410be56eec4de60bf5125cd4317,https://catalog.data.gov/dataset/medicare-physician-other-practitioners-by-geography-and-service
2016,G0121,2020 screening candidate pool,complete,385301,2,F|O,Colorectal cancer screening; colonoscopy on individual not meeting criteria for high risk,c7d3f18c-2f00-4553-8cd1-871b727d5cdd,http://data.cms.gov/data-api/v1/dataset/c7d3f18c-2f00-4553-8cd1-871b727d5cdd/data?filter%5Bcondition%5D%5Bpath%5D=HCPCS_Cd&filter%5Bcondition%5D%5Boperator%5D=IN&filter%5Bcondition%5D%5Bvalue%5D%5B%5D=0001A&filter%5Bcondition%5D%5Bvalue%5D%5B%5D=36415&filter%5Bcondition%5D%5Bvalue%5D%5B%5D=45378&filter%5Bcondition%5D%5Bvalue%5D%5B%5D=66984&filter%5Bcondition%5D%5Bvalue%5D%5B%5D=77067&filter%5Bcondition%5D%5Bvalue%5D%5B%5D=90739&filter%5Bcondition%5D%5Bvalue%5D%5B%5D=94010&filter%5Bcondition%5D%5Bvalue%5D%5B%5D=97110&filter%5Bcondition%5D%5Bvalue%5D%5B%5D=99201&filter%5Bcondition%5D%5Bvalue%5D%5B%5D=99213&filter%5Bcondition%5D%5Bvalue%5D%5B%5D=99441&filter%5Bcondition%5D%5Bvalue%5D%5B%5D=G0121&filter%5Bcondition%5D%5Bvalue%5D%5B%5D=G2211&size=5000,jina_reader,5279c710b0c87ef26b7d42c9f7a17ad324c2b410be56eec4de60bf5125cd4317,https://catalog.data.gov/dataset/medicare-physician-other-practitioners-by-geography-and-service
2016,G2211,known 2024 implementation case,not_published,,0,,,c7d3f18c-2f00-4553-8cd1-871b727d5cdd,http://data.cms.gov/data-api/v1/dataset/c7d3f18c-2f00-4553-8cd1-871b727d5cdd/data?filter%5Bcondition%5D%5Bpath%5D=HCPCS_Cd&filter%5Bcondition%5D%5Boperator%5D=IN&filter%5Bcondition%5D%5Bvalue%5D%5B%5D=0001A&filter%5Bcondition%5D%5Bvalue%5D%5B%5D=36415&filter%5Bcondition%5D%5Bvalue%5D%5B%5D=45378&filter%5Bcondition%5D%5Bvalue%5D%5B%5D=66984&filter%5Bcondition%5D%5Bvalue%5D%5B%5D=77067&filter%5Bcondition%5D%5Bvalue%5D%5B%5D=90739&filter%5Bcondition%5D%5Bvalue%5D%5B%5D=94010&filter%5Bcondition%5D%5Bvalue%5D%5B%5D=97110&filter%5Bcondition%5D%5Bvalue%5D%5B%5D=99201&filter%5Bcondition%5D%5Bvalue%5D%5B%5D=99213&filter%5Bcondition%5D%5Bvalue%5D%5B%5D=99441&filter%5Bcondition%5D%5Bvalue%5D%5B%5D=G0121&filter%5Bcondition%5D%5Bvalue%5D%5B%5D=G2211&size=5000,jina_reader,5279c710b0c87ef26b7d42c9f7a17ad324c2b410be56eec4de60bf5125cd4317,https://catalog.data.gov/dataset/medicare-physician-other-practitioners-by-geography-and-service
2017,0001A,new-code / cold-start control,not_published,,0,,,8e96a9f2-ce6e-46fd-b30d-8c695c756bfd,http://data.cms.gov/data-api/v1/dataset/8e96a9f2-ce6e-46fd-b30d-8c695c756bfd/data?filter%5Bcondition%5D%5Bpath%5D=HCPCS_Cd&filter%5Bcondition%5D%5Boperator%5D=IN&filter%5Bcondition%5D%5Bvalue%5D%5B%5D=0001A&filter%5Bcondition%5D%5Bvalue%5D%5B%5D=36415&filter%5Bcondition%5D%5Bvalue%5D%5B%5D=45378&filter%5Bcondition%5D%5Bvalue%5D%5B%5D=66984&filter%5Bcondition%5D%5Bvalue%5D%5B%5D=77067&filter%5Bcondition%5D%5Bvalue%5D%5B%5D=90739&filter%5Bcondition%5D%5Bvalue%5D%5B%5D=94010&filter%5Bcondition%5D%5Bvalue%5D%5B%5D=97110&filter%5Bcondition%5D%5Bvalue%5D%5B%5D=99201&filter%5Bcondition%5D%5Bvalue%5D%5B%5D=99213&filter%5Bcondition%5D%5Bvalue%5D%5B%5D=99441&filter%5Bcondition%5D%5Bvalue%5D%5B%5D=G0121&filter%5Bcondition%5D%5Bvalue%5D%5B%5D=G2211&size=5000,jina_reader,77f86b2ff0864af083ee039691122f8ff885542462d4323d776e870ae39650ae,https://catalog.data.gov/dataset/medicare-physician-other-practitioners-by-geography-and-service
2017,36415,high-volume comparison control,complete,50090086.7,2,F|O,Insertion of needle into vein for collection of blood sample,8e96a9f2-ce6e-46fd-b30d-8c695c756bfd,http://data.cms.gov/data-api/v1/dataset/8e96a9f2-ce6e-46fd-b30d-8c695c756bfd/data?filter%5Bcondition%5D%5Bpath%5D=HCPCS_Cd&filter%5Bcondition%5D%5Boperator%5D=IN&filter%5Bcondition%5D%5Bvalue%5D%5B%5D=0001A&filter%5Bcondition%5D%5Bvalue%5D%5B%5D=36415&filter%5Bcondition%5D%5Bvalue%5D%5B%5D=45378&filter%5Bcondition%5D%5Bvalue%5D%5B%5D=66984&filter%5Bcondition%5D%5Bvalue%5D%5B%5D=77067&filter%5Bcondition%5D%5Bvalue%5D%5B%5D=90739&filter%5Bcondition%5D%5Bvalue%5D%5B%5D=94010&filter%5Bcondition%5D%5Bvalue%5D%5B%5D=97110&filter%5Bcondition%5D%5Bvalue%5D%5B%5D=99201&filter%5Bcondition%5D%5Bvalue%5D%5B%5D=99213&filter%5Bcondition%5D%5Bvalue%5D%5B%5D=99441&filter%5Bcondition%5D%5Bvalue%5D%5B%5D=G0121&filter%5Bcondition%5D%5Bvalue%5D%5B%5D=G2211&size=5000,jina_reader,77f86b2ff0864af083ee039691122f8ff885542462d4323d776e870ae39650ae,https://catalog.data.gov/dataset/medicare-physician-other-practitioners-by-geography-and-service
2017,45378,mature procedure comparison control,complete,547611,2,F|O,Diagnostic examination of large bowel using an endoscope,8e96a9f2-ce6e-46fd-b30d-8c695c756bfd,http://data.cms.gov/data-api/v1/dataset/8e96a9f2-ce6e-46fd-b30d-8c695c756bfd/data?filter%5Bcondition%5D%5Bpath%5D=HCPCS_Cd&filter%5Bcondition%5D%5Boperator%5D=IN&filter%5Bcondition%5D%5Bvalue%5D%5B%5D=0001A&filter%5Bcondition%5D%5Bvalue%5D%5B%5D=36415&filter%5Bcondition%5D%5Bvalue%5D%5B%5D=45378&filter%5Bcondition%5D%5Bvalue%5D%5B%5D=66984&filter%5Bcondition%5D%5Bvalue%5D%5B%5D=77067&filter%5Bcondition%5D%5Bvalue%5D%5B%5D=90739&filter%5Bcondition%5D%5Bvalue%5D%5B%5D=94010&filter%5Bcondition%5D%5Bvalue%5D%5B%5D=97110&filter%5Bcondition%5D%5Bvalue%5D%5B%5D=99201&filter%5Bcondition%5D%5Bvalue%5D%5B%5D=99213&filter%5Bcondition%5D%5Bvalue%5D%5B%5D=99441&filter%5Bcondition%5D%5Bvalue%5D%5B%5D=G0121&filter%5Bcondition%5D%5Bvalue%5D%5B%5D=G2211&size=5000,jina_reader,77f86b2ff0864af083ee039691122f8ff885542462d4323d776e870ae39650ae,https://catalog.data.gov/dataset/medicare-physician-other-practitioners-by-geography-and-service
2017,66984,2020 elective-procedure candidate pool,complete,8957299,2,F|O,Removal of cataract with insertion of lens,8e96a9f2-ce6e-46fd-b30d-8c695c756bfd,http://data.cms.gov/data-api/v1/dataset/8e96a9f2-ce6e-46fd-b30d-8c695c756bfd/data?filter%5Bcondition%5D%5Bpath%5D=HCPCS_Cd&filter%5Bcondition%5D%5Boperator%5D=IN&filter%5Bcondition%5D%5Bvalue%5D%5B%5D=0001A&filter%5Bcondition%5D%5Bvalue%5D%5B%5D=36415&filter%5Bcondition%5D%5Bvalue%5D%5B%5D=45378&filter%5Bcondition%5D%5Bvalue%5D%5B%5D=66984&filter%5Bcondition%5D%5Bvalue%5D%5B%5D=77067&filter%5Bcondition%5D%5Bvalue%5D%5B%5D=90739&filter%5Bcondition%5D%5Bvalue%5D%5B%5D=94010&filter%5Bcondition%5D%5Bvalue%5D%5B%5D=97110&filter%5Bcondition%5D%5Bvalue%5D%5B%5D=99201&filter%5Bcondition%5D%5Bvalue%5D%5B%5D=99213&filter%5Bcondition%5D%5Bvalue%5D%5B%5D=99441&filter%5Bcondition%5D%5Bvalue%5D%5B%5D=G0121&filter%5Bcondition%5D%5Bvalue%5D%5B%5D=G2211&size=5000,jina_reader,77f86b2ff0864af083ee039691122f8ff885542462d4323d776e870ae39650ae,https://catalog.data.gov/dataset/medicare-physician-other-practitioners-by-geography-and-service
2017,77067,2020 screening candidate pool,not_published,,0,,,8e96a9f2-ce6e-46fd-b30d-8c695c756bfd,http://data.cms.gov/data-api/v1/dataset/8e96a9f2-ce6e-46fd-b30d-8c695c756bfd/data?filter%5Bcondition%5D%5Bpath%5D=HCPCS_Cd&filter%5Bcondition%5D%5Boperator%5D=IN&filter%5Bcondition%5D%5Bvalue%5D%5B%5D=0001A&filter%5Bcondition%5D%5Bvalue%5D%5B%5D=36415&filter%5Bcondition%5D%5Bvalue%5D%5B%5D=45378&filter%5Bcondition%5D%5Bvalue%5D%5B%5D=66984&filter%5Bcondition%5D%5Bvalue%5D%5B%5D=77067&filter%5Bcondition%5D%5Bvalue%5D%5B%5D=90739&filter%5Bcondition%5D%5Bvalue%5D%5B%5D=94010&filter%5Bcondition%5D%5Bvalue%5D%5B%5D=97110&filter%5Bcondition%5D%5Bvalue%5D%5B%5D=99201&filter%5Bcondition%5D%5Bvalue%5D%5B%5D=99213&filter%5Bcondition%5D%5Bvalue%5D%5B%5D=99441&filter%5Bcondition%5D%5Bvalue%5D%5B%5D=G0121&filter%5Bcondition%5D%5Bvalue%5D%5B%5D=G2211&size=5000,jina_reader,77f86b2ff0864af083ee039691122f8ff885542462d4323d776e870ae39650ae,https://catalog.data.gov/dataset/medicare-physician-other-practitioners-by-geography-and-service
2017,90739,previous negative case,complete,17,1,O,Vaccine for Hepatitis B adult dosage (2 dose schedule) injection into muscle,8e96a9f2-ce6e-46fd-b30d-8c695c756bfd,http://data.cms.gov/data-api/v1/dataset/8e96a9f2-ce6e-46fd-b30d-8c695c756bfd/data?filter%5Bcondition%5D%5Bpath%5D=HCPCS_Cd&filter%5Bcondition%5D%5Boperator%5D=IN&filter%5Bcondition%5D%5Bvalue%5D%5B%5D=0001A&filter%5Bcondition%5D%5Bvalue%5D%5B%5D=36415&filter%5Bcondition%5D%5Bvalue%5D%5B%5D=45378&filter%5Bcondition%5D%5Bvalue%5D%5B%5D=66984&filter%5Bcondition%5D%5Bvalue%5D%5B%5D=77067&filter%5Bcondition%5D%5Bvalue%5D%5B%5D=90739&filter%5Bcondition%5D%5Bvalue%5D%5B%5D=94010&filter%5Bcondition%5D%5Bvalue%5D%5B%5D=97110&filter%5Bcondition%5D%5Bvalue%5D%5B%5D=99201&filter%5Bcondition%5D%5Bvalue%5D%5B%5D=99213&filter%5Bcondition%5D%5Bvalue%5D%5B%5D=99441&filter%5Bcondition%5D%5Bvalue%5D%5B%5D=G0121&filter%5Bcondition%5D%5Bvalue%5D%5B%5D=G2211&size=5000,jina_reader,77f86b2ff0864af083ee039691122f8ff885542462d4323d776e870ae39650ae,https://catalog.data.gov/dataset/medicare-physician-other-practitioners-by-geography-and-service
2017,94010,2020 respiratory-procedure candidate pool,complete,1268030,2,F|O,Measurement and graphic recording of total and timed exhaled air capacity,8e96a9f2-ce6e-46fd-b30d-8c695c756bfd,http://data.cms.gov/data-api/v1/dataset/8e96a9f2-ce6e-46fd-b30d-8c695c756bfd/data?filter%5Bcondition%5D%5Bpath%5D=HCPCS_Cd&filter%5Bcondition%5D%5Boperator%5D=IN&filter%5Bcondition%5D%5Bvalue%5D%5B%5D=0001A&filter%5Bcondition%5D%5Bvalue%5D%5B%5D=36415&filter%5Bcondition%5D%5Bvalue%5D%5B%5D=45378&filter%5Bcondition%5D%5Bvalue%5D%5B%5D=66984&filter%5Bcondition%5D%5Bvalue%5D%5B%5D=77067&filter%5Bcondition%5D%5Bvalue%5D%5B%5D=90739&filter%5Bcondition%5D%5Bvalue%5D%5B%5D=94010&filter%5Bcondition%5D%5Bvalue%5D%5B%5D=97110&filter%5Bcondition%5D%5Bvalue%5D%5B%5D=99201&filter%5Bcondition%5D%5Bvalue%5D%5B%5D=99213&filter%5Bcondition%5D%5Bvalue%5D%5B%5D=99441&filter%5Bcondition%5D%5Bvalue%5D%5B%5D=G0121&filter%5Bcondition%5D%5Bvalue%5D%5B%5D=G2211&size=5000,jina_reader,77f86b2ff0864af083ee039691122f8ff885542462d4323d776e870ae39650ae,https://catalog.data.gov/dataset/medicare-physician-other-practitioners-by-geography-and-service
2017,97110,2020 rehabilitation candidate pool,complete,55251269.5,2,F|O,"Therapeutic exercise to develop strength, endurance, range of motion, and flexibility, each 15 minutes",8e96a9f2-ce6e-46fd-b30d-8c695c756bfd,http://data.cms.gov/data-api/v1/dataset/8e96a9f2-ce6e-46fd-b30d-8c695c756bfd/data?filter%5Bcondition%5D%5Bpath%5D=HCPCS_Cd&filter%5Bcondition%5D%5Boperator%5D=IN&filter%5Bcondition%5D%5Bvalue%5D%5B%5D=0001A&filter%5Bcondition%5D%5Bvalue%5D%5B%5D=36415&filter%5Bcondition%5D%5Bvalue%5D%5B%5D=45378&filter%5Bcondition%5D%5Bvalue%5D%5B%5D=66984&filter%5Bcondition%5D%5Bvalue%5D%5B%5D=77067&filter%5Bcondition%5D%5Bvalue%5D%5B%5D=90739&filter%5Bcondition%5D%5Bvalue%5D%5B%5D=94010&filter%5Bcondition%5D%5Bvalue%5D%5B%5D=97110&filter%5Bcondition%5D%5Bvalue%5D%5B%5D=99201&filter%5Bcondition%5D%5Bvalue%5D%5B%5D=99213&filter%5Bcondition%5D%5Bvalue%5D%5B%5D=99441&filter%5Bcondition%5D%5Bvalue%5D%5B%5D=G0121&filter%5Bcondition%5D%5Bvalue%5D%5B%5D=G2211&size=5000,jina_reader,77f86b2ff0864af083ee039691122f8ff885542462d4323d776e870ae39650ae,https://catalog.data.gov/dataset/medicare-physician-other-practitioners-by-geography-and-service
2017,99201,retired-code lifecycle case,complete,249981,2,F|O,"New patient office or other outpatient visit, typically 10 minutes",8e96a9f2-ce6e-46fd-b30d-8c695c756bfd,http://data.cms.gov/data-api/v1/dataset/8e96a9f2-ce6e-46fd-b30d-8c695c756bfd/data?filter%5Bcondition%5D%5Bpath%5D=HCPCS_Cd&filter%5Bcondition%5D%5Boperator%5D=IN&filter%5Bcondition%5D%5Bvalue%5D%5B%5D=0001A&filter%5Bcondition%5D%5Bvalue%5D%5B%5D=36415&filter%5Bcondition%5D%5Bvalue%5D%5B%5D=45378&filter%5Bcondition%5D%5Bvalue%5D%5B%5D=66984&filter%5Bcondition%5D%5Bvalue%5D%5B%5D=77067&filter%5Bcondition%5D%5Bvalue%5D%5B%5D=90739&filter%5Bcondition%5D%5Bvalue%5D%5B%5D=94010&filter%5Bcondition%5D%5Bvalue%5D%5B%5D=97110&filter%5Bcondition%5D%5Bvalue%5D%5B%5D=99201&filter%5Bcondition%5D%5Bvalue%5D%5B%5D=99213&filter%5Bcondition%5D%5Bvalue%5D%5B%5D=99441&filter%5Bcondition%5D%5Bvalue%5D%5B%5D=G0121&filter%5Bcondition%5D%5Bvalue%5D%5B%5D=G2211&size=5000,jina_reader,77f86b2ff0864af083ee039691122f8ff885542462d4323d776e870ae39650ae,https://catalog.data.gov/dataset/medicare-physician-other-practitioners-by-geography-and-service
2017,99213,mature high-volume E/M control,complete,97527463.1,2,F|O,"Established patient office or other outpatient visit, typically 15 minutes",8e96a9f2-ce6e-46fd-b30d-8c695c756bfd,http://data.cms.gov/data-api/v1/dataset/8e96a9f2-ce6e-46fd-b30d-8c695c756bfd/data?filter%5Bcondition%5D%5Bpath%5D=HCPCS_Cd&filter%5Bcondition%5D%5Boperator%5D=IN&filter%5Bcondition%5D%5Bvalue%5D%5B%5D=0001A&filter%5Bcondition%5D%5Bvalue%5D%5B%5D=36415&filter%5Bcondition%5D%5Bvalue%5D%5B%5D=45378&filter%5Bcondition%5D%5Bvalue%5D%5B%5D=66984&filter%5Bcondition%5D%5Bvalue%5D%5B%5D=77067&filter%5Bcondition%5D%5Bvalue%5D%5B%5D=90739&filter%5Bcondition%5D%5Bvalue%5D%5B%5D=94010&filter%5Bcondition%5D%5Bvalue%5D%5B%5D=97110&filter%5Bcondition%5D%5Bvalue%5D%5B%5D=99201&filter%5Bcondition%5D%5Bvalue%5D%5B%5D=99213&filter%5Bcondition%5D%5Bvalue%5D%5B%5D=99441&filter%5Bcondition%5D%5Bvalue%5D%5B%5D=G0121&filter%5Bcondition%5D%5Bvalue%5D%5B%5D=G2211&size=5000,jina_reader,77f86b2ff0864af083ee039691122f8ff885542462d4323d776e870ae39650ae,https://catalog.data.gov/dataset/medicare-physician-other-practitioners-by-geography-and-service
2017,99441,known 2020 policy/PHE shock case,not_published,,0,,,8e96a9f2-ce6e-46fd-b30d-8c695c756bfd,http://data.cms.gov/data-api/v1/dataset/8e96a9f2-ce6e-46fd-b30d-8c695c756bfd/data?filter%5Bcondition%5D%5Bpath%5D=HCPCS_Cd&filter%5Bcondition%5D%5Boperator%5D=IN&filter%5Bcondition%5D%5Bvalue%5D%5B%5D=0001A&filter%5Bcondition%5D%5Bvalue%5D%5B%5D=36415&filter%5Bcondition%5D%5Bvalue%5D%5B%5D=45378&filter%5Bcondition%5D%5Bvalue%5D%5B%5D=66984&filter%5Bcondition%5D%5Bvalue%5D%5B%5D=77067&filter%5Bcondition%5D%5Bvalue%5D%5B%5D=90739&filter%5Bcondition%5D%5Bvalue%5D%5B%5D=94010&filter%5Bcondition%5D%5Bvalue%5D%5B%5D=97110&filter%5Bcondition%5D%5Bvalue%5D%5B%5D=99201&filter%5Bcondition%5D%5Bvalue%5D%5B%5D=99213&filter%5Bcondition%5D%5Bvalue%5D%5B%5D=99441&filter%5Bcondition%5D%5Bvalue%5D%5B%5D=G0121&filter%5Bcondition%5D%5Bvalue%5D%5B%5D=G2211&size=5000,jina_reader,77f86b2ff0864af083ee039691122f8ff885542462d4323d776e870ae39650ae,https://catalog.data.gov/dataset/medicare-physician-other-practitioners-by-geography-and-service
2017,G0121,2020 screening candidate pool,complete,374646,2,F|O,Colorectal cancer screening; colonoscopy on individual not meeting criteria for high risk,8e96a9f2-ce6e-46fd-b30d-8c695c756bfd,http://data.cms.gov/data-api/v1/dataset/8e96a9f2-ce6e-46fd-b30d-8c695c756bfd/data?filter%5Bcondition%5D%5Bpath%5D=HCPCS_Cd&filter%5Bcondition%5D%5Boperator%5D=IN&filter%5Bcondition%5D%5Bvalue%5D%5B%5D=0001A&filter%5Bcondition%5D%5Bvalue%5D%5B%5D=36415&filter%5Bcondition%5D%5Bvalue%5D%5B%5D=45378&filter%5Bcondition%5D%5Bvalue%5D%5B%5D=66984&filter%5Bcondition%5D%5Bvalue%5D%5B%5D=77067&filter%5Bcondition%5D%5Bvalue%5D%5B%5D=90739&filter%5Bcondition%5D%5Bvalue%5D%5B%5D=94010&filter%5Bcondition%5D%5Bvalue%5D%5B%5D=97110&filter%5Bcondition%5D%5Bvalue%5D%5B%5D=99201&filter%5Bcondition%5D%5Bvalue%5D%5B%5D=99213&filter%5Bcondition%5D%5Bvalue%5D%5B%5D=99441&filter%5Bcondition%5D%5Bvalue%5D%5B%5D=G0121&filter%5Bcondition%5D%5Bvalue%5D%5B%5D=G2211&size=5000,jina_reader,77f86b2ff0864af083ee039691122f8ff885542462d4323d776e870ae39650ae,https://catalog.data.gov/dataset/medicare-physician-other-practitioners-by-geography-and-service
2017,G2211,known 2024 implementation case,not_published,,0,,,8e96a9f2-ce6e-46fd-b30d-8c695c756bfd,http://data.cms.gov/data-api/v1/dataset/8e96a9f2-ce6e-46fd-b30d-8c695c756bfd/data?filter%5Bcondition%5D%5Bpath%5D=HCPCS_Cd&filter%5Bcondition%5D%5Boperator%5D=IN&filter%5Bcondition%5D%5Bvalue%5D%5B%5D=0001A&filter%5Bcondition%5D%5Bvalue%5D%5B%5D=36415&filter%5Bcondition%5D%5Bvalue%5D%5B%5D=45378&filter%5Bcondition%5D%5Bvalue%5D%5B%5D=66984&filter%5Bcondition%5D%5Bvalue%5D%5B%5D=77067&filter%5Bcondition%5D%5Bvalue%5D%5B%5D=90739&filter%5Bcondition%5D%5Bvalue%5D%5B%5D=94010&filter%5Bcondition%5D%5Bvalue%5D%5B%5D=97110&filter%5Bcondition%5D%5Bvalue%5D%5B%5D=99201&filter%5Bcondition%5D%5Bvalue%5D%5B%5D=99213&filter%5Bcondition%5D%5Bvalue%5D%5B%5D=99441&filter%5Bcondition%5D%5Bvalue%5D%5B%5D=G0121&filter%5Bcondition%5D%5Bvalue%5D%5B%5D=G2211&size=5000,jina_reader,77f86b2ff0864af083ee039691122f8ff885542462d4323d776e870ae39650ae,https://catalog.data.gov/dataset/medicare-physician-other-practitioners-by-geography-and-service
2018,0001A,new-code / cold-start control,not_published,,0,,,05a85700-052f-4509-af43-7042b9b35868,http://data.cms.gov/data-api/v1/dataset/05a85700-052f-4509-af43-7042b9b35868/data?filter%5Bcondition%5D%5Bpath%5D=HCPCS_Cd&filter%5Bcondition%5D%5Boperator%5D=IN&filter%5Bcondition%5D%5Bvalue%5D%5B%5D=0001A&filter%5Bcondition%5D%5Bvalue%5D%5B%5D=36415&filter%5Bcondition%5D%5Bvalue%5D%5B%5D=45378&filter%5Bcondition%5D%5Bvalue%5D%5B%5D=66984&filter%5Bcondition%5D%5Bvalue%5D%5B%5D=77067&filter%5Bcondition%5D%5Bvalue%5D%5B%5D=90739&filter%5Bcondition%5D%5Bvalue%5D%5B%5D=94010&filter%5Bcondition%5D%5Bvalue%5D%5B%5D=97110&filter%5Bcondition%5D%5Bvalue%5D%5B%5D=99201&filter%5Bcondition%5D%5Bvalue%5D%5B%5D=99213&filter%5Bcondition%5D%5Bvalue%5D%5B%5D=99441&filter%5Bcondition%5D%5Bvalue%5D%5B%5D=G0121&filter%5Bcondition%5D%5Bvalue%5D%5B%5D=G2211&size=5000,jina_reader,17e86ae5e6683c9892ea1e6f89e62633ebb4fd74ce85865aa506a090950789c7,https://catalog.data.gov/dataset/medicare-physician-other-practitioners-by-geography-and-service
2018,36415,high-volume comparison control,complete,49017431.4,2,F|O,Insertion of needle into vein for collection of blood sample,05a85700-052f-4509-af43-7042b9b35868,http://data.cms.gov/data-api/v1/dataset/05a85700-052f-4509-af43-7042b9b35868/data?filter%5Bcondition%5D%5Bpath%5D=HCPCS_Cd&filter%5Bcondition%5D%5Boperator%5D=IN&filter%5Bcondition%5D%5Bvalue%5D%5B%5D=0001A&filter%5Bcondition%5D%5Bvalue%5D%5B%5D=36415&filter%5Bcondition%5D%5Bvalue%5D%5B%5D=45378&filter%5Bcondition%5D%5Bvalue%5D%5B%5D=66984&filter%5Bcondition%5D%5Bvalue%5D%5B%5D=77067&filter%5Bcondition%5D%5Bvalue%5D%5B%5D=90739&filter%5Bcondition%5D%5Bvalue%5D%5B%5D=94010&filter%5Bcondition%5D%5Bvalue%5D%5B%5D=97110&filter%5Bcondition%5D%5Bvalue%5D%5B%5D=99201&filter%5Bcondition%5D%5Bvalue%5D%5B%5D=99213&filter%5Bcondition%5D%5Bvalue%5D%5B%5D=99441&filter%5Bcondition%5D%5Bvalue%5D%5B%5D=G0121&filter%5Bcondition%5D%5Bvalue%5D%5B%5D=G2211&size=5000,jina_reader,17e86ae5e6683c9892ea1e6f89e62633ebb4fd74ce85865aa506a090950789c7,https://catalog.data.gov/dataset/medicare-physician-other-practitioners-by-geography-and-service
2018,45378,mature procedure comparison control,complete,508964,2,F|O,Diagnostic examination of large bowel using an endoscope,05a85700-052f-4509-af43-7042b9b35868,http://data.cms.gov/data-api/v1/dataset/05a85700-052f-4509-af43-7042b9b35868/data?filter%5Bcondition%5D%5Bpath%5D=HCPCS_Cd&filter%5Bcondition%5D%5Boperator%5D=IN&filter%5Bcondition%5D%5Bvalue%5D%5B%5D=0001A&filter%5Bcondition%5D%5Bvalue%5D%5B%5D=36415&filter%5Bcondition%5D%5Bvalue%5D%5B%5D=45378&filter%5Bcondition%5D%5Bvalue%5D%5B%5D=66984&filter%5Bcondition%5D%5Bvalue%5D%5B%5D=77067&filter%5Bcondition%5D%5Bvalue%5D%5B%5D=90739&filter%5Bcondition%5D%5Bvalue%5D%5B%5D=94010&filter%5Bcondition%5D%5Bvalue%5D%5B%5D=97110&filter%5Bcondition%5D%5Bvalue%5D%5B%5D=99201&filter%5Bcondition%5D%5Bvalue%5D%5B%5D=99213&filter%5Bcondition%5D%5Bvalue%5D%5B%5D=99441&filter%5Bcondition%5D%5Bvalue%5D%5B%5D=G0121&filter%5Bcondition%5D%5Bvalue%5D%5B%5D=G2211&size=5000,jina_reader,17e86ae5e6683c9892ea1e6f89e62633ebb4fd74ce85865aa506a090950789c7,https://catalog.data.gov/dataset/medicare-physician-other-practitioners-by-geography-and-service
2018,66984,2020 elective-procedure candidate pool,complete,10000733,2,F|O,Removal of cataract with insertion of lens,05a85700-052f-4509-af43-7042b9b35868,http://data.cms.gov/data-api/v1/dataset/05a85700-052f-4509-af43-7042b9b35868/data?filter%5Bcondition%5D%5Bpath%5D=HCPCS_Cd&filter%5Bcondition%5D%5Boperator%5D=IN&filter%5Bcondition%5D%5Bvalue%5D%5B%5D=0001A&filter%5Bcondition%5D%5Bvalue%5D%5B%5D=36415&filter%5Bcondition%5D%5Bvalue%5D%5B%5D=45378&filter%5Bcondition%5D%5Bvalue%5D%5B%5D=66984&filter%5Bcondition%5D%5Bvalue%5D%5B%5D=77067&filter%5Bcondition%5D%5Bvalue%5D%5B%5D=90739&filter%5Bcondition%5D%5Bvalue%5D%5B%5D=94010&filter%5Bcondition%5D%5Bvalue%5D%5B%5D=97110&filter%5Bcondition%5D%5Bvalue%5D%5B%5D=99201&filter%5Bcondition%5D%5Bvalue%5D%5B%5D=99213&filter%5Bcondition%5D%5Bvalue%5D%5B%5D=99441&filter%5Bcondition%5D%5Bvalue%5D%5B%5D=G0121&filter%5Bcondition%5D%5Bvalue%5D%5B%5D=G2211&size=5000,jina_reader,17e86ae5e6683c9892ea1e6f89e62633ebb4fd74ce85865aa506a090950789c7,https://catalog.data.gov/dataset/medicare-physician-other-practitioners-by-geography-and-service
2018,77067,2020 screening candidate pool,complete,6290999,2,F|O,Mammography of both breasts,05a85700-052f-4509-af43-7042b9b35868,http://data.cms.gov/data-api/v1/dataset/05a85700-052f-4509-af43-7042b9b35868/data?filter%5Bcondition%5D%5Bpath%5D=HCPCS_Cd&filter%5Bcondition%5D%5Boperator%5D=IN&filter%5Bcondition%5D%5Bvalue%5D%5B%5D=0001A&filter%5Bcondition%5D%5Bvalue%5D%5B%5D=36415&filter%5Bcondition%5D%5Bvalue%5D%5B%5D=45378&filter%5Bcondition%5D%5Bvalue%5D%5B%5D=66984&filter%5Bcondition%5D%5Bvalue%5D%5B%5D=77067&filter%5Bcondition%5D%5Bvalue%5D%5B%5D=90739&filter%5Bcondition%5D%5Bvalue%5D%5B%5D=94010&filter%5Bcondition%5D%5Bvalue%5D%5B%5D=97110&filter%5Bcondition%5D%5Bvalue%5D%5B%5D=99201&filter%5Bcondition%5D%5Bvalue%5D%5B%5D=99213&filter%5Bcondition%5D%5Bvalue%5D%5B%5D=99441&filter%5Bcondition%5D%5Bvalue%5D%5B%5D=G0121&filter%5Bcondition%5D%5Bvalue%5D%5B%5D=G2211&size=5000,jina_reader,17e86ae5e6683c9892ea1e6f89e62633ebb4fd74ce85865aa506a090950789c7,https://catalog.data.gov/dataset/medicare-physician-other-practitioners-by-geography-and-service
2018,90739,previous negative case,complete,653,2,F|O,Vaccine for Hepatitis B adult dosage (2 dose schedule) injection into muscle,05a85700-052f-4509-af43-7042b9b35868,http://data.cms.gov/data-api/v1/dataset/05a85700-052f-4509-af43-7042b9b35868/data?filter%5Bcondition%5D%5Bpath%5D=HCPCS_Cd&filter%5Bcondition%5D%5Boperator%5D=IN&filter%5Bcondition%5D%5Bvalue%5D%5B%5D=0001A&filter%5Bcondition%5D%5Bvalue%5D%5B%5D=36415&filter%5Bcondition%5D%5Bvalue%5D%5B%5D=45378&filter%5Bcondition%5D%5Bvalue%5D%5B%5D=66984&filter%5Bcondition%5D%5Bvalue%5D%5B%5D=77067&filter%5Bcondition%5D%5Bvalue%5D%5B%5D=90739&filter%5Bcondition%5D%5Bvalue%5D%5B%5D=94010&filter%5Bcondition%5D%5Bvalue%5D%5B%5D=97110&filter%5Bcondition%5D%5Bvalue%5D%5B%5D=99201&filter%5Bcondition%5D%5Bvalue%5D%5B%5D=99213&filter%5Bcondition%5D%5Bvalue%5D%5B%5D=99441&filter%5Bcondition%5D%5Bvalue%5D%5B%5D=G0121&filter%5Bcondition%5D%5Bvalue%5D%5B%5D=G2211&size=5000,jina_reader,17e86ae5e6683c9892ea1e6f89e62633ebb4fd74ce85865aa506a090950789c7,https://catalog.data.gov/dataset/medicare-physician-other-practitioners-by-geography-and-service
2018,94010,2020 respiratory-procedure candidate pool,complete,1242393,2,F|O,Measurement and graphic recording of total and timed exhaled air capacity,05a85700-052f-4509-af43-7042b9b35868,http://data.cms.gov/data-api/v1/dataset/05a85700-052f-4509-af43-7042b9b35868/data?filter%5Bcondition%5D%5Bpath%5D=HCPCS_Cd&filter%5Bcondition%5D%5Boperator%5D=IN&filter%5Bcondition%5D%5Bvalue%5D%5B%5D=0001A&filter%5Bcondition%5D%5Bvalue%5D%5B%5D=36415&filter%5Bcondition%5D%5Bvalue%5D%5B%5D=45378&filter%5Bcondition%5D%5Bvalue%5D%5B%5D=66984&filter%5Bcondition%5D%5Bvalue%5D%5B%5D=77067&filter%5Bcondition%5D%5Bvalue%5D%5B%5D=90739&filter%5Bcondition%5D%5Bvalue%5D%5B%5D=94010&filter%5Bcondition%5D%5Bvalue%5D%5B%5D=97110&filter%5Bcondition%5D%5Bvalue%5D%5B%5D=99201&filter%5Bcondition%5D%5Bvalue%5D%5B%5D=99213&filter%5Bcondition%5D%5Bvalue%5D%5B%5D=99441&filter%5Bcondition%5D%5Bvalue%5D%5B%5D=G0121&filter%5Bcondition%5D%5Bvalue%5D%5B%5D=G2211&size=5000,jina_reader,17e86ae5e6683c9892ea1e6f89e62633ebb4fd74ce85865aa506a090950789c7,https://catalog.data.gov/dataset/medicare-physician-other-practitioners-by-geography-and-service
2018,97110,2020 rehabilitation candidate pool,complete,56540324.8,2,F|O,"Therapeutic exercise to develop strength, endurance, range of motion, and flexibility, each 15 minutes",05a85700-052f-4509-af43-7042b9b35868,http://data.cms.gov/data-api/v1/dataset/05a85700-052f-4509-af43-7042b9b35868/data?filter%5Bcondition%5D%5Bpath%5D=HCPCS_Cd&filter%5Bcondition%5D%5Boperator%5D=IN&filter%5Bcondition%5D%5Bvalue%5D%5B%5D=0001A&filter%5Bcondition%5D%5Bvalue%5D%5B%5D=36415&filter%5Bcondition%5D%5Bvalue%5D%5B%5D=45378&filter%5Bcondition%5D%5Bvalue%5D%5B%5D=66984&filter%5Bcondition%5D%5Bvalue%5D%5B%5D=77067&filter%5Bcondition%5D%5Bvalue%5D%5B%5D=90739&filter%5Bcondition%5D%5Bvalue%5D%5B%5D=94010&filter%5Bcondition%5D%5Bvalue%5D%5B%5D=97110&filter%5Bcondition%5D%5Bvalue%5D%5B%5D=99201&filter%5Bcondition%5D%5Bvalue%5D%5B%5D=99213&filter%5Bcondition%5D%5Bvalue%5D%5B%5D=99441&filter%5Bcondition%5D%5Bvalue%5D%5B%5D=G0121&filter%5Bcondition%5D%5Bvalue%5D%5B%5D=G2211&size=5000,jina_reader,17e86ae5e6683c9892ea1e6f89e62633ebb4fd74ce85865aa506a090950789c7,https://catalog.data.gov/dataset/medicare-physician-other-practitioners-by-geography-and-service
2018,99201,retired-code lifecycle case,complete,226918,2,F|O,"New patient office or other outpatient visit, typically 10 minutes",05a85700-052f-4509-af43-7042b9b35868,http://data.cms.gov/data-api/v1/dataset/05a85700-052f-4509-af43-7042b9b35868/data?filter%5Bcondition%5D%5Bpath%5D=HCPCS_Cd&filter%5Bcondition%5D%5Boperator%5D=IN&filter%5Bcondition%5D%5Bvalue%5D%5B%5D=0001A&filter%5Bcondition%5D%5Bvalue%5D%5B%5D=36415&filter%5Bcondition%5D%5Bvalue%5D%5B%5D=45378&filter%5Bcondition%5D%5Bvalue%5D%5B%5D=66984&filter%5Bcondition%5D%5Bvalue%5D%5B%5D=77067&filter%5Bcondition%5D%5Bvalue%5D%5B%5D=90739&filter%5Bcondition%5D%5Bvalue%5D%5B%5D=94010&filter%5Bcondition%5D%5Bvalue%5D%5B%5D=97110&filter%5Bcondition%5D%5Bvalue%5D%5B%5D=99201&filter%5Bcondition%5D%5Bvalue%5D%5B%5D=99213&filter%5Bcondition%5D%5Bvalue%5D%5B%5D=99441&filter%5Bcondition%5D%5Bvalue%5D%5B%5D=G0121&filter%5Bcondition%5D%5Bvalue%5D%5B%5D=G2211&size=5000,jina_reader,17e86ae5e6683c9892ea1e6f89e62633ebb4fd74ce85865aa506a090950789c7,https://catalog.data.gov/dataset/medicare-physician-other-practitioners-by-geography-and-service
2018,99213,mature high-volume E/M control,complete,94752914.8,2,F|O,"Established patient office or other outpatient visit, typically 15 minutes",05a85700-052f-4509-af43-7042b9b35868,http://data.cms.gov/data-api/v1/dataset/05a85700-052f-4509-af43-7042b9b35868/data?filter%5Bcondition%5D%5Bpath%5D=HCPCS_Cd&filter%5Bcondition%5D%5Boperator%5D=IN&filter%5Bcondition%5D%5Bvalue%5D%5B%5D=0001A&filter%5Bcondition%5D%5Bvalue%5D%5B%5D=36415&filter%5Bcondition%5D%5Bvalue%5D%5B%5D=45378&filter%5Bcondition%5D%5Bvalue%5D%5B%5D=66984&filter%5Bcondition%5D%5Bvalue%5D%5B%5D=77067&filter%5Bcondition%5D%5Bvalue%5D%5B%5D=90739&filter%5Bcondition%5D%5Bvalue%5D%5B%5D=94010&filter%5Bcondition%5D%5Bvalue%5D%5B%5D=97110&filter%5Bcondition%5D%5Bvalue%5D%5B%5D=99201&filter%5Bcondition%5D%5Bvalue%5D%5B%5D=99213&filter%5Bcondition%5D%5Bvalue%5D%5B%5D=99441&filter%5Bcondition%5D%5Bvalue%5D%5B%5D=G0121&filter%5Bcondition%5D%5Bvalue%5D%5B%5D=G2211&size=5000,jina_reader,17e86ae5e6683c9892ea1e6f89e62633ebb4fd74ce85865aa506a090950789c7,https://catalog.data.gov/dataset/medicare-physician-other-practitioners-by-geography-and-service
2018,99441,known 2020 policy/PHE shock case,not_published,,0,,,05a85700-052f-4509-af43-7042b9b35868,http://data.cms.gov/data-api/v1/dataset/05a85700-052f-4509-af43-7042b9b35868/data?filter%5Bcondition%5D%5Bpath%5D=HCPCS_Cd&filter%5Bcondition%5D%5Boperator%5D=IN&filter%5Bcondition%5D%5Bvalue%5D%5B%5D=0001A&filter%5Bcondition%5D%5Bvalue%5D%5B%5D=36415&filter%5Bcondition%5D%5Bvalue%5D%5B%5D=45378&filter%5Bcondition%5D%5Bvalue%5D%5B%5D=66984&filter%5Bcondition%5D%5Bvalue%5D%5B%5D=77067&filter%5Bcondition%5D%5Bvalue%5D%5B%5D=90739&filter%5Bcondition%5D%5Bvalue%5D%5B%5D=94010&filter%5Bcondition%5D%5Bvalue%5D%5B%5D=97110&filter%5Bcondition%5D%5Bvalue%5D%5B%5D=99201&filter%5Bcondition%5D%5Bvalue%5D%5B%5D=99213&filter%5Bcondition%5D%5Bvalue%5D%5B%5D=99441&filter%5Bcondition%5D%5Bvalue%5D%5B%5D=G0121&filter%5Bcondition%5D%5Bvalue%5D%5B%5D=G2211&size=5000,jina_reader,17e86ae5e6683c9892ea1e6f89e62633ebb4fd74ce85865aa506a090950789c7,https://catalog.data.gov/dataset/medicare-physician-other-practitioners-by-geography-and-service
2018,G0121,2020 screening candidate pool,complete,354699,2,F|O,Colorectal cancer screening; colonoscopy on individual not meeting criteria for high risk,05a85700-052f-4509-af43-7042b9b35868,http://data.cms.gov/data-api/v1/dataset/05a85700-052f-4509-af43-7042b9b35868/data?filter%5Bcondition%5D%5Bpath%5D=HCPCS_Cd&filter%5Bcondition%5D%5Boperator%5D=IN&filter%5Bcondition%5D%5Bvalue%5D%5B%5D=0001A&filter%5Bcondition%5D%5Bvalue%5D%5B%5D=36415&filter%5Bcondition%5D%5Bvalue%5D%5B%5D=45378&filter%5Bcondition%5D%5Bvalue%5D%5B%5D=66984&filter%5Bcondition%5D%5Bvalue%5D%5B%5D=77067&filter%5Bcondition%5D%5Bvalue%5D%5B%5D=90739&filter%5Bcondition%5D%5Bvalue%5D%5B%5D=94010&filter%5Bcondition%5D%5Bvalue%5D%5B%5D=97110&filter%5Bcondition%5D%5Bvalue%5D%5B%5D=99201&filter%5Bcondition%5D%5Bvalue%5D%5B%5D=99213&filter%5Bcondition%5D%5Bvalue%5D%5B%5D=99441&filter%5Bcondition%5D%5Bvalue%5D%5B%5D=G0121&filter%5Bcondition%5D%5Bvalue%5D%5B%5D=G2211&size=5000,jina_reader,17e86ae5e6683c9892ea1e6f89e62633ebb4fd74ce85865aa506a090950789c7,https://catalog.data.gov/dataset/medicare-physician-other-practitioners-by-geography-and-service
2018,G2211,known 2024 implementation case,not_published,,0,,,05a85700-052f-4509-af43-7042b9b35868,http://data.cms.gov/data-api/v1/dataset/05a85700-052f-4509-af43-7042b9b35868/data?filter%5Bcondition%5D%5Bpath%5D=HCPCS_Cd&filter%5Bcondition%5D%5Boperator%5D=IN&filter%5Bcondition%5D%5Bvalue%5D%5B%5D=0001A&filter%5Bcondition%5D%5Bvalue%5D%5B%5D=36415&filter%5Bcondition%5D%5Bvalue%5D%5B%5D=45378&filter%5Bcondition%5D%5Bvalue%5D%5B%5D=66984&filter%5Bcondition%5D%5Bvalue%5D%5B%5D=77067&filter%5Bcondition%5D%5Bvalue%5D%5B%5D=90739&filter%5Bcondition%5D%5Bvalue%5D%5B%5D=94010&filter%5Bcondition%5D%5Bvalue%5D%5B%5D=97110&filter%5Bcondition%5D%5Bvalue%5D%5B%5D=99201&filter%5Bcondition%5D%5Bvalue%5D%5B%5D=99213&filter%5Bcondition%5D%5Bvalue%5D%5B%5D=99441&filter%5Bcondition%5D%5Bvalue%5D%5B%5D=G0121&filter%5Bcondition%5D%5Bvalue%5D%5B%5D=G2211&size=5000,jina_reader,17e86ae5e6683c9892ea1e6f89e62633ebb4fd74ce85865aa506a090950789c7,https://catalog.data.gov/dataset/medicare-physician-other-practitioners-by-geography-and-service
2019,0001A,new-code / cold-start control,not_published,,0,,,673030ae-ceed-4561-8fca-b1275395a86a,http://data.cms.gov/data-api/v1/dataset/673030ae-ceed-4561-8fca-b1275395a86a/data?filter%5Bcondition%5D%5Bpath%5D=HCPCS_Cd&filter%5Bcondition%5D%5Boperator%5D=IN&filter%5Bcondition%5D%5Bvalue%5D%5B%5D=0001A&filter%5Bcondition%5D%5Bvalue%5D%5B%5D=36415&filter%5Bcondition%5D%5Bvalue%5D%5B%5D=45378&filter%5Bcondition%5D%5Bvalue%5D%5B%5D=66984&filter%5Bcondition%5D%5Bvalue%5D%5B%5D=77067&filter%5Bcondition%5D%5Bvalue%5D%5B%5D=90739&filter%5Bcondition%5D%5Bvalue%5D%5B%5D=94010&filter%5Bcondition%5D%5Bvalue%5D%5B%5D=97110&filter%5Bcondition%5D%5Bvalue%5D%5B%5D=99201&filter%5Bcondition%5D%5Bvalue%5D%5B%5D=99213&filter%5Bcondition%5D%5Bvalue%5D%5B%5D=99441&filter%5Bcondition%5D%5Bvalue%5D%5B%5D=G0121&filter%5Bcondition%5D%5Bvalue%5D%5B%5D=G2211&size=5000,jina_reader,a09d8cf2ae38f8dc7cab5a9e6a11b1140d7872bd7fb750bc88c46ad70b8434ce,https://catalog.data.gov/dataset/medicare-physician-other-practitioners-by-geography-and-service
2019,36415,high-volume comparison control,complete,48349457.8,2,F|O,Insertion of needle into vein for collection of blood sample,673030ae-ceed-4561-8fca-b1275395a86a,http://data.cms.gov/data-api/v1/dataset/673030ae-ceed-4561-8fca-b1275395a86a/data?filter%5Bcondition%5D%5Bpath%5D=HCPCS_Cd&filter%5Bcondition%5D%5Boperator%5D=IN&filter%5Bcondition%5D%5Bvalue%5D%5B%5D=0001A&filter%5Bcondition%5D%5Bvalue%5D%5B%5D=36415&filter%5Bcondition%5D%5Bvalue%5D%5B%5D=45378&filter%5Bcondition%5D%5Bvalue%5D%5B%5D=66984&filter%5Bcondition%5D%5Bvalue%5D%5B%5D=77067&filter%5Bcondition%5D%5Bvalue%5D%5B%5D=90739&filter%5Bcondition%5D%5Bvalue%5D%5B%5D=94010&filter%5Bcondition%5D%5Bvalue%5D%5B%5D=97110&filter%5Bcondition%5D%5Bvalue%5D%5B%5D=99201&filter%5Bcondition%5D%5Bvalue%5D%5B%5D=99213&filter%5Bcondition%5D%5Bvalue%5D%5B%5D=99441&filter%5Bcondition%5D%5Bvalue%5D%5B%5D=G0121&filter%5Bcondition%5D%5Bvalue%5D%5B%5D=G2211&size=5000,jina_reader,a09d8cf2ae38f8dc7cab5a9e6a11b1140d7872bd7fb750bc88c46ad70b8434ce,https://catalog.data.gov/dataset/medicare-physician-other-practitioners-by-geography-and-service
2019,45378,mature procedure comparison control,complete,485358,2,F|O,Diagnostic examination of large bowel using an endoscope,673030ae-ceed-4561-8fca-b1275395a86a,http://data.cms.gov/data-api/v1/dataset/673030ae-ceed-4561-8fca-b1275395a86a/data?filter%5Bcondition%5D%5Bpath%5D=HCPCS_Cd&filter%5Bcondition%5D%5Boperator%5D=IN&filter%5Bcondition%5D%5Bvalue%5D%5B%5D=0001A&filter%5Bcondition%5D%5Bvalue%5D%5B%5D=36415&filter%5Bcondition%5D%5Bvalue%5D%5B%5D=45378&filter%5Bcondition%5D%5Bvalue%5D%5B%5D=66984&filter%5Bcondition%5D%5Bvalue%5D%5B%5D=77067&filter%5Bcondition%5D%5Bvalue%5D%5B%5D=90739&filter%5Bcondition%5D%5Bvalue%5D%5B%5D=94010&filter%5Bcondition%5D%5Bvalue%5D%5B%5D=97110&filter%5Bcondition%5D%5Bvalue%5D%5B%5D=99201&filter%5Bcondition%5D%5Bvalue%5D%5B%5D=99213&filter%5Bcondition%5D%5Bvalue%5D%5B%5D=99441&filter%5Bcondition%5D%5Bvalue%5D%5B%5D=G0121&filter%5Bcondition%5D%5Bvalue%5D%5B%5D=G2211&size=5000,jina_reader,a09d8cf2ae38f8dc7cab5a9e6a11b1140d7872bd7fb750bc88c46ad70b8434ce,https://catalog.data.gov/dataset/medicare-physician-other-practitioners-by-geography-and-service
2019,66984,2020 elective-procedure candidate pool,complete,10262670,2,F|O,Removal of cataract with insertion of lens,673030ae-ceed-4561-8fca-b1275395a86a,http://data.cms.gov/data-api/v1/dataset/673030ae-ceed-4561-8fca-b1275395a86a/data?filter%5Bcondition%5D%5Bpath%5D=HCPCS_Cd&filter%5Bcondition%5D%5Boperator%5D=IN&filter%5Bcondition%5D%5Bvalue%5D%5B%5D=0001A&filter%5Bcondition%5D%5Bvalue%5D%5B%5D=36415&filter%5Bcondition%5D%5Bvalue%5D%5B%5D=45378&filter%5Bcondition%5D%5Bvalue%5D%5B%5D=66984&filter%5Bcondition%5D%5Bvalue%5D%5B%5D=77067&filter%5Bcondition%5D%5Bvalue%5D%5B%5D=90739&filter%5Bcondition%5D%5Bvalue%5D%5B%5D=94010&filter%5Bcondition%5D%5Bvalue%5D%5B%5D=97110&filter%5Bcondition%5D%5Bvalue%5D%5B%5D=99201&filter%5Bcondition%5D%5Bvalue%5D%5B%5D=99213&filter%5Bcondition%5D%5Bvalue%5D%5B%5D=99441&filter%5Bcondition%5D%5Bvalue%5D%5B%5D=G0121&filter%5Bcondition%5D%5Bvalue%5D%5B%5D=G2211&size=5000,jina_reader,a09d8cf2ae38f8dc7cab5a9e6a11b1140d7872bd7fb750bc88c46ad70b8434ce,https://catalog.data.gov/dataset/medicare-physician-other-practitioners-by-geography-and-service
2019,77067,2020 screening candidate pool,complete,6435409.5,2,F|O,Mammography of both breasts,673030ae-ceed-4561-8fca-b1275395a86a,http://data.cms.gov/data-api/v1/dataset/673030ae-ceed-4561-8fca-b1275395a86a/data?filter%5Bcondition%5D%5Bpath%5D=HCPCS_Cd&filter%5Bcondition%5D%5Boperator%5D=IN&filter%5Bcondition%5D%5Bvalue%5D%5B%5D=0001A&filter%5Bcondition%5D%5Bvalue%5D%5B%5D=36415&filter%5Bcondition%5D%5Bvalue%5D%5B%5D=45378&filter%5Bcondition%5D%5Bvalue%5D%5B%5D=66984&filter%5Bcondition%5D%5Bvalue%5D%5B%5D=77067&filter%5Bcondition%5D%5Bvalue%5D%5B%5D=90739&filter%5Bcondition%5D%5Bvalue%5D%5B%5D=94010&filter%5Bcondition%5D%5Bvalue%5D%5B%5D=97110&filter%5Bcondition%5D%5Bvalue%5D%5B%5D=99201&filter%5Bcondition%5D%5Bvalue%5D%5B%5D=99213&filter%5Bcondition%5D%5Bvalue%5D%5B%5D=99441&filter%5Bcondition%5D%5Bvalue%5D%5B%5D=G0121&filter%5Bcondition%5D%5Bvalue%5D%5B%5D=G2211&size=5000,jina_reader,a09d8cf2ae38f8dc7cab5a9e6a11b1140d7872bd7fb750bc88c46ad70b8434ce,https://catalog.data.gov/dataset/medicare-physician-other-practitioners-by-geography-and-service
2019,90739,previous negative case,complete,7601,2,F|O,Vaccine for Hepatitis B adult dosage (2 dose schedule) injection into muscle,673030ae-ceed-4561-8fca-b1275395a86a,http://data.cms.gov/data-api/v1/dataset/673030ae-ceed-4561-8fca-b1275395a86a/data?filter%5Bcondition%5D%5Bpath%5D=HCPCS_Cd&filter%5Bcondition%5D%5Boperator%5D=IN&filter%5Bcondition%5D%5Bvalue%5D%5B%5D=0001A&filter%5Bcondition%5D%5Bvalue%5D%5B%5D=36415&filter%5Bcondition%5D%5Bvalue%5D%5B%5D=45378&filter%5Bcondition%5D%5Bvalue%5D%5B%5D=66984&filter%5Bcondition%5D%5Bvalue%5D%5B%5D=77067&filter%5Bcondition%5D%5Bvalue%5D%5B%5D=90739&filter%5Bcondition%5D%5Bvalue%5D%5B%5D=94010&filter%5Bcondition%5D%5Bvalue%5D%5B%5D=97110&filter%5Bcondition%5D%5Bvalue%5D%5B%5D=99201&filter%5Bcondition%5D%5Bvalue%5D%5B%5D=99213&filter%5Bcondition%5D%5Bvalue%5D%5B%5D=99441&filter%5Bcondition%5D%5Bvalue%5D%5B%5D=G0121&filter%5Bcondition%5D%5Bvalue%5D%5B%5D=G2211&size=5000,jina_reader,a09d8cf2ae38f8dc7cab5a9e6a11b1140d7872bd7fb750bc88c46ad70b8434ce,https://catalog.data.gov/dataset/medicare-physician-other-practitioners-by-geography-and-service
2019,94010,2020 respiratory-procedure candidate pool,complete,1236006,2,F|O,Measurement and graphic recording of total and timed exhaled air capacity,673030ae-ceed-4561-8fca-b1275395a86a,http://data.cms.gov/data-api/v1/dataset/673030ae-ceed-4561-8fca-b1275395a86a/data?filter%5Bcondition%5D%5Bpath%5D=HCPCS_Cd&filter%5Bcondition%5D%5Boperator%5D=IN&filter%5Bcondition%5D%5Bvalue%5D%5B%5D=0001A&filter%5Bcondition%5D%5Bvalue%5D%5B%5D=36415&filter%5Bcondition%5D%5Bvalue%5D%5B%5D=45378&filter%5Bcondition%5D%5Bvalue%5D%5B%5D=66984&filter%5Bcondition%5D%5Bvalue%5D%5B%5D=77067&filter%5Bcondition%5D%5Bvalue%5D%5B%5D=90739&filter%5Bcondition%5D%5Bvalue%5D%5B%5D=94010&filter%5Bcondition%5D%5Bvalue%5D%5B%5D=97110&filter%5Bcondition%5D%5Bvalue%5D%5B%5D=99201&filter%5Bcondition%5D%5Bvalue%5D%5B%5D=99213&filter%5Bcondition%5D%5Bvalue%5D%5B%5D=99441&filter%5Bcondition%5D%5Bvalue%5D%5B%5D=G0121&filter%5Bcondition%5D%5Bvalue%5D%5B%5D=G2211&size=5000,jina_reader,a09d8cf2ae38f8dc7cab5a9e6a11b1140d7872bd7fb750bc88c46ad70b8434ce,https://catalog.data.gov/dataset/medicare-physician-other-practitioners-by-geography-and-service
2019,97110,2020 rehabilitation candidate pool,complete,60158930.4,2,F|O,"Therapeutic exercise to develop strength, endurance, range of motion, and flexibility, each 15 minutes",673030ae-ceed-4561-8fca-b1275395a86a,http://data.cms.gov/data-api/v1/dataset/673030ae-ceed-4561-8fca-b1275395a86a/data?filter%5Bcondition%5D%5Bpath%5D=HCPCS_Cd&filter%5Bcondition%5D%5Boperator%5D=IN&filter%5Bcondition%5D%5Bvalue%5D%5B%5D=0001A&filter%5Bcondition%5D%5Bvalue%5D%5B%5D=36415&filter%5Bcondition%5D%5Bvalue%5D%5B%5D=45378&filter%5Bcondition%5D%5Bvalue%5D%5B%5D=66984&filter%5Bcondition%5D%5Bvalue%5D%5B%5D=77067&filter%5Bcondition%5D%5Bvalue%5D%5B%5D=90739&filter%5Bcondition%5D%5Bvalue%5D%5B%5D=94010&filter%5Bcondition%5D%5Bvalue%5D%5B%5D=97110&filter%5Bcondition%5D%5Bvalue%5D%5B%5D=99201&filter%5Bcondition%5D%5Bvalue%5D%5B%5D=99213&filter%5Bcondition%5D%5Bvalue%5D%5B%5D=99441&filter%5Bcondition%5D%5Bvalue%5D%5B%5D=G0121&filter%5Bcondition%5D%5Bvalue%5D%5B%5D=G2211&size=5000,jina_reader,a09d8cf2ae38f8dc7cab5a9e6a11b1140d7872bd7fb750bc88c46ad70b8434ce,https://catalog.data.gov/dataset/medicare-physician-other-practitioners-by-geography-and-service
2019,99201,retired-code lifecycle case,complete,210760,2,F|O,"New patient office or other outpatient visit, typically 10 minutes",673030ae-ceed-4561-8fca-b1275395a86a,http://data.cms.gov/data-api/v1/dataset/673030ae-ceed-4561-8fca-b1275395a86a/data?filter%5Bcondition%5D%5Bpath%5D=HCPCS_Cd&filter%5Bcondition%5D%5Boperator%5D=IN&filter%5Bcondition%5D%5Bvalue%5D%5B%5D=0001A&filter%5Bcondition%5D%5Bvalue%5D%5B%5D=36415&filter%5Bcondition%5D%5Bvalue%5D%5B%5D=45378&filter%5Bcondition%5D%5Bvalue%5D%5B%5D=66984&filter%5Bcondition%5D%5Bvalue%5D%5B%5D=77067&filter%5Bcondition%5D%5Bvalue%5D%5B%5D=90739&filter%5Bcondition%5D%5Bvalue%5D%5B%5D=94010&filter%5Bcondition%5D%5Bvalue%5D%5B%5D=97110&filter%5Bcondition%5D%5Bvalue%5D%5B%5D=99201&filter%5Bcondition%5D%5Bvalue%5D%5B%5D=99213&filter%5Bcondition%5D%5Bvalue%5D%5B%5D=99441&filter%5Bcondition%5D%5Bvalue%5D%5B%5D=G0121&filter%5Bcondition%5D%5Bvalue%5D%5B%5D=G2211&size=5000,jina_reader,a09d8cf2ae38f8dc7cab5a9e6a11b1140d7872bd7fb750bc88c46ad70b8434ce,https://catalog.data.gov/dataset/medicare-physician-other-practitioners-by-geography-and-service
2019,99213,mature high-volume E/M control,complete,92406908,2,F|O,"Established patient office or other outpatient visit, typically 15 minutes",673030ae-ceed-4561-8fca-b1275395a86a,http://data.cms.gov/data-api/v1/dataset/673030ae-ceed-4561-8fca-b1275395a86a/data?filter%5Bcondition%5D%5Bpath%5D=HCPCS_Cd&filter%5Bcondition%5D%5Boperator%5D=IN&filter%5Bcondition%5D%5Bvalue%5D%5B%5D=0001A&filter%5Bcondition%5D%5Bvalue%5D%5B%5D=36415&filter%5Bcondition%5D%5Bvalue%5D%5B%5D=45378&filter%5Bcondition%5D%5Bvalue%5D%5B%5D=66984&filter%5Bcondition%5D%5Bvalue%5D%5B%5D=77067&filter%5Bcondition%5D%5Bvalue%5D%5B%5D=90739&filter%5Bcondition%5D%5Bvalue%5D%5B%5D=94010&filter%5Bcondition%5D%5Bvalue%5D%5B%5D=97110&filter%5Bcondition%5D%5Bvalue%5D%5B%5D=99201&filter%5Bcondition%5D%5Bvalue%5D%5B%5D=99213&filter%5Bcondition%5D%5Bvalue%5D%5B%5D=99441&filter%5Bcondition%5D%5Bvalue%5D%5B%5D=G0121&filter%5Bcondition%5D%5Bvalue%5D%5B%5D=G2211&size=5000,jina_reader,a09d8cf2ae38f8dc7cab5a9e6a11b1140d7872bd7fb750bc88c46ad70b8434ce,https://catalog.data.gov/dataset/medicare-physician-other-practitioners-by-geography-and-service
2019,99441,known 2020 policy/PHE shock case,not_published,,0,,,673030ae-ceed-4561-8fca-b1275395a86a,http://data.cms.gov/data-api/v1/dataset/673030ae-ceed-4561-8fca-b1275395a86a/data?filter%5Bcondition%5D%5Bpath%5D=HCPCS_Cd&filter%5Bcondition%5D%5Boperator%5D=IN&filter%5Bcondition%5D%5Bvalue%5D%5B%5D=0001A&filter%5Bcondition%5D%5Bvalue%5D%5B%5D=36415&filter%5Bcondition%5D%5Bvalue%5D%5B%5D=45378&filter%5Bcondition%5D%5Bvalue%5D%5B%5D=66984&filter%5Bcondition%5D%5Bvalue%5D%5B%5D=77067&filter%5Bcondition%5D%5Bvalue%5D%5B%5D=90739&filter%5Bcondition%5D%5Bvalue%5D%5B%5D=94010&filter%5Bcondition%5D%5Bvalue%5D%5B%5D=97110&filter%5Bcondition%5D%5Bvalue%5D%5B%5D=99201&filter%5Bcondition%5D%5Bvalue%5D%5B%5D=99213&filter%5Bcondition%5D%5Bvalue%5D%5B%5D=99441&filter%5Bcondition%5D%5Bvalue%5D%5B%5D=G0121&filter%5Bcondition%5D%5Bvalue%5D%5B%5D=G2211&size=5000,jina_reader,a09d8cf2ae38f8dc7cab5a9e6a11b1140d7872bd7fb750bc88c46ad70b8434ce,https://catalog.data.gov/dataset/medicare-physician-other-practitioners-by-geography-and-service
2019,G0121,2020 screening candidate pool,complete,325521,2,F|O,Colorectal cancer screening; colonoscopy on individual not meeting criteria for high risk,673030ae-ceed-4561-8fca-b1275395a86a,http://data.cms.gov/data-api/v1/dataset/673030ae-ceed-4561-8fca-b1275395a86a/data?filter%5Bcondition%5D%5Bpath%5D=HCPCS_Cd&filter%5Bcondition%5D%5Boperator%5D=IN&filter%5Bcondition%5D%5Bvalue%5D%5B%5D=0001A&filter%5Bcondition%5D%5Bvalue%5D%5B%5D=36415&filter%5Bcondition%5D%5Bvalue%5D%5B%5D=45378&filter%5Bcondition%5D%5Bvalue%5D%5B%5D=66984&filter%5Bcondition%5D%5Bvalue%5D%5B%5D=77067&filter%5Bcondition%5D%5Bvalue%5D%5B%5D=90739&filter%5Bcondition%5D%5Bvalue%5D%5B%5D=94010&filter%5Bcondition%5D%5Bvalue%5D%5B%5D=97110&filter%5Bcondition%5D%5Bvalue%5D%5B%5D=99201&filter%5Bcondition%5D%5Bvalue%5D%5B%5D=99213&filter%5Bcondition%5D%5Bvalue%5D%5B%5D=99441&filter%5Bcondition%5D%5Bvalue%5D%5B%5D=G0121&filter%5Bcondition%5D%5Bvalue%5D%5B%5D=G2211&size=5000,jina_reader,a09d8cf2ae38f8dc7cab5a9e6a11b1140d7872bd7fb750bc88c46ad70b8434ce,https://catalog.data.gov/dataset/medicare-physician-other-practitioners-by-geography-and-service
2019,G2211,known 2024 implementation case,not_published,,0,,,673030ae-ceed-4561-8fca-b1275395a86a,http://data.cms.gov/data-api/v1/dataset/673030ae-ceed-4561-8fca-b1275395a86a/data?filter%5Bcondition%5D%5Bpath%5D=HCPCS_Cd&filter%5Bcondition%5D%5Boperator%5D=IN&filter%5Bcondition%5D%5Bvalue%5D%5B%5D=0001A&filter%5Bcondition%5D%5Bvalue%5D%5B%5D=36415&filter%5Bcondition%5D%5Bvalue%5D%5B%5D=45378&filter%5Bcondition%5D%5Bvalue%5D%5B%5D=66984&filter%5Bcondition%5D%5Bvalue%5D%5B%5D=77067&filter%5Bcondition%5D%5Bvalue%5D%5B%5D=90739&filter%5Bcondition%5D%5Bvalue%5D%5B%5D=94010&filter%5Bcondition%5D%5Bvalue%5D%5B%5D=97110&filter%5Bcondition%5D%5Bvalue%5D%5B%5D=99201&filter%5Bcondition%5D%5Bvalue%5D%5B%5D=99213&filter%5Bcondition%5D%5Bvalue%5D%5B%5D=99441&filter%5Bcondition%5D%5Bvalue%5D%5B%5D=G0121&filter%5Bcondition%5D%5Bvalue%5D%5B%5D=G2211&size=5000,jina_reader,a09d8cf2ae38f8dc7cab5a9e6a11b1140d7872bd7fb750bc88c46ad70b8434ce,https://catalog.data.gov/dataset/medicare-physician-other-practitioners-by-geography-and-service
2020,0001A,new-code / cold-start control,complete,159471,2,F|O,Adm sarscov2 30mcg/0.3ml 1st,31eb3018-43e0-4259-a0d8-e7a1112ffd08,http://data.cms.gov/data-api/v1/dataset/31eb3018-43e0-4259-a0d8-e7a1112ffd08/data?filter%5Bcondition%5D%5Bpath%5D=HCPCS_Cd&filter%5Bcondition%5D%5Boperator%5D=IN&filter%5Bcondition%5D%5Bvalue%5D%5B%5D=0001A&filter%5Bcondition%5D%5Bvalue%5D%5B%5D=36415&filter%5Bcondition%5D%5Bvalue%5D%5B%5D=45378&filter%5Bcondition%5D%5Bvalue%5D%5B%5D=66984&filter%5Bcondition%5D%5Bvalue%5D%5B%5D=77067&filter%5Bcondition%5D%5Bvalue%5D%5B%5D=90739&filter%5Bcondition%5D%5Bvalue%5D%5B%5D=94010&filter%5Bcondition%5D%5Bvalue%5D%5B%5D=97110&filter%5Bcondition%5D%5Bvalue%5D%5B%5D=99201&filter%5Bcondition%5D%5Bvalue%5D%5B%5D=99213&filter%5Bcondition%5D%5Bvalue%5D%5B%5D=99441&filter%5Bcondition%5D%5Bvalue%5D%5B%5D=G0121&filter%5Bcondition%5D%5Bvalue%5D%5B%5D=G2211&size=5000,jina_reader,22f4211f656b0077074c9370d7a1f3441728b11b0af2439a03b5f5563d73b1e0,https://catalog.data.gov/dataset/medicare-physician-other-practitioners-by-geography-and-service
2020,36415,high-volume comparison control,complete,41380550,2,F|O,Insertion of needle into vein for collection of blood sample,31eb3018-43e0-4259-a0d8-e7a1112ffd08,http://data.cms.gov/data-api/v1/dataset/31eb3018-43e0-4259-a0d8-e7a1112ffd08/data?filter%5Bcondition%5D%5Bpath%5D=HCPCS_Cd&filter%5Bcondition%5D%5Boperator%5D=IN&filter%5Bcondition%5D%5Bvalue%5D%5B%5D=0001A&filter%5Bcondition%5D%5Bvalue%5D%5B%5D=36415&filter%5Bcondition%5D%5Bvalue%5D%5B%5D=45378&filter%5Bcondition%5D%5Bvalue%5D%5B%5D=66984&filter%5Bcondition%5D%5Bvalue%5D%5B%5D=77067&filter%5Bcondition%5D%5Bvalue%5D%5B%5D=90739&filter%5Bcondition%5D%5Bvalue%5D%5B%5D=94010&filter%5Bcondition%5D%5Bvalue%5D%5B%5D=97110&filter%5Bcondition%5D%5Bvalue%5D%5B%5D=99201&filter%5Bcondition%5D%5Bvalue%5D%5B%5D=99213&filter%5Bcondition%5D%5Bvalue%5D%5B%5D=99441&filter%5Bcondition%5D%5Bvalue%5D%5B%5D=G0121&filter%5Bcondition%5D%5Bvalue%5D%5B%5D=G2211&size=5000,jina_reader,22f4211f656b0077074c9370d7a1f3441728b11b0af2439a03b5f5563d73b1e0,https://catalog.data.gov/dataset/medicare-physician-other-practitioners-by-geography-and-service
2020,45378,mature procedure comparison control,complete,368421,2,F|O,Diagnostic examination of large bowel using an endoscope,31eb3018-43e0-4259-a0d8-e7a1112ffd08,http://data.cms.gov/data-api/v1/dataset/31eb3018-43e0-4259-a0d8-e7a1112ffd08/data?filter%5Bcondition%5D%5Bpath%5D=HCPCS_Cd&filter%5Bcondition%5D%5Boperator%5D=IN&filter%5Bcondition%5D%5Bvalue%5D%5B%5D=0001A&filter%5Bcondition%5D%5Bvalue%5D%5B%5D=36415&filter%5Bcondition%5D%5Bvalue%5D%5B%5D=45378&filter%5Bcondition%5D%5Bvalue%5D%5B%5D=66984&filter%5Bcondition%5D%5Bvalue%5D%5B%5D=77067&filter%5Bcondition%5D%5Bvalue%5D%5B%5D=90739&filter%5Bcondition%5D%5Bvalue%5D%5B%5D=94010&filter%5Bcondition%5D%5Bvalue%5D%5B%5D=97110&filter%5Bcondition%5D%5Bvalue%5D%5B%5D=99201&filter%5Bcondition%5D%5Bvalue%5D%5B%5D=99213&filter%5Bcondition%5D%5Bvalue%5D%5B%5D=99441&filter%5Bcondition%5D%5Bvalue%5D%5B%5D=G0121&filter%5Bcondition%5D%5Bvalue%5D%5B%5D=G2211&size=5000,jina_reader,22f4211f656b0077074c9370d7a1f3441728b11b0af2439a03b5f5563d73b1e0,https://catalog.data.gov/dataset/medicare-physician-other-practitioners-by-geography-and-service
2020,66984,2020 elective-procedure candidate pool,complete,7498575,2,F|O,Removal of cataract with insertion of lens,31eb3018-43e0-4259-a0d8-e7a1112ffd08,http://data.cms.gov/data-api/v1/dataset/31eb3018-43e0-4259-a0d8-e7a1112ffd08/data?filter%5Bcondition%5D%5Bpath%5D=HCPCS_Cd&filter%5Bcondition%5D%5Boperator%5D=IN&filter%5Bcondition%5D%5Bvalue%5D%5B%5D=0001A&filter%5Bcondition%5D%5Bvalue%5D%5B%5D=36415&filter%5Bcondition%5D%5Bvalue%5D%5B%5D=45378&filter%5Bcondition%5D%5Bvalue%5D%5B%5D=66984&filter%5Bcondition%5D%5Bvalue%5D%5B%5D=77067&filter%5Bcondition%5D%5Bvalue%5D%5B%5D=90739&filter%5Bcondition%5D%5Bvalue%5D%5B%5D=94010&filter%5Bcondition%5D%5Bvalue%5D%5B%5D=97110&filter%5Bcondition%5D%5Bvalue%5D%5B%5D=99201&filter%5Bcondition%5D%5Bvalue%5D%5B%5D=99213&filter%5Bcondition%5D%5Bvalue%5D%5B%5D=99441&filter%5Bcondition%5D%5Bvalue%5D%5B%5D=G0121&filter%5Bcondition%5D%5Bvalue%5D%5B%5D=G2211&size=5000,jina_reader,22f4211f656b0077074c9370d7a1f3441728b11b0af2439a03b5f5563d73b1e0,https://catalog.data.gov/dataset/medicare-physician-other-practitioners-by-geography-and-service
2020,77067,2020 screening candidate pool,complete,5412081.5,2,F|O,Mammography of both breasts,31eb3018-43e0-4259-a0d8-e7a1112ffd08,http://data.cms.gov/data-api/v1/dataset/31eb3018-43e0-4259-a0d8-e7a1112ffd08/data?filter%5Bcondition%5D%5Bpath%5D=HCPCS_Cd&filter%5Bcondition%5D%5Boperator%5D=IN&filter%5Bcondition%5D%5Bvalue%5D%5B%5D=0001A&filter%5Bcondition%5D%5Bvalue%5D%5B%5D=36415&filter%5Bcondition%5D%5Bvalue%5D%5B%5D=45378&filter%5Bcondition%5D%5Bvalue%5D%5B%5D=66984&filter%5Bcondition%5D%5Bvalue%5D%5B%5D=77067&filter%5Bcondition%5D%5Bvalue%5D%5B%5D=90739&filter%5Bcondition%5D%5Bvalue%5D%5B%5D=94010&filter%5Bcondition%5D%5Bvalue%5D%5B%5D=97110&filter%5Bcondition%5D%5Bvalue%5D%5B%5D=99201&filter%5Bcondition%5D%5Bvalue%5D%5B%5D=99213&filter%5Bcondition%5D%5Bvalue%5D%5B%5D=99441&filter%5Bcondition%5D%5Bvalue%5D%5B%5D=G0121&filter%5Bcondition%5D%5Bvalue%5D%5B%5D=G2211&size=5000,jina_reader,22f4211f656b0077074c9370d7a1f3441728b11b0af2439a03b5f5563d73b1e0,https://catalog.data.gov/dataset/medicare-physician-other-practitioners-by-geography-and-service
2020,90739,previous negative case,complete,7787,2,F|O,Vaccine for hepatitis b adult dosage (2 dose schedule) injection into muscle,31eb3018-43e0-4259-a0d8-e7a1112ffd08,http://data.cms.gov/data-api/v1/dataset/31eb3018-43e0-4259-a0d8-e7a1112ffd08/data?filter%5Bcondition%5D%5Bpath%5D=HCPCS_Cd&filter%5Bcondition%5D%5Boperator%5D=IN&filter%5Bcondition%5D%5Bvalue%5D%5B%5D=0001A&filter%5Bcondition%5D%5Bvalue%5D%5B%5D=36415&filter%5Bcondition%5D%5Bvalue%5D%5B%5D=45378&filter%5Bcondition%5D%5Bvalue%5D%5B%5D=66984&filter%5Bcondition%5D%5Bvalue%5D%5B%5D=77067&filter%5Bcondition%5D%5Bvalue%5D%5B%5D=90739&filter%5Bcondition%5D%5Bvalue%5D%5B%5D=94010&filter%5Bcondition%5D%5Bvalue%5D%5B%5D=97110&filter%5Bcondition%5D%5Bvalue%5D%5B%5D=99201&filter%5Bcondition%5D%5Bvalue%5D%5B%5D=99213&filter%5Bcondition%5D%5Bvalue%5D%5B%5D=99441&filter%5Bcondition%5D%5Bvalue%5D%5B%5D=G0121&filter%5Bcondition%5D%5Bvalue%5D%5B%5D=G2211&size=5000,jina_reader,22f4211f656b0077074c9370d7a1f3441728b11b0af2439a03b5f5563d73b1e0,https://catalog.data.gov/dataset/medicare-physician-other-practitioners-by-geography-and-service
2020,94010,2020 respiratory-procedure candidate pool,complete,740591,2,F|O,Measurement and graphic recording of total and timed exhaled air capacity,31eb3018-43e0-4259-a0d8-e7a1112ffd08,http://data.cms.gov/data-api/v1/dataset/31eb3018-43e0-4259-a0d8-e7a1112ffd08/data?filter%5Bcondition%5D%5Bpath%5D=HCPCS_Cd&filter%5Bcondition%5D%5Boperator%5D=IN&filter%5Bcondition%5D%5Bvalue%5D%5B%5D=0001A&filter%5Bcondition%5D%5Bvalue%5D%5B%5D=36415&filter%5Bcondition%5D%5Bvalue%5D%5B%5D=45378&filter%5Bcondition%5D%5Bvalue%5D%5B%5D=66984&filter%5Bcondition%5D%5Bvalue%5D%5B%5D=77067&filter%5Bcondition%5D%5Bvalue%5D%5B%5D=90739&filter%5Bcondition%5D%5Bvalue%5D%5B%5D=94010&filter%5Bcondition%5D%5Bvalue%5D%5B%5D=97110&filter%5Bcondition%5D%5Bvalue%5D%5B%5D=99201&filter%5Bcondition%5D%5Bvalue%5D%5B%5D=99213&filter%5Bcondition%5D%5Bvalue%5D%5B%5D=99441&filter%5Bcondition%5D%5Bvalue%5D%5B%5D=G0121&filter%5Bcondition%5D%5Bvalue%5D%5B%5D=G2211&size=5000,jina_reader,22f4211f656b0077074c9370d7a1f3441728b11b0af2439a03b5f5563d73b1e0,https://catalog.data.gov/dataset/medicare-physician-other-practitioners-by-geography-and-service
2020,97110,2020 rehabilitation candidate pool,complete,48667429.4,2,F|O,"Therapeutic exercise to develop strength, endurance, range of motion, and flexibility, each 15 minutes",31eb3018-43e0-4259-a0d8-e7a1112ffd08,http://data.cms.gov/data-api/v1/dataset/31eb3018-43e0-4259-a0d8-e7a1112ffd08/data?filter%5Bcondition%5D%5Bpath%5D=HCPCS_Cd&filter%5Bcondition%5D%5Boperator%5D=IN&filter%5Bcondition%5D%5Bvalue%5D%5B%5D=0001A&filter%5Bcondition%5D%5Bvalue%5D%5B%5D=36415&filter%5Bcondition%5D%5Bvalue%5D%5B%5D=45378&filter%5Bcondition%5D%5Bvalue%5D%5B%5D=66984&filter%5Bcondition%5D%5Bvalue%5D%5B%5D=77067&filter%5Bcondition%5D%5Bvalue%5D%5B%5D=90739&filter%5Bcondition%5D%5Bvalue%5D%5B%5D=94010&filter%5Bcondition%5D%5Bvalue%5D%5B%5D=97110&filter%5Bcondition%5D%5Bvalue%5D%5B%5D=99201&filter%5Bcondition%5D%5Bvalue%5D%5B%5D=99213&filter%5Bcondition%5D%5Bvalue%5D%5B%5D=99441&filter%5Bcondition%5D%5Bvalue%5D%5B%5D=G0121&filter%5Bcondition%5D%5Bvalue%5D%5B%5D=G2211&size=5000,jina_reader,22f4211f656b0077074c9370d7a1f3441728b11b0af2439a03b5f5563d73b1e0,https://catalog.data.gov/dataset/medicare-physician-other-practitioners-by-geography-and-service
2020,99201,retired-code lifecycle case,complete,226969,2,F|O,"New patient office or other outpatient visit, typically 10 minutes",31eb3018-43e0-4259-a0d8-e7a1112ffd08,http://data.cms.gov/data-api/v1/dataset/31eb3018-43e0-4259-a0d8-e7a1112ffd08/data?filter%5Bcondition%5D%5Bpath%5D=HCPCS_Cd&filter%5Bcondition%5D%5Boperator%5D=IN&filter%5Bcondition%5D%5Bvalue%5D%5B%5D=0001A&filter%5Bcondition%5D%5Bvalue%5D%5B%5D=36415&filter%5Bcondition%5D%5Bvalue%5D%5B%5D=45378&filter%5Bcondition%5D%5Bvalue%5D%5B%5D=66984&filter%5Bcondition%5D%5Bvalue%5D%5B%5D=77067&filter%5Bcondition%5D%5Bvalue%5D%5B%5D=90739&filter%5Bcondition%5D%5Bvalue%5D%5B%5D=94010&filter%5Bcondition%5D%5Bvalue%5D%5B%5D=97110&filter%5Bcondition%5D%5Bvalue%5D%5B%5D=99201&filter%5Bcondition%5D%5Bvalue%5D%5B%5D=99213&filter%5Bcondition%5D%5Bvalue%5D%5B%5D=99441&filter%5Bcondition%5D%5Bvalue%5D%5B%5D=G0121&filter%5Bcondition%5D%5Bvalue%5D%5B%5D=G2211&size=5000,jina_reader,22f4211f656b0077074c9370d7a1f3441728b11b0af2439a03b5f5563d73b1e0,https://catalog.data.gov/dataset/medicare-physician-other-practitioners-by-geography-and-service
2020,99213,mature high-volume E/M control,complete,76060526.8,2,F|O,"Established patient office or other outpatient visit, typically 15 minutes",31eb3018-43e0-4259-a0d8-e7a1112ffd08,http://data.cms.gov/data-api/v1/dataset/31eb3018-43e0-4259-a0d8-e7a1112ffd08/data?filter%5Bcondition%5D%5Bpath%5D=HCPCS_Cd&filter%5Bcondition%5D%5Boperator%5D=IN&filter%5Bcondition%5D%5Bvalue%5D%5B%5D=0001A&filter%5Bcondition%5D%5Bvalue%5D%5B%5D=36415&filter%5Bcondition%5D%5Bvalue%5D%5B%5D=45378&filter%5Bcondition%5D%5Bvalue%5D%5B%5D=66984&filter%5Bcondition%5D%5Bvalue%5D%5B%5D=77067&filter%5Bcondition%5D%5Bvalue%5D%5B%5D=90739&filter%5Bcondition%5D%5Bvalue%5D%5B%5D=94010&filter%5Bcondition%5D%5Bvalue%5D%5B%5D=97110&filter%5Bcondition%5D%5Bvalue%5D%5B%5D=99201&filter%5Bcondition%5D%5Bvalue%5D%5B%5D=99213&filter%5Bcondition%5D%5Bvalue%5D%5B%5D=99441&filter%5Bcondition%5D%5Bvalue%5D%5B%5D=G0121&filter%5Bcondition%5D%5Bvalue%5D%5B%5D=G2211&size=5000,jina_reader,22f4211f656b0077074c9370d7a1f3441728b11b0af2439a03b5f5563d73b1e0,https://catalog.data.gov/dataset/medicare-physician-other-practitioners-by-geography-and-service
2020,99441,known 2020 policy/PHE shock case,complete,2136114,2,F|O,"Physician telephone patient service, 5-10 minutes of medical discussion",31eb3018-43e0-4259-a0d8-e7a1112ffd08,http://data.cms.gov/data-api/v1/dataset/31eb3018-43e0-4259-a0d8-e7a1112ffd08/data?filter%5Bcondition%5D%5Bpath%5D=HCPCS_Cd&filter%5Bcondition%5D%5Boperator%5D=IN&filter%5Bcondition%5D%5Bvalue%5D%5B%5D=0001A&filter%5Bcondition%5D%5Bvalue%5D%5B%5D=36415&filter%5Bcondition%5D%5Bvalue%5D%5B%5D=45378&filter%5Bcondition%5D%5Bvalue%5D%5B%5D=66984&filter%5Bcondition%5D%5Bvalue%5D%5B%5D=77067&filter%5Bcondition%5D%5Bvalue%5D%5B%5D=90739&filter%5Bcondition%5D%5Bvalue%5D%5B%5D=94010&filter%5Bcondition%5D%5Bvalue%5D%5B%5D=97110&filter%5Bcondition%5D%5Bvalue%5D%5B%5D=99201&filter%5Bcondition%5D%5Bvalue%5D%5B%5D=99213&filter%5Bcondition%5D%5Bvalue%5D%5B%5D=99441&filter%5Bcondition%5D%5Bvalue%5D%5B%5D=G0121&filter%5Bcondition%5D%5Bvalue%5D%5B%5D=G2211&size=5000,jina_reader,22f4211f656b0077074c9370d7a1f3441728b11b0af2439a03b5f5563d73b1e0,https://catalog.data.gov/dataset/medicare-physician-other-practitioners-by-geography-and-service
2020,G0121,2020 screening candidate pool,complete,211856,2,F|O,Colorectal cancer screening; colonoscopy on individual not meeting criteria for high risk,31eb3018-43e0-4259-a0d8-e7a1112ffd08,http://data.cms.gov/data-api/v1/dataset/31eb3018-43e0-4259-a0d8-e7a1112ffd08/data?filter%5Bcondition%5D%5Bpath%5D=HCPCS_Cd&filter%5Bcondition%5D%5Boperator%5D=IN&filter%5Bcondition%5D%5Bvalue%5D%5B%5D=0001A&filter%5Bcondition%5D%5Bvalue%5D%5B%5D=36415&filter%5Bcondition%5D%5Bvalue%5D%5B%5D=45378&filter%5Bcondition%5D%5Bvalue%5D%5B%5D=66984&filter%5Bcondition%5D%5Bvalue%5D%5B%5D=77067&filter%5Bcondition%5D%5Bvalue%5D%5B%5D=90739&filter%5Bcondition%5D%5Bvalue%5D%5B%5D=94010&filter%5Bcondition%5D%5Bvalue%5D%5B%5D=97110&filter%5Bcondition%5D%5Bvalue%5D%5B%5D=99201&filter%5Bcondition%5D%5Bvalue%5D%5B%5D=99213&filter%5Bcondition%5D%5Bvalue%5D%5B%5D=99441&filter%5Bcondition%5D%5Bvalue%5D%5B%5D=G0121&filter%5Bcondition%5D%5Bvalue%5D%5B%5D=G2211&size=5000,jina_reader,22f4211f656b0077074c9370d7a1f3441728b11b0af2439a03b5f5563d73b1e0,https://catalog.data.gov/dataset/medicare-physician-other-practitioners-by-geography-and-service
2020,G2211,known 2024 implementation case,not_published,,0,,,31eb3018-43e0-4259-a0d8-e7a1112ffd08,http://data.cms.gov/data-api/v1/dataset/31eb3018-43e0-4259-a0d8-e7a1112ffd08/data?filter%5Bcondition%5D%5Bpath%5D=HCPCS_Cd&filter%5Bcondition%5D%5Boperator%5D=IN&filter%5Bcondition%5D%5Bvalue%5D%5B%5D=0001A&filter%5Bcondition%5D%5Bvalue%5D%5B%5D=36415&filter%5Bcondition%5D%5Bvalue%5D%5B%5D=45378&filter%5Bcondition%5D%5Bvalue%5D%5B%5D=66984&filter%5Bcondition%5D%5Bvalue%5D%5B%5D=77067&filter%5Bcondition%5D%5Bvalue%5D%5B%5D=90739&filter%5Bcondition%5D%5Bvalue%5D%5B%5D=94010&filter%5Bcondition%5D%5Bvalue%5D%5B%5D=97110&filter%5Bcondition%5D%5Bvalue%5D%5B%5D=99201&filter%5Bcondition%5D%5Bvalue%5D%5B%5D=99213&filter%5Bcondition%5D%5Bvalue%5D%5B%5D=99441&filter%5Bcondition%5D%5Bvalue%5D%5B%5D=G0121&filter%5Bcondition%5D%5Bvalue%5D%5B%5D=G2211&size=5000,jina_reader,22f4211f656b0077074c9370d7a1f3441728b11b0af2439a03b5f5563d73b1e0,https://catalog.data.gov/dataset/medicare-physician-other-practitioners-by-geography-and-service
2021,0001A,new-code / cold-start control,complete,9372455.7,2,F|O,Adm sarscov2 30mcg/0.3ml 1st,f00f462f-bb61-48b1-a321-1c50d78ce175,http://data.cms.gov/data-api/v1/dataset/f00f462f-bb61-48b1-a321-1c50d78ce175/data?filter%5Bcondition%5D%5Bpath%5D=HCPCS_Cd&filter%5Bcondition%5D%5Boperator%5D=IN&filter%5Bcondition%5D%5Bvalue%5D%5B%5D=0001A&filter%5Bcondition%5D%5Bvalue%5D%5B%5D=36415&filter%5Bcondition%5D%5Bvalue%5D%5B%5D=45378&filter%5Bcondition%5D%5Bvalue%5D%5B%5D=66984&filter%5Bcondition%5D%5Bvalue%5D%5B%5D=77067&filter%5Bcondition%5D%5Bvalue%5D%5B%5D=90739&filter%5Bcondition%5D%5Bvalue%5D%5B%5D=94010&filter%5Bcondition%5D%5Bvalue%5D%5B%5D=97110&filter%5Bcondition%5D%5Bvalue%5D%5B%5D=99201&filter%5Bcondition%5D%5Bvalue%5D%5B%5D=99213&filter%5Bcondition%5D%5Bvalue%5D%5B%5D=99441&filter%5Bcondition%5D%5Bvalue%5D%5B%5D=G0121&filter%5Bcondition%5D%5Bvalue%5D%5B%5D=G2211&size=5000,jina_reader,5cf84d05c358407539fce69279d8c0a28714382fadea7cab497cb380618688a3,https://catalog.data.gov/dataset/medicare-physician-other-practitioners-by-geography-and-service
2021,36415,high-volume comparison control,complete,42365821.1,2,F|O,Insertion of needle into vein for collection of blood sample,f00f462f-bb61-48b1-a321-1c50d78ce175,http://data.cms.gov/data-api/v1/dataset/f00f462f-bb61-48b1-a321-1c50d78ce175/data?filter%5Bcondition%5D%5Bpath%5D=HCPCS_Cd&filter%5Bcondition%5D%5Boperator%5D=IN&filter%5Bcondition%5D%5Bvalue%5D%5B%5D=0001A&filter%5Bcondition%5D%5Bvalue%5D%5B%5D=36415&filter%5Bcondition%5D%5Bvalue%5D%5B%5D=45378&filter%5Bcondition%5D%5Bvalue%5D%5B%5D=66984&filter%5Bcondition%5D%5Bvalue%5D%5B%5D=77067&filter%5Bcondition%5D%5Bvalue%5D%5B%5D=90739&filter%5Bcondition%5D%5Bvalue%5D%5B%5D=94010&filter%5Bcondition%5D%5Bvalue%5D%5B%5D=97110&filter%5Bcondition%5D%5Bvalue%5D%5B%5D=99201&filter%5Bcondition%5D%5Bvalue%5D%5B%5D=99213&filter%5Bcondition%5D%5Bvalue%5D%5B%5D=99441&filter%5Bcondition%5D%5Bvalue%5D%5B%5D=G0121&filter%5Bcondition%5D%5Bvalue%5D%5B%5D=G2211&size=5000,jina_reader,5cf84d05c358407539fce69279d8c0a28714382fadea7cab497cb380618688a3,https://catalog.data.gov/dataset/medicare-physician-other-practitioners-by-geography-and-service
2021,45378,mature procedure comparison control,complete,383846,2,F|O,Diagnostic examination of the colon (large bowel) using an endoscope(colonoscopy); high risk,f00f462f-bb61-48b1-a321-1c50d78ce175,http://data.cms.gov/data-api/v1/dataset/f00f462f-bb61-48b1-a321-1c50d78ce175/data?filter%5Bcondition%5D%5Bpath%5D=HCPCS_Cd&filter%5Bcondition%5D%5Boperator%5D=IN&filter%5Bcondition%5D%5Bvalue%5D%5B%5D=0001A&filter%5Bcondition%5D%5Bvalue%5D%5B%5D=36415&filter%5Bcondition%5D%5Bvalue%5D%5B%5D=45378&filter%5Bcondition%5D%5Bvalue%5D%5B%5D=66984&filter%5Bcondition%5D%5Bvalue%5D%5B%5D=77067&filter%5Bcondition%5D%5Bvalue%5D%5B%5D=90739&filter%5Bcondition%5D%5Bvalue%5D%5B%5D=94010&filter%5Bcondition%5D%5Bvalue%5D%5B%5D=97110&filter%5Bcondition%5D%5Bvalue%5D%5B%5D=99201&filter%5Bcondition%5D%5Bvalue%5D%5B%5D=99213&filter%5Bcondition%5D%5Bvalue%5D%5B%5D=99441&filter%5Bcondition%5D%5Bvalue%5D%5B%5D=G0121&filter%5Bcondition%5D%5Bvalue%5D%5B%5D=G2211&size=5000,jina_reader,5cf84d05c358407539fce69279d8c0a28714382fadea7cab497cb380618688a3,https://catalog.data.gov/dataset/medicare-physician-other-practitioners-by-geography-and-service
2021,66984,2020 elective-procedure candidate pool,complete,8957671,2,F|O,"Removal of cataract with insertion of lens, simple",f00f462f-bb61-48b1-a321-1c50d78ce175,http://data.cms.gov/data-api/v1/dataset/f00f462f-bb61-48b1-a321-1c50d78ce175/data?filter%5Bcondition%5D%5Bpath%5D=HCPCS_Cd&filter%5Bcondition%5D%5Boperator%5D=IN&filter%5Bcondition%5D%5Bvalue%5D%5B%5D=0001A&filter%5Bcondition%5D%5Bvalue%5D%5B%5D=36415&filter%5Bcondition%5D%5Bvalue%5D%5B%5D=45378&filter%5Bcondition%5D%5Bvalue%5D%5B%5D=66984&filter%5Bcondition%5D%5Bvalue%5D%5B%5D=77067&filter%5Bcondition%5D%5Bvalue%5D%5B%5D=90739&filter%5Bcondition%5D%5Bvalue%5D%5B%5D=94010&filter%5Bcondition%5D%5Bvalue%5D%5B%5D=97110&filter%5Bcondition%5D%5Bvalue%5D%5B%5D=99201&filter%5Bcondition%5D%5Bvalue%5D%5B%5D=99213&filter%5Bcondition%5D%5Bvalue%5D%5B%5D=99441&filter%5Bcondition%5D%5Bvalue%5D%5B%5D=G0121&filter%5Bcondition%5D%5Bvalue%5D%5B%5D=G2211&size=5000,jina_reader,5cf84d05c358407539fce69279d8c0a28714382fadea7cab497cb380618688a3,https://catalog.data.gov/dataset/medicare-physician-other-practitioners-by-geography-and-service
2021,77067,2020 screening candidate pool,complete,6051811,2,F|O,Screening mammography of both breasts,f00f462f-bb61-48b1-a321-1c50d78ce175,http://data.cms.gov/data-api/v1/dataset/f00f462f-bb61-48b1-a321-1c50d78ce175/data?filter%5Bcondition%5D%5Bpath%5D=HCPCS_Cd&filter%5Bcondition%5D%5Boperator%5D=IN&filter%5Bcondition%5D%5Bvalue%5D%5B%5D=0001A&filter%5Bcondition%5D%5Bvalue%5D%5B%5D=36415&filter%5Bcondition%5D%5Bvalue%5D%5B%5D=45378&filter%5Bcondition%5D%5Bvalue%5D%5B%5D=66984&filter%5Bcondition%5D%5Bvalue%5D%5B%5D=77067&filter%5Bcondition%5D%5Bvalue%5D%5B%5D=90739&filter%5Bcondition%5D%5Bvalue%5D%5B%5D=94010&filter%5Bcondition%5D%5Bvalue%5D%5B%5D=97110&filter%5Bcondition%5D%5Bvalue%5D%5B%5D=99201&filter%5Bcondition%5D%5Bvalue%5D%5B%5D=99213&filter%5Bcondition%5D%5Bvalue%5D%5B%5D=99441&filter%5Bcondition%5D%5Bvalue%5D%5B%5D=G0121&filter%5Bcondition%5D%5Bvalue%5D%5B%5D=G2211&size=5000,jina_reader,5cf84d05c358407539fce69279d8c0a28714382fadea7cab497cb380618688a3,https://catalog.data.gov/dataset/medicare-physician-other-practitioners-by-geography-and-service
2021,90739,previous negative case,complete,6483,2,F|O,Vaccine for hepatitis b adult dosage (2 dose schedule) injection into muscle,f00f462f-bb61-48b1-a321-1c50d78ce175,http://data.cms.gov/data-api/v1/dataset/f00f462f-bb61-48b1-a321-1c50d78ce175/data?filter%5Bcondition%5D%5Bpath%5D=HCPCS_Cd&filter%5Bcondition%5D%5Boperator%5D=IN&filter%5Bcondition%5D%5Bvalue%5D%5B%5D=0001A&filter%5Bcondition%5D%5Bvalue%5D%5B%5D=36415&filter%5Bcondition%5D%5Bvalue%5D%5B%5D=45378&filter%5Bcondition%5D%5Bvalue%5D%5B%5D=66984&filter%5Bcondition%5D%5Bvalue%5D%5B%5D=77067&filter%5Bcondition%5D%5Bvalue%5D%5B%5D=90739&filter%5Bcondition%5D%5Bvalue%5D%5B%5D=94010&filter%5Bcondition%5D%5Bvalue%5D%5B%5D=97110&filter%5Bcondition%5D%5Bvalue%5D%5B%5D=99201&filter%5Bcondition%5D%5Bvalue%5D%5B%5D=99213&filter%5Bcondition%5D%5Bvalue%5D%5B%5D=99441&filter%5Bcondition%5D%5Bvalue%5D%5B%5D=G0121&filter%5Bcondition%5D%5Bvalue%5D%5B%5D=G2211&size=5000,jina_reader,5cf84d05c358407539fce69279d8c0a28714382fadea7cab497cb380618688a3,https://catalog.data.gov/dataset/medicare-physician-other-practitioners-by-geography-and-service
2021,94010,2020 respiratory-procedure candidate pool,complete,783787,2,F|O,Measurement and graphic recording of total and timed exhaled air capacity,f00f462f-bb61-48b1-a321-1c50d78ce175,http://data.cms.gov/data-api/v1/dataset/f00f462f-bb61-48b1-a321-1c50d78ce175/data?filter%5Bcondition%5D%5Bpath%5D=HCPCS_Cd&filter%5Bcondition%5D%5Boperator%5D=IN&filter%5Bcondition%5D%5Bvalue%5D%5B%5D=0001A&filter%5Bcondition%5D%5Bvalue%5D%5B%5D=36415&filter%5Bcondition%5D%5Bvalue%5D%5B%5D=45378&filter%5Bcondition%5D%5Bvalue%5D%5B%5D=66984&filter%5Bcondition%5D%5Bvalue%5D%5B%5D=77067&filter%5Bcondition%5D%5Bvalue%5D%5B%5D=90739&filter%5Bcondition%5D%5Bvalue%5D%5B%5D=94010&filter%5Bcondition%5D%5Bvalue%5D%5B%5D=97110&filter%5Bcondition%5D%5Bvalue%5D%5B%5D=99201&filter%5Bcondition%5D%5Bvalue%5D%5B%5D=99213&filter%5Bcondition%5D%5Bvalue%5D%5B%5D=99441&filter%5Bcondition%5D%5Bvalue%5D%5B%5D=G0121&filter%5Bcondition%5D%5Bvalue%5D%5B%5D=G2211&size=5000,jina_reader,5cf84d05c358407539fce69279d8c0a28714382fadea7cab497cb380618688a3,https://catalog.data.gov/dataset/medicare-physician-other-practitioners-by-geography-and-service
2021,97110,2020 rehabilitation candidate pool,complete,58723464.4,2,F|O,"Therapeutic exercise to develop strength, endurance, range of motion, and flexibility, each 15 minutes",f00f462f-bb61-48b1-a321-1c50d78ce175,http://data.cms.gov/data-api/v1/dataset/f00f462f-bb61-48b1-a321-1c50d78ce175/data?filter%5Bcondition%5D%5Bpath%5D=HCPCS_Cd&filter%5Bcondition%5D%5Boperator%5D=IN&filter%5Bcondition%5D%5Bvalue%5D%5B%5D=0001A&filter%5Bcondition%5D%5Bvalue%5D%5B%5D=36415&filter%5Bcondition%5D%5Bvalue%5D%5B%5D=45378&filter%5Bcondition%5D%5Bvalue%5D%5B%5D=66984&filter%5Bcondition%5D%5Bvalue%5D%5B%5D=77067&filter%5Bcondition%5D%5Bvalue%5D%5B%5D=90739&filter%5Bcondition%5D%5Bvalue%5D%5B%5D=94010&filter%5Bcondition%5D%5Bvalue%5D%5B%5D=97110&filter%5Bcondition%5D%5Bvalue%5D%5B%5D=99201&filter%5Bcondition%5D%5Bvalue%5D%5B%5D=99213&filter%5Bcondition%5D%5Bvalue%5D%5B%5D=99441&filter%5Bcondition%5D%5Bvalue%5D%5B%5D=G0121&filter%5Bcondition%5D%5Bvalue%5D%5B%5D=G2211&size=5000,jina_reader,5cf84d05c358407539fce69279d8c0a28714382fadea7cab497cb380618688a3,https://catalog.data.gov/dataset/medicare-physician-other-practitioners-by-geography-and-service
2021,99201,retired-code lifecycle case,not_published,,0,,,f00f462f-bb61-48b1-a321-1c50d78ce175,http://data.cms.gov/data-api/v1/dataset/f00f462f-bb61-48b1-a321-1c50d78ce175/data?filter%5Bcondition%5D%5Bpath%5D=HCPCS_Cd&filter%5Bcondition%5D%5Boperator%5D=IN&filter%5Bcondition%5D%5Bvalue%5D%5B%5D=0001A&filter%5Bcondition%5D%5Bvalue%5D%5B%5D=36415&filter%5Bcondition%5D%5Bvalue%5D%5B%5D=45378&filter%5Bcondition%5D%5Bvalue%5D%5B%5D=66984&filter%5Bcondition%5D%5Bvalue%5D%5B%5D=77067&filter%5Bcondition%5D%5Bvalue%5D%5B%5D=90739&filter%5Bcondition%5D%5Bvalue%5D%5B%5D=94010&filter%5Bcondition%5D%5Bvalue%5D%5B%5D=97110&filter%5Bcondition%5D%5Bvalue%5D%5B%5D=99201&filter%5Bcondition%5D%5Bvalue%5D%5B%5D=99213&filter%5Bcondition%5D%5Bvalue%5D%5B%5D=99441&filter%5Bcondition%5D%5Bvalue%5D%5B%5D=G0121&filter%5Bcondition%5D%5Bvalue%5D%5B%5D=G2211&size=5000,jina_reader,5cf84d05c358407539fce69279d8c0a28714382fadea7cab497cb380618688a3,https://catalog.data.gov/dataset/medicare-physician-other-practitioners-by-geography-and-service
2021,99213,mature high-volume E/M control,complete,75821720.7,2,F|O,"Established patient outpatient visit, total time 20-29 minutes",f00f462f-bb61-48b1-a321-1c50d78ce175,http://data.cms.gov/data-api/v1/dataset/f00f462f-bb61-48b1-a321-1c50d78ce175/data?filter%5Bcondition%5D%5Bpath%5D=HCPCS_Cd&filter%5Bcondition%5D%5Boperator%5D=IN&filter%5Bcondition%5D%5Bvalue%5D%5B%5D=0001A&filter%5Bcondition%5D%5Bvalue%5D%5B%5D=36415&filter%5Bcondition%5D%5Bvalue%5D%5B%5D=45378&filter%5Bcondition%5D%5Bvalue%5D%5B%5D=66984&filter%5Bcondition%5D%5Bvalue%5D%5B%5D=77067&filter%5Bcondition%5D%5Bvalue%5D%5B%5D=90739&filter%5Bcondition%5D%5Bvalue%5D%5B%5D=94010&filter%5Bcondition%5D%5Bvalue%5D%5B%5D=97110&filter%5Bcondition%5D%5Bvalue%5D%5B%5D=99201&filter%5Bcondition%5D%5Bvalue%5D%5B%5D=99213&filter%5Bcondition%5D%5Bvalue%5D%5B%5D=99441&filter%5Bcondition%5D%5Bvalue%5D%5B%5D=G0121&filter%5Bcondition%5D%5Bvalue%5D%5B%5D=G2211&size=5000,jina_reader,5cf84d05c358407539fce69279d8c0a28714382fadea7cab497cb380618688a3,https://catalog.data.gov/dataset/medicare-physician-other-practitioners-by-geography-and-service
2021,99441,known 2020 policy/PHE shock case,complete,1161563,2,F|O,"Physician telephone patient service, 5-10 minutes of medical discussion",f00f462f-bb61-48b1-a321-1c50d78ce175,http://data.cms.gov/data-api/v1/dataset/f00f462f-bb61-48b1-a321-1c50d78ce175/data?filter%5Bcondition%5D%5Bpath%5D=HCPCS_Cd&filter%5Bcondition%5D%5Boperator%5D=IN&filter%5Bcondition%5D%5Bvalue%5D%5B%5D=0001A&filter%5Bcondition%5D%5Bvalue%5D%5B%5D=36415&filter%5Bcondition%5D%5Bvalue%5D%5B%5D=45378&filter%5Bcondition%5D%5Bvalue%5D%5B%5D=66984&filter%5Bcondition%5D%5Bvalue%5D%5B%5D=77067&filter%5Bcondition%5D%5Bvalue%5D%5B%5D=90739&filter%5Bcondition%5D%5Bvalue%5D%5B%5D=94010&filter%5Bcondition%5D%5Bvalue%5D%5B%5D=97110&filter%5Bcondition%5D%5Bvalue%5D%5B%5D=99201&filter%5Bcondition%5D%5Bvalue%5D%5B%5D=99213&filter%5Bcondition%5D%5Bvalue%5D%5B%5D=99441&filter%5Bcondition%5D%5Bvalue%5D%5B%5D=G0121&filter%5Bcondition%5D%5Bvalue%5D%5B%5D=G2211&size=5000,jina_reader,5cf84d05c358407539fce69279d8c0a28714382fadea7cab497cb380618688a3,https://catalog.data.gov/dataset/medicare-physician-other-practitioners-by-geography-and-service
2021,G0121,2020 screening candidate pool,complete,269836,2,F|O,Colorectal cancer screening; colonoscopy on individual not meeting criteria for high risk,f00f462f-bb61-48b1-a321-1c50d78ce175,http://data.cms.gov/data-api/v1/dataset/f00f462f-bb61-48b1-a321-1c50d78ce175/data?filter%5Bcondition%5D%5Bpath%5D=HCPCS_Cd&filter%5Bcondition%5D%5Boperator%5D=IN&filter%5Bcondition%5D%5Bvalue%5D%5B%5D=0001A&filter%5Bcondition%5D%5Bvalue%5D%5B%5D=36415&filter%5Bcondition%5D%5Bvalue%5D%5B%5D=45378&filter%5Bcondition%5D%5Bvalue%5D%5B%5D=66984&filter%5Bcondition%5D%5Bvalue%5D%5B%5D=77067&filter%5Bcondition%5D%5Bvalue%5D%5B%5D=90739&filter%5Bcondition%5D%5Bvalue%5D%5B%5D=94010&filter%5Bcondition%5D%5Bvalue%5D%5B%5D=97110&filter%5Bcondition%5D%5Bvalue%5D%5B%5D=99201&filter%5Bcondition%5D%5Bvalue%5D%5B%5D=99213&filter%5Bcondition%5D%5Bvalue%5D%5B%5D=99441&filter%5Bcondition%5D%5Bvalue%5D%5B%5D=G0121&filter%5Bcondition%5D%5Bvalue%5D%5B%5D=G2211&size=5000,jina_reader,5cf84d05c358407539fce69279d8c0a28714382fadea7cab497cb380618688a3,https://catalog.data.gov/dataset/medicare-physician-other-practitioners-by-geography-and-service
2021,G2211,known 2024 implementation case,not_published,,0,,,f00f462f-bb61-48b1-a321-1c50d78ce175,http://data.cms.gov/data-api/v1/dataset/f00f462f-bb61-48b1-a321-1c50d78ce175/data?filter%5Bcondition%5D%5Bpath%5D=HCPCS_Cd&filter%5Bcondition%5D%5Boperator%5D=IN&filter%5Bcondition%5D%5Bvalue%5D%5B%5D=0001A&filter%5Bcondition%5D%5Bvalue%5D%5B%5D=36415&filter%5Bcondition%5D%5Bvalue%5D%5B%5D=45378&filter%5Bcondition%5D%5Bvalue%5D%5B%5D=66984&filter%5Bcondition%5D%5Bvalue%5D%5B%5D=77067&filter%5Bcondition%5D%5Bvalue%5D%5B%5D=90739&filter%5Bcondition%5D%5Bvalue%5D%5B%5D=94010&filter%5Bcondition%5D%5Bvalue%5D%5B%5D=97110&filter%5Bcondition%5D%5Bvalue%5D%5B%5D=99201&filter%5Bcondition%5D%5Bvalue%5D%5B%5D=99213&filter%5Bcondition%5D%5Bvalue%5D%5B%5D=99441&filter%5Bcondition%5D%5Bvalue%5D%5B%5D=G0121&filter%5Bcondition%5D%5Bvalue%5D%5B%5D=G2211&size=5000,jina_reader,5cf84d05c358407539fce69279d8c0a28714382fadea7cab497cb380618688a3,https://catalog.data.gov/dataset/medicare-physician-other-practitioners-by-geography-and-service
2022,0001A,new-code / cold-start control,complete,57053,2,F|O,"Intramuscular administration of single severe acute respiratory syndrome coronavirus 2 (covid-19) vaccine, mrna-lnp, spike protein, preservative free, 30 mcg/0.3ml dosage, diluent reconstituted; first dose",87304f15-9ed0-41dc-a141-6141a0327453,http://data.cms.gov/data-api/v1/dataset/87304f15-9ed0-41dc-a141-6141a0327453/data?filter%5Bcondition%5D%5Bpath%5D=HCPCS_Cd&filter%5Bcondition%5D%5Boperator%5D=IN&filter%5Bcondition%5D%5Bvalue%5D%5B%5D=0001A&filter%5Bcondition%5D%5Bvalue%5D%5B%5D=36415&filter%5Bcondition%5D%5Bvalue%5D%5B%5D=45378&filter%5Bcondition%5D%5Bvalue%5D%5B%5D=66984&filter%5Bcondition%5D%5Bvalue%5D%5B%5D=77067&filter%5Bcondition%5D%5Bvalue%5D%5B%5D=90739&filter%5Bcondition%5D%5Bvalue%5D%5B%5D=94010&filter%5Bcondition%5D%5Bvalue%5D%5B%5D=97110&filter%5Bcondition%5D%5Bvalue%5D%5B%5D=99201&filter%5Bcondition%5D%5Bvalue%5D%5B%5D=99213&filter%5Bcondition%5D%5Bvalue%5D%5B%5D=99441&filter%5Bcondition%5D%5Bvalue%5D%5B%5D=G0121&filter%5Bcondition%5D%5Bvalue%5D%5B%5D=G2211&size=5000,jina_reader,8287538f5f288c26687cceba9daeb68a50ffdf11a65cf71992c6fbcbc57baba7,https://catalog.data.gov/dataset/medicare-physician-other-practitioners-by-geography-and-service
2022,36415,high-volume comparison control,complete,40881177,2,F|O,Insertion of needle into vein for collection of blood sample,87304f15-9ed0-41dc-a141-6141a0327453,http://data.cms.gov/data-api/v1/dataset/87304f15-9ed0-41dc-a141-6141a0327453/data?filter%5Bcondition%5D%5Bpath%5D=HCPCS_Cd&filter%5Bcondition%5D%5Boperator%5D=IN&filter%5Bcondition%5D%5Bvalue%5D%5B%5D=0001A&filter%5Bcondition%5D%5Bvalue%5D%5B%5D=36415&filter%5Bcondition%5D%5Bvalue%5D%5B%5D=45378&filter%5Bcondition%5D%5Bvalue%5D%5B%5D=66984&filter%5Bcondition%5D%5Bvalue%5D%5B%5D=77067&filter%5Bcondition%5D%5Bvalue%5D%5B%5D=90739&filter%5Bcondition%5D%5Bvalue%5D%5B%5D=94010&filter%5Bcondition%5D%5Bvalue%5D%5B%5D=97110&filter%5Bcondition%5D%5Bvalue%5D%5B%5D=99201&filter%5Bcondition%5D%5Bvalue%5D%5B%5D=99213&filter%5Bcondition%5D%5Bvalue%5D%5B%5D=99441&filter%5Bcondition%5D%5Bvalue%5D%5B%5D=G0121&filter%5Bcondition%5D%5Bvalue%5D%5B%5D=G2211&size=5000,jina_reader,8287538f5f288c26687cceba9daeb68a50ffdf11a65cf71992c6fbcbc57baba7,https://catalog.data.gov/dataset/medicare-physician-other-practitioners-by-geography-and-service
2022,45378,mature procedure comparison control,complete,355217,2,F|O,Diagnostic exam of large bowel using a flexible endoscope,87304f15-9ed0-41dc-a141-6141a0327453,http://data.cms.gov/data-api/v1/dataset/87304f15-9ed0-41dc-a141-6141a0327453/data?filter%5Bcondition%5D%5Bpath%5D=HCPCS_Cd&filter%5Bcondition%5D%5Boperator%5D=IN&filter%5Bcondition%5D%5Bvalue%5D%5B%5D=0001A&filter%5Bcondition%5D%5Bvalue%5D%5B%5D=36415&filter%5Bcondition%5D%5Bvalue%5D%5B%5D=45378&filter%5Bcondition%5D%5Bvalue%5D%5B%5D=66984&filter%5Bcondition%5D%5Bvalue%5D%5B%5D=77067&filter%5Bcondition%5D%5Bvalue%5D%5B%5D=90739&filter%5Bcondition%5D%5Bvalue%5D%5B%5D=94010&filter%5Bcondition%5D%5Bvalue%5D%5B%5D=97110&filter%5Bcondition%5D%5Bvalue%5D%5B%5D=99201&filter%5Bcondition%5D%5Bvalue%5D%5B%5D=99213&filter%5Bcondition%5D%5Bvalue%5D%5B%5D=99441&filter%5Bcondition%5D%5Bvalue%5D%5B%5D=G0121&filter%5Bcondition%5D%5Bvalue%5D%5B%5D=G2211&size=5000,jina_reader,8287538f5f288c26687cceba9daeb68a50ffdf11a65cf71992c6fbcbc57baba7,https://catalog.data.gov/dataset/medicare-physician-other-practitioners-by-geography-and-service
2022,66984,2020 elective-procedure candidate pool,complete,8861299,2,F|O,Removal of cataract with insertion of prosthetic lens,87304f15-9ed0-41dc-a141-6141a0327453,http://data.cms.gov/data-api/v1/dataset/87304f15-9ed0-41dc-a141-6141a0327453/data?filter%5Bcondition%5D%5Bpath%5D=HCPCS_Cd&filter%5Bcondition%5D%5Boperator%5D=IN&filter%5Bcondition%5D%5Bvalue%5D%5B%5D=0001A&filter%5Bcondition%5D%5Bvalue%5D%5B%5D=36415&filter%5Bcondition%5D%5Bvalue%5D%5B%5D=45378&filter%5Bcondition%5D%5Bvalue%5D%5B%5D=66984&filter%5Bcondition%5D%5Bvalue%5D%5B%5D=77067&filter%5Bcondition%5D%5Bvalue%5D%5B%5D=90739&filter%5Bcondition%5D%5Bvalue%5D%5B%5D=94010&filter%5Bcondition%5D%5Bvalue%5D%5B%5D=97110&filter%5Bcondition%5D%5Bvalue%5D%5B%5D=99201&filter%5Bcondition%5D%5Bvalue%5D%5B%5D=99213&filter%5Bcondition%5D%5Bvalue%5D%5B%5D=99441&filter%5Bcondition%5D%5Bvalue%5D%5B%5D=G0121&filter%5Bcondition%5D%5Bvalue%5D%5B%5D=G2211&size=5000,jina_reader,8287538f5f288c26687cceba9daeb68a50ffdf11a65cf71992c6fbcbc57baba7,https://catalog.data.gov/dataset/medicare-physician-other-practitioners-by-geography-and-service
2022,77067,2020 screening candidate pool,complete,6028160.5,2,F|O,Screening mammography,87304f15-9ed0-41dc-a141-6141a0327453,http://data.cms.gov/data-api/v1/dataset/87304f15-9ed0-41dc-a141-6141a0327453/data?filter%5Bcondition%5D%5Bpath%5D=HCPCS_Cd&filter%5Bcondition%5D%5Boperator%5D=IN&filter%5Bcondition%5D%5Bvalue%5D%5B%5D=0001A&filter%5Bcondition%5D%5Bvalue%5D%5B%5D=36415&filter%5Bcondition%5D%5Bvalue%5D%5B%5D=45378&filter%5Bcondition%5D%5Bvalue%5D%5B%5D=66984&filter%5Bcondition%5D%5Bvalue%5D%5B%5D=77067&filter%5Bcondition%5D%5Bvalue%5D%5B%5D=90739&filter%5Bcondition%5D%5Bvalue%5D%5B%5D=94010&filter%5Bcondition%5D%5Bvalue%5D%5B%5D=97110&filter%5Bcondition%5D%5Bvalue%5D%5B%5D=99201&filter%5Bcondition%5D%5Bvalue%5D%5B%5D=99213&filter%5Bcondition%5D%5Bvalue%5D%5B%5D=99441&filter%5Bcondition%5D%5Bvalue%5D%5B%5D=G0121&filter%5Bcondition%5D%5Bvalue%5D%5B%5D=G2211&size=5000,jina_reader,8287538f5f288c26687cceba9daeb68a50ffdf11a65cf71992c6fbcbc57baba7,https://catalog.data.gov/dataset/medicare-physician-other-practitioners-by-geography-and-service
2022,90739,previous negative case,complete,12397.5,2,F|O,"Hepatitis b vaccine, adult dosage",87304f15-9ed0-41dc-a141-6141a0327453,http://data.cms.gov/data-api/v1/dataset/87304f15-9ed0-41dc-a141-6141a0327453/data?filter%5Bcondition%5D%5Bpath%5D=HCPCS_Cd&filter%5Bcondition%5D%5Boperator%5D=IN&filter%5Bcondition%5D%5Bvalue%5D%5B%5D=0001A&filter%5Bcondition%5D%5Bvalue%5D%5B%5D=36415&filter%5Bcondition%5D%5Bvalue%5D%5B%5D=45378&filter%5Bcondition%5D%5Bvalue%5D%5B%5D=66984&filter%5Bcondition%5D%5Bvalue%5D%5B%5D=77067&filter%5Bcondition%5D%5Bvalue%5D%5B%5D=90739&filter%5Bcondition%5D%5Bvalue%5D%5B%5D=94010&filter%5Bcondition%5D%5Bvalue%5D%5B%5D=97110&filter%5Bcondition%5D%5Bvalue%5D%5B%5D=99201&filter%5Bcondition%5D%5Bvalue%5D%5B%5D=99213&filter%5Bcondition%5D%5Bvalue%5D%5B%5D=99441&filter%5Bcondition%5D%5Bvalue%5D%5B%5D=G0121&filter%5Bcondition%5D%5Bvalue%5D%5B%5D=G2211&size=5000,jina_reader,8287538f5f288c26687cceba9daeb68a50ffdf11a65cf71992c6fbcbc57baba7,https://catalog.data.gov/dataset/medicare-physician-other-practitioners-by-geography-and-service
2022,94010,2020 respiratory-procedure candidate pool,complete,801178,2,F|O,Test to measure expiratory airflow and volume,87304f15-9ed0-41dc-a141-6141a0327453,http://data.cms.gov/data-api/v1/dataset/87304f15-9ed0-41dc-a141-6141a0327453/data?filter%5Bcondition%5D%5Bpath%5D=HCPCS_Cd&filter%5Bcondition%5D%5Boperator%5D=IN&filter%5Bcondition%5D%5Bvalue%5D%5B%5D=0001A&filter%5Bcondition%5D%5Bvalue%5D%5B%5D=36415&filter%5Bcondition%5D%5Bvalue%5D%5B%5D=45378&filter%5Bcondition%5D%5Bvalue%5D%5B%5D=66984&filter%5Bcondition%5D%5Bvalue%5D%5B%5D=77067&filter%5Bcondition%5D%5Bvalue%5D%5B%5D=90739&filter%5Bcondition%5D%5Bvalue%5D%5B%5D=94010&filter%5Bcondition%5D%5Bvalue%5D%5B%5D=97110&filter%5Bcondition%5D%5Bvalue%5D%5B%5D=99201&filter%5Bcondition%5D%5Bvalue%5D%5B%5D=99213&filter%5Bcondition%5D%5Bvalue%5D%5B%5D=99441&filter%5Bcondition%5D%5Bvalue%5D%5B%5D=G0121&filter%5Bcondition%5D%5Bvalue%5D%5B%5D=G2211&size=5000,jina_reader,8287538f5f288c26687cceba9daeb68a50ffdf11a65cf71992c6fbcbc57baba7,https://catalog.data.gov/dataset/medicare-physician-other-practitioners-by-geography-and-service
2022,97110,2020 rehabilitation candidate pool,complete,61738412.3,2,F|O,"Therapy procedure using exercise to develop strength, endurance, range of motion, and flexibility, each 15 minutes",87304f15-9ed0-41dc-a141-6141a0327453,http://data.cms.gov/data-api/v1/dataset/87304f15-9ed0-41dc-a141-6141a0327453/data?filter%5Bcondition%5D%5Bpath%5D=HCPCS_Cd&filter%5Bcondition%5D%5Boperator%5D=IN&filter%5Bcondition%5D%5Bvalue%5D%5B%5D=0001A&filter%5Bcondition%5D%5Bvalue%5D%5B%5D=36415&filter%5Bcondition%5D%5Bvalue%5D%5B%5D=45378&filter%5Bcondition%5D%5Bvalue%5D%5B%5D=66984&filter%5Bcondition%5D%5Bvalue%5D%5B%5D=77067&filter%5Bcondition%5D%5Bvalue%5D%5B%5D=90739&filter%5Bcondition%5D%5Bvalue%5D%5B%5D=94010&filter%5Bcondition%5D%5Bvalue%5D%5B%5D=97110&filter%5Bcondition%5D%5Bvalue%5D%5B%5D=99201&filter%5Bcondition%5D%5Bvalue%5D%5B%5D=99213&filter%5Bcondition%5D%5Bvalue%5D%5B%5D=99441&filter%5Bcondition%5D%5Bvalue%5D%5B%5D=G0121&filter%5Bcondition%5D%5Bvalue%5D%5B%5D=G2211&size=5000,jina_reader,8287538f5f288c26687cceba9daeb68a50ffdf11a65cf71992c6fbcbc57baba7,https://catalog.data.gov/dataset/medicare-physician-other-practitioners-by-geography-and-service
2022,99201,retired-code lifecycle case,not_published,,0,,,87304f15-9ed0-41dc-a141-6141a0327453,http://data.cms.gov/data-api/v1/dataset/87304f15-9ed0-41dc-a141-6141a0327453/data?filter%5Bcondition%5D%5Bpath%5D=HCPCS_Cd&filter%5Bcondition%5D%5Boperator%5D=IN&filter%5Bcondition%5D%5Bvalue%5D%5B%5D=0001A&filter%5Bcondition%5D%5Bvalue%5D%5B%5D=36415&filter%5Bcondition%5D%5Bvalue%5D%5B%5D=45378&filter%5Bcondition%5D%5Bvalue%5D%5B%5D=66984&filter%5Bcondition%5D%5Bvalue%5D%5B%5D=77067&filter%5Bcondition%5D%5Bvalue%5D%5B%5D=90739&filter%5Bcondition%5D%5Bvalue%5D%5B%5D=94010&filter%5Bcondition%5D%5Bvalue%5D%5B%5D=97110&filter%5Bcondition%5D%5Bvalue%5D%5B%5D=99201&filter%5Bcondition%5D%5Bvalue%5D%5B%5D=99213&filter%5Bcondition%5D%5Bvalue%5D%5B%5D=99441&filter%5Bcondition%5D%5Bvalue%5D%5B%5D=G0121&filter%5Bcondition%5D%5Bvalue%5D%5B%5D=G2211&size=5000,jina_reader,8287538f5f288c26687cceba9daeb68a50ffdf11a65cf71992c6fbcbc57baba7,https://catalog.data.gov/dataset/medicare-physician-other-practitioners-by-geography-and-service
2022,99213,mature high-volume E/M control,complete,73672543.1,2,F|O,"Established patient office or other outpatient visit, 20-29 minutes",87304f15-9ed0-41dc-a141-6141a0327453,http://data.cms.gov/data-api/v1/dataset/87304f15-9ed0-41dc-a141-6141a0327453/data?filter%5Bcondition%5D%5Bpath%5D=HCPCS_Cd&filter%5Bcondition%5D%5Boperator%5D=IN&filter%5Bcondition%5D%5Bvalue%5D%5B%5D=0001A&filter%5Bcondition%5D%5Bvalue%5D%5B%5D=36415&filter%5Bcondition%5D%5Bvalue%5D%5B%5D=45378&filter%5Bcondition%5D%5Bvalue%5D%5B%5D=66984&filter%5Bcondition%5D%5Bvalue%5D%5B%5D=77067&filter%5Bcondition%5D%5Bvalue%5D%5B%5D=90739&filter%5Bcondition%5D%5Bvalue%5D%5B%5D=94010&filter%5Bcondition%5D%5Bvalue%5D%5B%5D=97110&filter%5Bcondition%5D%5Bvalue%5D%5B%5D=99201&filter%5Bcondition%5D%5Bvalue%5D%5B%5D=99213&filter%5Bcondition%5D%5Bvalue%5D%5B%5D=99441&filter%5Bcondition%5D%5Bvalue%5D%5B%5D=G0121&filter%5Bcondition%5D%5Bvalue%5D%5B%5D=G2211&size=5000,jina_reader,8287538f5f288c26687cceba9daeb68a50ffdf11a65cf71992c6fbcbc57baba7,https://catalog.data.gov/dataset/medicare-physician-other-practitioners-by-geography-and-service
2022,99441,known 2020 policy/PHE shock case,complete,904248,2,F|O,"Telephone medical discussion with physician, 5-10 minutes",87304f15-9ed0-41dc-a141-6141a0327453,http://data.cms.gov/data-api/v1/dataset/87304f15-9ed0-41dc-a141-6141a0327453/data?filter%5Bcondition%5D%5Bpath%5D=HCPCS_Cd&filter%5Bcondition%5D%5Boperator%5D=IN&filter%5Bcondition%5D%5Bvalue%5D%5B%5D=0001A&filter%5Bcondition%5D%5Bvalue%5D%5B%5D=36415&filter%5Bcondition%5D%5Bvalue%5D%5B%5D=45378&filter%5Bcondition%5D%5Bvalue%5D%5B%5D=66984&filter%5Bcondition%5D%5Bvalue%5D%5B%5D=77067&filter%5Bcondition%5D%5Bvalue%5D%5B%5D=90739&filter%5Bcondition%5D%5Bvalue%5D%5B%5D=94010&filter%5Bcondition%5D%5Bvalue%5D%5B%5D=97110&filter%5Bcondition%5D%5Bvalue%5D%5B%5D=99201&filter%5Bcondition%5D%5Bvalue%5D%5B%5D=99213&filter%5Bcondition%5D%5Bvalue%5D%5B%5D=99441&filter%5Bcondition%5D%5Bvalue%5D%5B%5D=G0121&filter%5Bcondition%5D%5Bvalue%5D%5B%5D=G2211&size=5000,jina_reader,8287538f5f288c26687cceba9daeb68a50ffdf11a65cf71992c6fbcbc57baba7,https://catalog.data.gov/dataset/medicare-physician-other-practitioners-by-geography-and-service
2022,G0121,2020 screening candidate pool,complete,283930,2,F|O,Colorectal cancer screening; colonoscopy on individual not meeting criteria for high risk,87304f15-9ed0-41dc-a141-6141a0327453,http://data.cms.gov/data-api/v1/dataset/87304f15-9ed0-41dc-a141-6141a0327453/data?filter%5Bcondition%5D%5Bpath%5D=HCPCS_Cd&filter%5Bcondition%5D%5Boperator%5D=IN&filter%5Bcondition%5D%5Bvalue%5D%5B%5D=0001A&filter%5Bcondition%5D%5Bvalue%5D%5B%5D=36415&filter%5Bcondition%5D%5Bvalue%5D%5B%5D=45378&filter%5Bcondition%5D%5Bvalue%5D%5B%5D=66984&filter%5Bcondition%5D%5Bvalue%5D%5B%5D=77067&filter%5Bcondition%5D%5Bvalue%5D%5B%5D=90739&filter%5Bcondition%5D%5Bvalue%5D%5B%5D=94010&filter%5Bcondition%5D%5Bvalue%5D%5B%5D=97110&filter%5Bcondition%5D%5Bvalue%5D%5B%5D=99201&filter%5Bcondition%5D%5Bvalue%5D%5B%5D=99213&filter%5Bcondition%5D%5Bvalue%5D%5B%5D=99441&filter%5Bcondition%5D%5Bvalue%5D%5B%5D=G0121&filter%5Bcondition%5D%5Bvalue%5D%5B%5D=G2211&size=5000,jina_reader,8287538f5f288c26687cceba9daeb68a50ffdf11a65cf71992c6fbcbc57baba7,https://catalog.data.gov/dataset/medicare-physician-other-practitioners-by-geography-and-service
2022,G2211,known 2024 implementation case,not_published,,0,,,87304f15-9ed0-41dc-a141-6141a0327453,http://data.cms.gov/data-api/v1/dataset/87304f15-9ed0-41dc-a141-6141a0327453/data?filter%5Bcondition%5D%5Bpath%5D=HCPCS_Cd&filter%5Bcondition%5D%5Boperator%5D=IN&filter%5Bcondition%5D%5Bvalue%5D%5B%5D=0001A&filter%5Bcondition%5D%5Bvalue%5D%5B%5D=36415&filter%5Bcondition%5D%5Bvalue%5D%5B%5D=45378&filter%5Bcondition%5D%5Bvalue%5D%5B%5D=66984&filter%5Bcondition%5D%5Bvalue%5D%5B%5D=77067&filter%5Bcondition%5D%5Bvalue%5D%5B%5D=90739&filter%5Bcondition%5D%5Bvalue%5D%5B%5D=94010&filter%5Bcondition%5D%5Bvalue%5D%5B%5D=97110&filter%5Bcondition%5D%5Bvalue%5D%5B%5D=99201&filter%5Bcondition%5D%5Bvalue%5D%5B%5D=99213&filter%5Bcondition%5D%5Bvalue%5D%5B%5D=99441&filter%5Bcondition%5D%5Bvalue%5D%5B%5D=G0121&filter%5Bcondition%5D%5Bvalue%5D%5B%5D=G2211&size=5000,jina_reader,8287538f5f288c26687cceba9daeb68a50ffdf11a65cf71992c6fbcbc57baba7,https://catalog.data.gov/dataset/medicare-physician-other-practitioners-by-geography-and-service
2023,0001A,new-code / cold-start control,complete,712,1,O,"Intramuscular administration of single severe acute respiratory syndrome coronavirus 2 (covid-19) vaccine, mrna-lnp, spike protein, preservative free, 30 mcg/0.3ml dosage, diluent reconstituted; first dose",ddee9e22-7889-4bef-975a-7853e4cd0fbb,http://data.cms.gov/data-api/v1/dataset/ddee9e22-7889-4bef-975a-7853e4cd0fbb/data?filter%5Bcondition%5D%5Bpath%5D=HCPCS_Cd&filter%5Bcondition%5D%5Boperator%5D=IN&filter%5Bcondition%5D%5Bvalue%5D%5B%5D=0001A&filter%5Bcondition%5D%5Bvalue%5D%5B%5D=36415&filter%5Bcondition%5D%5Bvalue%5D%5B%5D=45378&filter%5Bcondition%5D%5Bvalue%5D%5B%5D=66984&filter%5Bcondition%5D%5Bvalue%5D%5B%5D=77067&filter%5Bcondition%5D%5Bvalue%5D%5B%5D=90739&filter%5Bcondition%5D%5Bvalue%5D%5B%5D=94010&filter%5Bcondition%5D%5Bvalue%5D%5B%5D=97110&filter%5Bcondition%5D%5Bvalue%5D%5B%5D=99201&filter%5Bcondition%5D%5Bvalue%5D%5B%5D=99213&filter%5Bcondition%5D%5Bvalue%5D%5B%5D=99441&filter%5Bcondition%5D%5Bvalue%5D%5B%5D=G0121&filter%5Bcondition%5D%5Bvalue%5D%5B%5D=G2211&size=5000,jina_reader,a2712fe1b63cbee72293693e6a28062ae6c04ee0f4fbd6ae6194848bd9a27798,https://catalog.data.gov/dataset/medicare-physician-other-practitioners-by-geography-and-service
2023,36415,high-volume comparison control,complete,40464113.8,2,F|O,Insertion of needle into vein for collection of blood sample,ddee9e22-7889-4bef-975a-7853e4cd0fbb,http://data.cms.gov/data-api/v1/dataset/ddee9e22-7889-4bef-975a-7853e4cd0fbb/data?filter%5Bcondition%5D%5Bpath%5D=HCPCS_Cd&filter%5Bcondition%5D%5Boperator%5D=IN&filter%5Bcondition%5D%5Bvalue%5D%5B%5D=0001A&filter%5Bcondition%5D%5Bvalue%5D%5B%5D=36415&filter%5Bcondition%5D%5Bvalue%5D%5B%5D=45378&filter%5Bcondition%5D%5Bvalue%5D%5B%5D=66984&filter%5Bcondition%5D%5Bvalue%5D%5B%5D=77067&filter%5Bcondition%5D%5Bvalue%5D%5B%5D=90739&filter%5Bcondition%5D%5Bvalue%5D%5B%5D=94010&filter%5Bcondition%5D%5Bvalue%5D%5B%5D=97110&filter%5Bcondition%5D%5Bvalue%5D%5B%5D=99201&filter%5Bcondition%5D%5Bvalue%5D%5B%5D=99213&filter%5Bcondition%5D%5Bvalue%5D%5B%5D=99441&filter%5Bcondition%5D%5Bvalue%5D%5B%5D=G0121&filter%5Bcondition%5D%5Bvalue%5D%5B%5D=G2211&size=5000,jina_reader,a2712fe1b63cbee72293693e6a28062ae6c04ee0f4fbd6ae6194848bd9a27798,https://catalog.data.gov/dataset/medicare-physician-other-practitioners-by-geography-and-service
2023,45378,mature procedure comparison control,complete,322517,2,F|O,Diagnostic exam of large bowel using a flexible endoscope,ddee9e22-7889-4bef-975a-7853e4cd0fbb,http://data.cms.gov/data-api/v1/dataset/ddee9e22-7889-4bef-975a-7853e4cd0fbb/data?filter%5Bcondition%5D%5Bpath%5D=HCPCS_Cd&filter%5Bcondition%5D%5Boperator%5D=IN&filter%5Bcondition%5D%5Bvalue%5D%5B%5D=0001A&filter%5Bcondition%5D%5Bvalue%5D%5B%5D=36415&filter%5Bcondition%5D%5Bvalue%5D%5B%5D=45378&filter%5Bcondition%5D%5Bvalue%5D%5B%5D=66984&filter%5Bcondition%5D%5Bvalue%5D%5B%5D=77067&filter%5Bcondition%5D%5Bvalue%5D%5B%5D=90739&filter%5Bcondition%5D%5Bvalue%5D%5B%5D=94010&filter%5Bcondition%5D%5Bvalue%5D%5B%5D=97110&filter%5Bcondition%5D%5Bvalue%5D%5B%5D=99201&filter%5Bcondition%5D%5Bvalue%5D%5B%5D=99213&filter%5Bcondition%5D%5Bvalue%5D%5B%5D=99441&filter%5Bcondition%5D%5Bvalue%5D%5B%5D=G0121&filter%5Bcondition%5D%5Bvalue%5D%5B%5D=G2211&size=5000,jina_reader,a2712fe1b63cbee72293693e6a28062ae6c04ee0f4fbd6ae6194848bd9a27798,https://catalog.data.gov/dataset/medicare-physician-other-practitioners-by-geography-and-service
2023,66984,2020 elective-procedure candidate pool,complete,8721345,2,F|O,Removal of cataract with insertion of prosthetic lens,ddee9e22-7889-4bef-975a-7853e4cd0fbb,http://data.cms.gov/data-api/v1/dataset/ddee9e22-7889-4bef-975a-7853e4cd0fbb/data?filter%5Bcondition%5D%5Bpath%5D=HCPCS_Cd&filter%5Bcondition%5D%5Boperator%5D=IN&filter%5Bcondition%5D%5Bvalue%5D%5B%5D=0001A&filter%5Bcondition%5D%5Bvalue%5D%5B%5D=36415&filter%5Bcondition%5D%5Bvalue%5D%5B%5D=45378&filter%5Bcondition%5D%5Bvalue%5D%5B%5D=66984&filter%5Bcondition%5D%5Bvalue%5D%5B%5D=77067&filter%5Bcondition%5D%5Bvalue%5D%5B%5D=90739&filter%5Bcondition%5D%5Bvalue%5D%5B%5D=94010&filter%5Bcondition%5D%5Bvalue%5D%5B%5D=97110&filter%5Bcondition%5D%5Bvalue%5D%5B%5D=99201&filter%5Bcondition%5D%5Bvalue%5D%5B%5D=99213&filter%5Bcondition%5D%5Bvalue%5D%5B%5D=99441&filter%5Bcondition%5D%5Bvalue%5D%5B%5D=G0121&filter%5Bcondition%5D%5Bvalue%5D%5B%5D=G2211&size=5000,jina_reader,a2712fe1b63cbee72293693e6a28062ae6c04ee0f4fbd6ae6194848bd9a27798,https://catalog.data.gov/dataset/medicare-physician-other-practitioners-by-geography-and-service
2023,77067,2020 screening candidate pool,complete,6071355,2,F|O,Screening mammography,ddee9e22-7889-4bef-975a-7853e4cd0fbb,http://data.cms.gov/data-api/v1/dataset/ddee9e22-7889-4bef-975a-7853e4cd0fbb/data?filter%5Bcondition%5D%5Bpath%5D=HCPCS_Cd&filter%5Bcondition%5D%5Boperator%5D=IN&filter%5Bcondition%5D%5Bvalue%5D%5B%5D=0001A&filter%5Bcondition%5D%5Bvalue%5D%5B%5D=36415&filter%5Bcondition%5D%5Bvalue%5D%5B%5D=45378&filter%5Bcondition%5D%5Bvalue%5D%5B%5D=66984&filter%5Bcondition%5D%5Bvalue%5D%5B%5D=77067&filter%5Bcondition%5D%5Bvalue%5D%5B%5D=90739&filter%5Bcondition%5D%5Bvalue%5D%5B%5D=94010&filter%5Bcondition%5D%5Bvalue%5D%5B%5D=97110&filter%5Bcondition%5D%5Bvalue%5D%5B%5D=99201&filter%5Bcondition%5D%5Bvalue%5D%5B%5D=99213&filter%5Bcondition%5D%5Bvalue%5D%5B%5D=99441&filter%5Bcondition%5D%5Bvalue%5D%5B%5D=G0121&filter%5Bcondition%5D%5Bvalue%5D%5B%5D=G2211&size=5000,jina_reader,a2712fe1b63cbee72293693e6a28062ae6c04ee0f4fbd6ae6194848bd9a27798,https://catalog.data.gov/dataset/medicare-physician-other-practitioners-by-geography-and-service
2023,90739,previous negative case,complete,18823,2,F|O,"Hepatitis b vaccine (hepb), cpg-adjuvanted, adult dosage, 2 dose or 4 dose schedule, for intramuscular use",ddee9e22-7889-4bef-975a-7853e4cd0fbb,http://data.cms.gov/data-api/v1/dataset/ddee9e22-7889-4bef-975a-7853e4cd0fbb/data?filter%5Bcondition%5D%5Bpath%5D=HCPCS_Cd&filter%5Bcondition%5D%5Boperator%5D=IN&filter%5Bcondition%5D%5Bvalue%5D%5B%5D=0001A&filter%5Bcondition%5D%5Bvalue%5D%5B%5D=36415&filter%5Bcondition%5D%5Bvalue%5D%5B%5D=45378&filter%5Bcondition%5D%5Bvalue%5D%5B%5D=66984&filter%5Bcondition%5D%5Bvalue%5D%5B%5D=77067&filter%5Bcondition%5D%5Bvalue%5D%5B%5D=90739&filter%5Bcondition%5D%5Bvalue%5D%5B%5D=94010&filter%5Bcondition%5D%5Bvalue%5D%5B%5D=97110&filter%5Bcondition%5D%5Bvalue%5D%5B%5D=99201&filter%5Bcondition%5D%5Bvalue%5D%5B%5D=99213&filter%5Bcondition%5D%5Bvalue%5D%5B%5D=99441&filter%5Bcondition%5D%5Bvalue%5D%5B%5D=G0121&filter%5Bcondition%5D%5Bvalue%5D%5B%5D=G2211&size=5000,jina_reader,a2712fe1b63cbee72293693e6a28062ae6c04ee0f4fbd6ae6194848bd9a27798,https://catalog.data.gov/dataset/medicare-physician-other-practitioners-by-geography-and-service
2023,94010,2020 respiratory-procedure candidate pool,complete,844050,2,F|O,Test to measure expiratory airflow and volume,ddee9e22-7889-4bef-975a-7853e4cd0fbb,http://data.cms.gov/data-api/v1/dataset/ddee9e22-7889-4bef-975a-7853e4cd0fbb/data?filter%5Bcondition%5D%5Bpath%5D=HCPCS_Cd&filter%5Bcondition%5D%5Boperator%5D=IN&filter%5Bcondition%5D%5Bvalue%5D%5B%5D=0001A&filter%5Bcondition%5D%5Bvalue%5D%5B%5D=36415&filter%5Bcondition%5D%5Bvalue%5D%5B%5D=45378&filter%5Bcondition%5D%5Bvalue%5D%5B%5D=66984&filter%5Bcondition%5D%5Bvalue%5D%5B%5D=77067&filter%5Bcondition%5D%5Bvalue%5D%5B%5D=90739&filter%5Bcondition%5D%5Bvalue%5D%5B%5D=94010&filter%5Bcondition%5D%5Bvalue%5D%5B%5D=97110&filter%5Bcondition%5D%5Bvalue%5D%5B%5D=99201&filter%5Bcondition%5D%5Bvalue%5D%5B%5D=99213&filter%5Bcondition%5D%5Bvalue%5D%5B%5D=99441&filter%5Bcondition%5D%5Bvalue%5D%5B%5D=G0121&filter%5Bcondition%5D%5Bvalue%5D%5B%5D=G2211&size=5000,jina_reader,a2712fe1b63cbee72293693e6a28062ae6c04ee0f4fbd6ae6194848bd9a27798,https://catalog.data.gov/dataset/medicare-physician-other-practitioners-by-geography-and-service
2023,97110,2020 rehabilitation candidate pool,complete,64830580,2,F|O,"Therapy procedure using exercise to develop strength, endurance, range of motion, and flexibility, each 15 minutes",ddee9e22-7889-4bef-975a-7853e4cd0fbb,http://data.cms.gov/data-api/v1/dataset/ddee9e22-7889-4bef-975a-7853e4cd0fbb/data?filter%5Bcondition%5D%5Bpath%5D=HCPCS_Cd&filter%5Bcondition%5D%5Boperator%5D=IN&filter%5Bcondition%5D%5Bvalue%5D%5B%5D=0001A&filter%5Bcondition%5D%5Bvalue%5D%5B%5D=36415&filter%5Bcondition%5D%5Bvalue%5D%5B%5D=45378&filter%5Bcondition%5D%5Bvalue%5D%5B%5D=66984&filter%5Bcondition%5D%5Bvalue%5D%5B%5D=77067&filter%5Bcondition%5D%5Bvalue%5D%5B%5D=90739&filter%5Bcondition%5D%5Bvalue%5D%5B%5D=94010&filter%5Bcondition%5D%5Bvalue%5D%5B%5D=97110&filter%5Bcondition%5D%5Bvalue%5D%5B%5D=99201&filter%5Bcondition%5D%5Bvalue%5D%5B%5D=99213&filter%5Bcondition%5D%5Bvalue%5D%5B%5D=99441&filter%5Bcondition%5D%5Bvalue%5D%5B%5D=G0121&filter%5Bcondition%5D%5Bvalue%5D%5B%5D=G2211&size=5000,jina_reader,a2712fe1b63cbee72293693e6a28062ae6c04ee0f4fbd6ae6194848bd9a27798,https://catalog.data.gov/dataset/medicare-physician-other-practitioners-by-geography-and-service
2023,99201,retired-code lifecycle case,not_published,,0,,,ddee9e22-7889-4bef-975a-7853e4cd0fbb,http://data.cms.gov/data-api/v1/dataset/ddee9e22-7889-4bef-975a-7853e4cd0fbb/data?filter%5Bcondition%5D%5Bpath%5D=HCPCS_Cd&filter%5Bcondition%5D%5Boperator%5D=IN&filter%5Bcondition%5D%5Bvalue%5D%5B%5D=0001A&filter%5Bcondition%5D%5Bvalue%5D%5B%5D=36415&filter%5Bcondition%5D%5Bvalue%5D%5B%5D=45378&filter%5Bcondition%5D%5Bvalue%5D%5B%5D=66984&filter%5Bcondition%5D%5Bvalue%5D%5B%5D=77067&filter%5Bcondition%5D%5Bvalue%5D%5B%5D=90739&filter%5Bcondition%5D%5Bvalue%5D%5B%5D=94010&filter%5Bcondition%5D%5Bvalue%5D%5B%5D=97110&filter%5Bcondition%5D%5Bvalue%5D%5B%5D=99201&filter%5Bcondition%5D%5Bvalue%5D%5B%5D=99213&filter%5Bcondition%5D%5Bvalue%5D%5B%5D=99441&filter%5Bcondition%5D%5Bvalue%5D%5B%5D=G0121&filter%5Bcondition%5D%5Bvalue%5D%5B%5D=G2211&size=5000,jina_reader,a2712fe1b63cbee72293693e6a28062ae6c04ee0f4fbd6ae6194848bd9a27798,https://catalog.data.gov/dataset/medicare-physician-other-practitioners-by-geography-and-service
2023,99213,mature high-volume E/M control,complete,71461698.9,2,F|O,"Established patient office or other outpatient visit, 20-29 minutes",ddee9e22-7889-4bef-975a-7853e4cd0fbb,http://data.cms.gov/data-api/v1/dataset/ddee9e22-7889-4bef-975a-7853e4cd0fbb/data?filter%5Bcondition%5D%5Bpath%5D=HCPCS_Cd&filter%5Bcondition%5D%5Boperator%5D=IN&filter%5Bcondition%5D%5Bvalue%5D%5B%5D=0001A&filter%5Bcondition%5D%5Bvalue%5D%5B%5D=36415&filter%5Bcondition%5D%5Bvalue%5D%5B%5D=45378&filter%5Bcondition%5D%5Bvalue%5D%5B%5D=66984&filter%5Bcondition%5D%5Bvalue%5D%5B%5D=77067&filter%5Bcondition%5D%5Bvalue%5D%5B%5D=90739&filter%5Bcondition%5D%5Bvalue%5D%5B%5D=94010&filter%5Bcondition%5D%5Bvalue%5D%5B%5D=97110&filter%5Bcondition%5D%5Bvalue%5D%5B%5D=99201&filter%5Bcondition%5D%5Bvalue%5D%5B%5D=99213&filter%5Bcondition%5D%5Bvalue%5D%5B%5D=99441&filter%5Bcondition%5D%5Bvalue%5D%5B%5D=G0121&filter%5Bcondition%5D%5Bvalue%5D%5B%5D=G2211&size=5000,jina_reader,a2712fe1b63cbee72293693e6a28062ae6c04ee0f4fbd6ae6194848bd9a27798,https://catalog.data.gov/dataset/medicare-physician-other-practitioners-by-geography-and-service
2023,99441,known 2020 policy/PHE shock case,complete,715081,2,F|O,"Telephone medical discussion with physician, 5-10 minutes",ddee9e22-7889-4bef-975a-7853e4cd0fbb,http://data.cms.gov/data-api/v1/dataset/ddee9e22-7889-4bef-975a-7853e4cd0fbb/data?filter%5Bcondition%5D%5Bpath%5D=HCPCS_Cd&filter%5Bcondition%5D%5Boperator%5D=IN&filter%5Bcondition%5D%5Bvalue%5D%5B%5D=0001A&filter%5Bcondition%5D%5Bvalue%5D%5B%5D=36415&filter%5Bcondition%5D%5Bvalue%5D%5B%5D=45378&filter%5Bcondition%5D%5Bvalue%5D%5B%5D=66984&filter%5Bcondition%5D%5Bvalue%5D%5B%5D=77067&filter%5Bcondition%5D%5Bvalue%5D%5B%5D=90739&filter%5Bcondition%5D%5Bvalue%5D%5B%5D=94010&filter%5Bcondition%5D%5Bvalue%5D%5B%5D=97110&filter%5Bcondition%5D%5Bvalue%5D%5B%5D=99201&filter%5Bcondition%5D%5Bvalue%5D%5B%5D=99213&filter%5Bcondition%5D%5Bvalue%5D%5B%5D=99441&filter%5Bcondition%5D%5Bvalue%5D%5B%5D=G0121&filter%5Bcondition%5D%5Bvalue%5D%5B%5D=G2211&size=5000,jina_reader,a2712fe1b63cbee72293693e6a28062ae6c04ee0f4fbd6ae6194848bd9a27798,https://catalog.data.gov/dataset/medicare-physician-other-practitioners-by-geography-and-service
2023,G0121,2020 screening candidate pool,complete,304855,2,F|O,Colorectal cancer screening; colonoscopy on individual not meeting criteria for high risk,ddee9e22-7889-4bef-975a-7853e4cd0fbb,http://data.cms.gov/data-api/v1/dataset/ddee9e22-7889-4bef-975a-7853e4cd0fbb/data?filter%5Bcondition%5D%5Bpath%5D=HCPCS_Cd&filter%5Bcondition%5D%5Boperator%5D=IN&filter%5Bcondition%5D%5Bvalue%5D%5B%5D=0001A&filter%5Bcondition%5D%5Bvalue%5D%5B%5D=36415&filter%5Bcondition%5D%5Bvalue%5D%5B%5D=45378&filter%5Bcondition%5D%5Bvalue%5D%5B%5D=66984&filter%5Bcondition%5D%5Bvalue%5D%5B%5D=77067&filter%5Bcondition%5D%5Bvalue%5D%5B%5D=90739&filter%5Bcondition%5D%5Bvalue%5D%5B%5D=94010&filter%5Bcondition%5D%5Bvalue%5D%5B%5D=97110&filter%5Bcondition%5D%5Bvalue%5D%5B%5D=99201&filter%5Bcondition%5D%5Bvalue%5D%5B%5D=99213&filter%5Bcondition%5D%5Bvalue%5D%5B%5D=99441&filter%5Bcondition%5D%5Bvalue%5D%5B%5D=G0121&filter%5Bcondition%5D%5Bvalue%5D%5B%5D=G2211&size=5000,jina_reader,a2712fe1b63cbee72293693e6a28062ae6c04ee0f4fbd6ae6194848bd9a27798,https://catalog.data.gov/dataset/medicare-physician-other-practitioners-by-geography-and-service
2023,G2211,known 2024 implementation case,not_published,,0,,,ddee9e22-7889-4bef-975a-7853e4cd0fbb,http://data.cms.gov/data-api/v1/dataset/ddee9e22-7889-4bef-975a-7853e4cd0fbb/data?filter%5Bcondition%5D%5Bpath%5D=HCPCS_Cd&filter%5Bcondition%5D%5Boperator%5D=IN&filter%5Bcondition%5D%5Bvalue%5D%5B%5D=0001A&filter%5Bcondition%5D%5Bvalue%5D%5B%5D=36415&filter%5Bcondition%5D%5Bvalue%5D%5B%5D=45378&filter%5Bcondition%5D%5Bvalue%5D%5B%5D=66984&filter%5Bcondition%5D%5Bvalue%5D%5B%5D=77067&filter%5Bcondition%5D%5Bvalue%5D%5B%5D=90739&filter%5Bcondition%5D%5Bvalue%5D%5B%5D=94010&filter%5Bcondition%5D%5Bvalue%5D%5B%5D=97110&filter%5Bcondition%5D%5Bvalue%5D%5B%5D=99201&filter%5Bcondition%5D%5Bvalue%5D%5B%5D=99213&filter%5Bcondition%5D%5Bvalue%5D%5B%5D=99441&filter%5Bcondition%5D%5Bvalue%5D%5B%5D=G0121&filter%5Bcondition%5D%5Bvalue%5D%5B%5D=G2211&size=5000,jina_reader,a2712fe1b63cbee72293693e6a28062ae6c04ee0f4fbd6ae6194848bd9a27798,https://catalog.data.gov/dataset/medicare-physician-other-practitioners-by-geography-and-service
2024,0001A,new-code / cold-start control,not_published,,0,,,6fea9d79-0129-4e4c-b1b8-23cd86a4f435,http://data.cms.gov/data-api/v1/dataset/6fea9d79-0129-4e4c-b1b8-23cd86a4f435/data?filter%5Bcondition%5D%5Bpath%5D=HCPCS_Cd&filter%5Bcondition%5D%5Boperator%5D=IN&filter%5Bcondition%5D%5Bvalue%5D%5B%5D=0001A&filter%5Bcondition%5D%5Bvalue%5D%5B%5D=36415&filter%5Bcondition%5D%5Bvalue%5D%5B%5D=45378&filter%5Bcondition%5D%5Bvalue%5D%5B%5D=66984&filter%5Bcondition%5D%5Bvalue%5D%5B%5D=77067&filter%5Bcondition%5D%5Bvalue%5D%5B%5D=90739&filter%5Bcondition%5D%5Bvalue%5D%5B%5D=94010&filter%5Bcondition%5D%5Bvalue%5D%5B%5D=97110&filter%5Bcondition%5D%5Bvalue%5D%5B%5D=99201&filter%5Bcondition%5D%5Bvalue%5D%5B%5D=99213&filter%5Bcondition%5D%5Bvalue%5D%5B%5D=99441&filter%5Bcondition%5D%5Bvalue%5D%5B%5D=G0121&filter%5Bcondition%5D%5Bvalue%5D%5B%5D=G2211&size=5000,jina_reader,18af3867f5adc6b03d99e0c51fa179586e7e68f8e9437a68778ddec9a647c0f7,https://catalog.data.gov/dataset/medicare-physician-other-practitioners-by-geography-and-service
2024,36415,high-volume comparison control,complete,40280536.9,2,F|O,Insertion of needle into vein for collection of blood sample,6fea9d79-0129-4e4c-b1b8-23cd86a4f435,http://data.cms.gov/data-api/v1/dataset/6fea9d79-0129-4e4c-b1b8-23cd86a4f435/data?filter%5Bcondition%5D%5Bpath%5D=HCPCS_Cd&filter%5Bcondition%5D%5Boperator%5D=IN&filter%5Bcondition%5D%5Bvalue%5D%5B%5D=0001A&filter%5Bcondition%5D%5Bvalue%5D%5B%5D=36415&filter%5Bcondition%5D%5Bvalue%5D%5B%5D=45378&filter%5Bcondition%5D%5Bvalue%5D%5B%5D=66984&filter%5Bcondition%5D%5Bvalue%5D%5B%5D=77067&filter%5Bcondition%5D%5Bvalue%5D%5B%5D=90739&filter%5Bcondition%5D%5Bvalue%5D%5B%5D=94010&filter%5Bcondition%5D%5Bvalue%5D%5B%5D=97110&filter%5Bcondition%5D%5Bvalue%5D%5B%5D=99201&filter%5Bcondition%5D%5Bvalue%5D%5B%5D=99213&filter%5Bcondition%5D%5Bvalue%5D%5B%5D=99441&filter%5Bcondition%5D%5Bvalue%5D%5B%5D=G0121&filter%5Bcondition%5D%5Bvalue%5D%5B%5D=G2211&size=5000,jina_reader,18af3867f5adc6b03d99e0c51fa179586e7e68f8e9437a68778ddec9a647c0f7,https://catalog.data.gov/dataset/medicare-physician-other-practitioners-by-geography-and-service
2024,45378,mature procedure comparison control,complete,303144,2,F|O,Diagnostic exam of large bowel using a flexible endoscope,6fea9d79-0129-4e4c-b1b8-23cd86a4f435,http://data.cms.gov/data-api/v1/dataset/6fea9d79-0129-4e4c-b1b8-23cd86a4f435/data?filter%5Bcondition%5D%5Bpath%5D=HCPCS_Cd&filter%5Bcondition%5D%5Boperator%5D=IN&filter%5Bcondition%5D%5Bvalue%5D%5B%5D=0001A&filter%5Bcondition%5D%5Bvalue%5D%5B%5D=36415&filter%5Bcondition%5D%5Bvalue%5D%5B%5D=45378&filter%5Bcondition%5D%5Bvalue%5D%5B%5D=66984&filter%5Bcondition%5D%5Bvalue%5D%5B%5D=77067&filter%5Bcondition%5D%5Bvalue%5D%5B%5D=90739&filter%5Bcondition%5D%5Bvalue%5D%5B%5D=94010&filter%5Bcondition%5D%5Bvalue%5D%5B%5D=97110&filter%5Bcondition%5D%5Bvalue%5D%5B%5D=99201&filter%5Bcondition%5D%5Bvalue%5D%5B%5D=99213&filter%5Bcondition%5D%5Bvalue%5D%5B%5D=99441&filter%5Bcondition%5D%5Bvalue%5D%5B%5D=G0121&filter%5Bcondition%5D%5Bvalue%5D%5B%5D=G2211&size=5000,jina_reader,18af3867f5adc6b03d99e0c51fa179586e7e68f8e9437a68778ddec9a647c0f7,https://catalog.data.gov/dataset/medicare-physician-other-practitioners-by-geography-and-service
2024,66984,2020 elective-procedure candidate pool,complete,8319156,2,F|O,Removal of cataract with insertion of prosthetic lens,6fea9d79-0129-4e4c-b1b8-23cd86a4f435,http://data.cms.gov/data-api/v1/dataset/6fea9d79-0129-4e4c-b1b8-23cd86a4f435/data?filter%5Bcondition%5D%5Bpath%5D=HCPCS_Cd&filter%5Bcondition%5D%5Boperator%5D=IN&filter%5Bcondition%5D%5Bvalue%5D%5B%5D=0001A&filter%5Bcondition%5D%5Bvalue%5D%5B%5D=36415&filter%5Bcondition%5D%5Bvalue%5D%5B%5D=45378&filter%5Bcondition%5D%5Bvalue%5D%5B%5D=66984&filter%5Bcondition%5D%5Bvalue%5D%5B%5D=77067&filter%5Bcondition%5D%5Bvalue%5D%5B%5D=90739&filter%5Bcondition%5D%5Bvalue%5D%5B%5D=94010&filter%5Bcondition%5D%5Bvalue%5D%5B%5D=97110&filter%5Bcondition%5D%5Bvalue%5D%5B%5D=99201&filter%5Bcondition%5D%5Bvalue%5D%5B%5D=99213&filter%5Bcondition%5D%5Bvalue%5D%5B%5D=99441&filter%5Bcondition%5D%5Bvalue%5D%5B%5D=G0121&filter%5Bcondition%5D%5Bvalue%5D%5B%5D=G2211&size=5000,jina_reader,18af3867f5adc6b03d99e0c51fa179586e7e68f8e9437a68778ddec9a647c0f7,https://catalog.data.gov/dataset/medicare-physician-other-practitioners-by-geography-and-service
2024,77067,2020 screening candidate pool,complete,6050448,2,F|O,Screening mammography,6fea9d79-0129-4e4c-b1b8-23cd86a4f435,http://data.cms.gov/data-api/v1/dataset/6fea9d79-0129-4e4c-b1b8-23cd86a4f435/data?filter%5Bcondition%5D%5Bpath%5D=HCPCS_Cd&filter%5Bcondition%5D%5Boperator%5D=IN&filter%5Bcondition%5D%5Bvalue%5D%5B%5D=0001A&filter%5Bcondition%5D%5Bvalue%5D%5B%5D=36415&filter%5Bcondition%5D%5Bvalue%5D%5B%5D=45378&filter%5Bcondition%5D%5Bvalue%5D%5B%5D=66984&filter%5Bcondition%5D%5Bvalue%5D%5B%5D=77067&filter%5Bcondition%5D%5Bvalue%5D%5B%5D=90739&filter%5Bcondition%5D%5Bvalue%5D%5B%5D=94010&filter%5Bcondition%5D%5Bvalue%5D%5B%5D=97110&filter%5Bcondition%5D%5Bvalue%5D%5B%5D=99201&filter%5Bcondition%5D%5Bvalue%5D%5B%5D=99213&filter%5Bcondition%5D%5Bvalue%5D%5B%5D=99441&filter%5Bcondition%5D%5Bvalue%5D%5B%5D=G0121&filter%5Bcondition%5D%5Bvalue%5D%5B%5D=G2211&size=5000,jina_reader,18af3867f5adc6b03d99e0c51fa179586e7e68f8e9437a68778ddec9a647c0f7,https://catalog.data.gov/dataset/medicare-physician-other-practitioners-by-geography-and-service
2024,90739,previous negative case,complete,18999,2,F|O,"Hepatitis b vaccine (hepb), cpg-adjuvanted, adult dosage, 2 dose or 4 dose schedule, for intramuscular use",6fea9d79-0129-4e4c-b1b8-23cd86a4f435,http://data.cms.gov/data-api/v1/dataset/6fea9d79-0129-4e4c-b1b8-23cd86a4f435/data?filter%5Bcondition%5D%5Bpath%5D=HCPCS_Cd&filter%5Bcondition%5D%5Boperator%5D=IN&filter%5Bcondition%5D%5Bvalue%5D%5B%5D=0001A&filter%5Bcondition%5D%5Bvalue%5D%5B%5D=36415&filter%5Bcondition%5D%5Bvalue%5D%5B%5D=45378&filter%5Bcondition%5D%5Bvalue%5D%5B%5D=66984&filter%5Bcondition%5D%5Bvalue%5D%5B%5D=77067&filter%5Bcondition%5D%5Bvalue%5D%5B%5D=90739&filter%5Bcondition%5D%5Bvalue%5D%5B%5D=94010&filter%5Bcondition%5D%5Bvalue%5D%5B%5D=97110&filter%5Bcondition%5D%5Bvalue%5D%5B%5D=99201&filter%5Bcondition%5D%5Bvalue%5D%5B%5D=99213&filter%5Bcondition%5D%5Bvalue%5D%5B%5D=99441&filter%5Bcondition%5D%5Bvalue%5D%5B%5D=G0121&filter%5Bcondition%5D%5Bvalue%5D%5B%5D=G2211&size=5000,jina_reader,18af3867f5adc6b03d99e0c51fa179586e7e68f8e9437a68778ddec9a647c0f7,https://catalog.data.gov/dataset/medicare-physician-other-practitioners-by-geography-and-service
2024,94010,2020 respiratory-procedure candidate pool,complete,819100,2,F|O,Test to measure expiratory airflow and volume,6fea9d79-0129-4e4c-b1b8-23cd86a4f435,http://data.cms.gov/data-api/v1/dataset/6fea9d79-0129-4e4c-b1b8-23cd86a4f435/data?filter%5Bcondition%5D%5Bpath%5D=HCPCS_Cd&filter%5Bcondition%5D%5Boperator%5D=IN&filter%5Bcondition%5D%5Bvalue%5D%5B%5D=0001A&filter%5Bcondition%5D%5Bvalue%5D%5B%5D=36415&filter%5Bcondition%5D%5Bvalue%5D%5B%5D=45378&filter%5Bcondition%5D%5Bvalue%5D%5B%5D=66984&filter%5Bcondition%5D%5Bvalue%5D%5B%5D=77067&filter%5Bcondition%5D%5Bvalue%5D%5B%5D=90739&filter%5Bcondition%5D%5Bvalue%5D%5B%5D=94010&filter%5Bcondition%5D%5Bvalue%5D%5B%5D=97110&filter%5Bcondition%5D%5Bvalue%5D%5B%5D=99201&filter%5Bcondition%5D%5Bvalue%5D%5B%5D=99213&filter%5Bcondition%5D%5Bvalue%5D%5B%5D=99441&filter%5Bcondition%5D%5Bvalue%5D%5B%5D=G0121&filter%5Bcondition%5D%5Bvalue%5D%5B%5D=G2211&size=5000,jina_reader,18af3867f5adc6b03d99e0c51fa179586e7e68f8e9437a68778ddec9a647c0f7,https://catalog.data.gov/dataset/medicare-physician-other-practitioners-by-geography-and-service
2024,97110,2020 rehabilitation candidate pool,complete,64224019.2,2,F|O,"Therapy procedure using exercise to develop strength, endurance, range of motion, and flexibility, each 15 minutes",6fea9d79-0129-4e4c-b1b8-23cd86a4f435,http://data.cms.gov/data-api/v1/dataset/6fea9d79-0129-4e4c-b1b8-23cd86a4f435/data?filter%5Bcondition%5D%5Bpath%5D=HCPCS_Cd&filter%5Bcondition%5D%5Boperator%5D=IN&filter%5Bcondition%5D%5Bvalue%5D%5B%5D=0001A&filter%5Bcondition%5D%5Bvalue%5D%5B%5D=36415&filter%5Bcondition%5D%5Bvalue%5D%5B%5D=45378&filter%5Bcondition%5D%5Bvalue%5D%5B%5D=66984&filter%5Bcondition%5D%5Bvalue%5D%5B%5D=77067&filter%5Bcondition%5D%5Bvalue%5D%5B%5D=90739&filter%5Bcondition%5D%5Bvalue%5D%5B%5D=94010&filter%5Bcondition%5D%5Bvalue%5D%5B%5D=97110&filter%5Bcondition%5D%5Bvalue%5D%5B%5D=99201&filter%5Bcondition%5D%5Bvalue%5D%5B%5D=99213&filter%5Bcondition%5D%5Bvalue%5D%5B%5D=99441&filter%5Bcondition%5D%5Bvalue%5D%5B%5D=G0121&filter%5Bcondition%5D%5Bvalue%5D%5B%5D=G2211&size=5000,jina_reader,18af3867f5adc6b03d99e0c51fa179586e7e68f8e9437a68778ddec9a647c0f7,https://catalog.data.gov/dataset/medicare-physician-other-practitioners-by-geography-and-service
2024,99201,retired-code lifecycle case,not_published,,0,,,6fea9d79-0129-4e4c-b1b8-23cd86a4f435,http://data.cms.gov/data-api/v1/dataset/6fea9d79-0129-4e4c-b1b8-23cd86a4f435/data?filter%5Bcondition%5D%5Bpath%5D=HCPCS_Cd&filter%5Bcondition%5D%5Boperator%5D=IN&filter%5Bcondition%5D%5Bvalue%5D%5B%5D=0001A&filter%5Bcondition%5D%5Bvalue%5D%5B%5D=36415&filter%5Bcondition%5D%5Bvalue%5D%5B%5D=45378&filter%5Bcondition%5D%5Bvalue%5D%5B%5D=66984&filter%5Bcondition%5D%5Bvalue%5D%5B%5D=77067&filter%5Bcondition%5D%5Bvalue%5D%5B%5D=90739&filter%5Bcondition%5D%5Bvalue%5D%5B%5D=94010&filter%5Bcondition%5D%5Bvalue%5D%5B%5D=97110&filter%5Bcondition%5D%5Bvalue%5D%5B%5D=99201&filter%5Bcondition%5D%5Bvalue%5D%5B%5D=99213&filter%5Bcondition%5D%5Bvalue%5D%5B%5D=99441&filter%5Bcondition%5D%5Bvalue%5D%5B%5D=G0121&filter%5Bcondition%5D%5Bvalue%5D%5B%5D=G2211&size=5000,jina_reader,18af3867f5adc6b03d99e0c51fa179586e7e68f8e9437a68778ddec9a647c0f7,https://catalog.data.gov/dataset/medicare-physician-other-practitioners-by-geography-and-service
2024,99213,mature high-volume E/M control,complete,69283490.1,2,F|O,"Established patient office or other outpatient visit with low level od decision making, if using time, 20 minutes or more",6fea9d79-0129-4e4c-b1b8-23cd86a4f435,http://data.cms.gov/data-api/v1/dataset/6fea9d79-0129-4e4c-b1b8-23cd86a4f435/data?filter%5Bcondition%5D%5Bpath%5D=HCPCS_Cd&filter%5Bcondition%5D%5Boperator%5D=IN&filter%5Bcondition%5D%5Bvalue%5D%5B%5D=0001A&filter%5Bcondition%5D%5Bvalue%5D%5B%5D=36415&filter%5Bcondition%5D%5Bvalue%5D%5B%5D=45378&filter%5Bcondition%5D%5Bvalue%5D%5B%5D=66984&filter%5Bcondition%5D%5Bvalue%5D%5B%5D=77067&filter%5Bcondition%5D%5Bvalue%5D%5B%5D=90739&filter%5Bcondition%5D%5Bvalue%5D%5B%5D=94010&filter%5Bcondition%5D%5Bvalue%5D%5B%5D=97110&filter%5Bcondition%5D%5Bvalue%5D%5B%5D=99201&filter%5Bcondition%5D%5Bvalue%5D%5B%5D=99213&filter%5Bcondition%5D%5Bvalue%5D%5B%5D=99441&filter%5Bcondition%5D%5Bvalue%5D%5B%5D=G0121&filter%5Bcondition%5D%5Bvalue%5D%5B%5D=G2211&size=5000,jina_reader,18af3867f5adc6b03d99e0c51fa179586e7e68f8e9437a68778ddec9a647c0f7,https://catalog.data.gov/dataset/medicare-physician-other-practitioners-by-geography-and-service
2024,99441,known 2020 policy/PHE shock case,complete,609109,2,F|O,"Telephone medical discussion with physician, 5-10 minutes",6fea9d79-0129-4e4c-b1b8-23cd86a4f435,http://data.cms.gov/data-api/v1/dataset/6fea9d79-0129-4e4c-b1b8-23cd86a4f435/data?filter%5Bcondition%5D%5Bpath%5D=HCPCS_Cd&filter%5Bcondition%5D%5Boperator%5D=IN&filter%5Bcondition%5D%5Bvalue%5D%5B%5D=0001A&filter%5Bcondition%5D%5Bvalue%5D%5B%5D=36415&filter%5Bcondition%5D%5Bvalue%5D%5B%5D=45378&filter%5Bcondition%5D%5Bvalue%5D%5B%5D=66984&filter%5Bcondition%5D%5Bvalue%5D%5B%5D=77067&filter%5Bcondition%5D%5Bvalue%5D%5B%5D=90739&filter%5Bcondition%5D%5Bvalue%5D%5B%5D=94010&filter%5Bcondition%5D%5Bvalue%5D%5B%5D=97110&filter%5Bcondition%5D%5Bvalue%5D%5B%5D=99201&filter%5Bcondition%5D%5Bvalue%5D%5B%5D=99213&filter%5Bcondition%5D%5Bvalue%5D%5B%5D=99441&filter%5Bcondition%5D%5Bvalue%5D%5B%5D=G0121&filter%5Bcondition%5D%5Bvalue%5D%5B%5D=G2211&size=5000,jina_reader,18af3867f5adc6b03d99e0c51fa179586e7e68f8e9437a68778ddec9a647c0f7,https://catalog.data.gov/dataset/medicare-physician-other-practitioners-by-geography-and-service
2024,G0121,2020 screening candidate pool,complete,301611,2,F|O,Colorectal cancer screening; colonoscopy on individual not meeting criteria for high risk,6fea9d79-0129-4e4c-b1b8-23cd86a4f435,http://data.cms.gov/data-api/v1/dataset/6fea9d79-0129-4e4c-b1b8-23cd86a4f435/data?filter%5Bcondition%5D%5Bpath%5D=HCPCS_Cd&filter%5Bcondition%5D%5Boperator%5D=IN&filter%5Bcondition%5D%5Bvalue%5D%5B%5D=0001A&filter%5Bcondition%5D%5Bvalue%5D%5B%5D=36415&filter%5Bcondition%5D%5Bvalue%5D%5B%5D=45378&filter%5Bcondition%5D%5Bvalue%5D%5B%5D=66984&filter%5Bcondition%5D%5Bvalue%5D%5B%5D=77067&filter%5Bcondition%5D%5Bvalue%5D%5B%5D=90739&filter%5Bcondition%5D%5Bvalue%5D%5B%5D=94010&filter%5Bcondition%5D%5Bvalue%5D%5B%5D=97110&filter%5Bcondition%5D%5Bvalue%5D%5B%5D=99201&filter%5Bcondition%5D%5Bvalue%5D%5B%5D=99213&filter%5Bcondition%5D%5Bvalue%5D%5B%5D=99441&filter%5Bcondition%5D%5Bvalue%5D%5B%5D=G0121&filter%5Bcondition%5D%5Bvalue%5D%5B%5D=G2211&size=5000,jina_reader,18af3867f5adc6b03d99e0c51fa179586e7e68f8e9437a68778ddec9a647c0f7,https://catalog.data.gov/dataset/medicare-physician-other-practitioners-by-geography-and-service
2024,G2211,known 2024 implementation case,complete,24966114.1,2,F|O,Visit complexity inherent to evaluation and management associated with medical care services that serve as the continuing focal point for all needed health care services and/or with medical care services that are part of ongoing care related to a patient's,6fea9d79-0129-4e4c-b1b8-23cd86a4f435,http://data.cms.gov/data-api/v1/dataset/6fea9d79-0129-4e4c-b1b8-23cd86a4f435/data?filter%5Bcondition%5D%5Bpath%5D=HCPCS_Cd&filter%5Bcondition%5D%5Boperator%5D=IN&filter%5Bcondition%5D%5Bvalue%5D%5B%5D=0001A&filter%5Bcondition%5D%5Bvalue%5D%5B%5D=36415&filter%5Bcondition%5D%5Bvalue%5D%5B%5D=45378&filter%5Bcondition%5D%5Bvalue%5D%5B%5D=66984&filter%5Bcondition%5D%5Bvalue%5D%5B%5D=77067&filter%5Bcondition%5D%5Bvalue%5D%5B%5D=90739&filter%5Bcondition%5D%5Bvalue%5D%5B%5D=94010&filter%5Bcondition%5D%5Bvalue%5D%5B%5D=97110&filter%5Bcondition%5D%5Bvalue%5D%5B%5D=99201&filter%5Bcondition%5D%5Bvalue%5D%5B%5D=99213&filter%5Bcondition%5D%5Bvalue%5D%5B%5D=99441&filter%5Bcondition%5D%5Bvalue%5D%5B%5D=G0121&filter%5Bcondition%5D%5Bvalue%5D%5B%5D=G2211&size=5000,jina_reader,18af3867f5adc6b03d99e0c51fa179586e7e68f8e9437a68778ddec9a647c0f7,https://catalog.data.gov/dataset/medicare-physician-other-practitioners-by-geography-and-service
